v_node,cycle,phase,pulse,segment,E_gate_J,E_drain_J,E_total_J,last_drain_ID_A,n_samples
1.950,1,fire,1,rise,2.657293e-16,7.473618e-16,1.013091e-15,2.579155e-05,30
1.950,1,fire,1,write,3.472989e-15,1.298056e-13,1.332785e-13,2.597020e-05,11
1.950,1,fire,1,fall,4.932409e-22,1.297211e-15,1.297212e-15,2.597020e-05,30
1.950,1,fire,2,rise,4.981621e-22,1.297212e-15,1.297212e-15,2.597021e-05,30
1.950,1,fire,2,write,7.459703e-20,1.298527e-13,1.298527e-13,2.597094e-05,11
1.950,1,fire,2,fall,9.899731e-22,1.297249e-15,1.297250e-15,2.597095e-05,30
1.950,1,fire,3,rise,9.947785e-22,1.297249e-15,1.297250e-15,2.597096e-05,30
1.950,1,fire,3,write,1.239792e-19,1.298576e-13,1.298578e-13,2.597218e-05,11
1.950,1,fire,3,fall,1.517043e-21,1.297311e-15,1.297312e-15,2.597219e-05,30
1.950,1,fire,4,rise,1.525040e-21,1.297311e-15,1.297313e-15,2.597220e-05,30
1.950,1,fire,4,write,1.986490e-19,1.298655e-13,1.298657e-13,2.597415e-05,11
1.950,1,fire,4,fall,2.476938e-21,1.297409e-15,1.297412e-15,2.597418e-05,30
1.950,1,fire,5,rise,2.487233e-21,1.297411e-15,1.297413e-15,2.597420e-05,30
1.950,1,fire,5,write,3.013370e-19,1.298779e-13,1.298782e-13,2.597712e-05,11
1.950,1,fire,5,fall,3.526031e-21,1.297558e-15,1.297562e-15,2.597716e-05,30
1.950,1,fire,6,rise,3.536076e-21,1.297560e-15,1.297563e-15,2.597719e-05,30
1.950,1,fire,6,write,4.037896e-19,1.298953e-13,1.298957e-13,2.598108e-05,11
1.950,1,fire,6,fall,4.519746e-21,1.297756e-15,1.297760e-15,2.598112e-05,30
1.950,1,fire,7,rise,4.529178e-21,1.297758e-15,1.297763e-15,2.598116e-05,30
1.950,1,fire,7,write,5.000453e-19,1.299174e-13,1.299179e-13,2.598594e-05,11
1.950,1,fire,7,fall,5.448801e-21,1.297999e-15,1.298005e-15,2.598599e-05,30
1.950,1,fire,8,rise,5.457581e-21,1.298002e-15,1.298007e-15,2.598605e-05,30
1.950,1,fire,8,write,5.896545e-19,1.299439e-13,1.299445e-13,2.599165e-05,11
1.950,1,fire,8,fall,6.310052e-21,1.298285e-15,1.298291e-15,2.599171e-05,30
1.950,1,fire,9,rise,6.318157e-21,1.298288e-15,1.298294e-15,2.599177e-05,30
1.950,1,fire,9,write,6.723812e-19,1.299745e-13,1.299752e-13,2.599814e-05,11
1.950,1,fire,9,fall,-2.671922e-16,7.655905e-16,4.983983e-16,2.969731e-08,30
1.950,1,burst_read,0,burst_read,7.439410e-17,3.710915e-18,7.810501e-17,-2.468527e-13,21
1.950,1,erase,0,rise,3.646950e-16,2.915333e-18,3.676104e-16,5.039863e-09,30
1.950,1,erase,0,hold,1.148591e-14,4.804861e-17,1.153396e-14,1.464067e-11,41
1.950,1,erase,0,fall,-1.593631e-15,4.135417e-19,-1.593217e-15,1.073197e-08,32
1.950,1,relax,0,hold,-1.981237e-14,2.664474e-16,-1.954592e-14,-3.577860e-14,71
1.950,2,fire,1,rise,2.496590e-16,5.073546e-16,7.570136e-16,2.404084e-05,30
1.950,2,fire,1,write,3.443526e-15,1.210459e-13,1.244894e-13,2.421826e-05,11
1.950,2,fire,1,fall,4.225523e-22,1.209702e-15,1.209703e-15,2.421827e-05,30
1.950,2,fire,2,rise,4.264860e-22,1.209703e-15,1.209703e-15,2.421828e-05,30
1.950,2,fire,2,write,6.227623e-20,1.210936e-13,1.210937e-13,2.421928e-05,11
1.950,2,fire,2,fall,8.143633e-22,1.209753e-15,1.209754e-15,2.421929e-05,30
1.950,2,fire,3,rise,8.181074e-22,1.209754e-15,1.209755e-15,2.421931e-05,30
1.950,2,fire,3,write,1.005239e-19,1.211003e-13,1.211004e-13,2.422091e-05,11
1.950,2,fire,3,fall,1.189418e-21,1.209835e-15,1.209836e-15,2.422093e-05,30
1.950,2,fire,4,rise,1.193333e-21,1.209836e-15,1.209837e-15,2.422095e-05,30
1.950,2,fire,4,write,1.534062e-19,1.211102e-13,1.211103e-13,2.422333e-05,11
1.950,2,fire,4,fall,2.078712e-21,1.209956e-15,1.209958e-15,2.422336e-05,30
1.950,2,fire,5,rise,2.091225e-21,1.209958e-15,1.209960e-15,2.422339e-05,30
1.950,2,fire,5,write,2.712612e-19,1.211263e-13,1.211265e-13,2.422738e-05,11
1.950,2,fire,5,fall,3.314280e-21,1.210159e-15,1.210162e-15,2.422742e-05,30
1.950,2,fire,6,rise,3.326001e-21,1.210161e-15,1.210164e-15,2.422747e-05,30
1.950,2,fire,6,write,3.908590e-19,1.211507e-13,1.211511e-13,2.423305e-05,11
1.950,2,fire,6,fall,4.468126e-21,1.210442e-15,1.210447e-15,2.423311e-05,30
1.950,2,fire,7,rise,4.479020e-21,1.210445e-15,1.210450e-15,2.423317e-05,30
1.950,2,fire,7,write,5.094772e-19,1.211830e-13,1.211835e-13,2.424038e-05,11
1.950,2,fire,7,fall,5.843518e-21,1.210809e-15,1.210815e-15,2.424046e-05,30
1.950,2,fire,8,rise,5.860450e-21,1.210813e-15,1.210819e-15,2.424054e-05,30
1.950,2,fire,8,write,6.711064e-19,1.212260e-13,1.212266e-13,2.425028e-05,11
1.950,2,fire,8,fall,7.520426e-21,1.211304e-15,1.211312e-15,2.425039e-05,30
1.950,2,fire,9,rise,7.536102e-21,1.211310e-15,1.211317e-15,2.425050e-05,30
1.950,2,fire,9,write,8.315242e-19,1.212821e-13,1.212830e-13,2.426275e-05,11
1.950,2,fire,9,fall,-2.483587e-16,5.156004e-16,2.672417e-16,2.894654e-08,30
1.950,2,burst_read,0,burst_read,7.242374e-17,3.616415e-18,7.604015e-17,-3.839598e-13,21
1.950,2,erase,0,rise,3.561271e-16,2.845693e-18,3.589728e-16,4.957784e-09,30
1.950,2,erase,0,hold,1.145672e-14,4.797669e-17,1.150470e-14,1.276628e-11,41
1.950,2,erase,0,fall,-1.617113e-15,3.315111e-19,-1.616781e-15,1.006547e-08,31
1.950,2,relax,0,hold,-1.991069e-14,2.490743e-16,-1.966162e-14,-3.425312e-14,71
1.950,3,fire,1,rise,2.511962e-16,5.298036e-16,7.809998e-16,2.422852e-05,30
1.950,3,fire,1,write,2.178132e-20,1.098263e-13,1.098264e-13,2.440607e-05,10
1.950,3,fire,1,fall,4.298268e-22,1.219084e-15,1.219084e-15,2.440608e-05,30
1.950,3,fire,2,rise,4.338242e-22,1.219084e-15,1.219084e-15,2.440609e-05,30
1.950,3,fire,2,write,5.772657e-20,1.098294e-13,1.098295e-13,2.440702e-05,10
1.950,3,fire,2,fall,8.284311e-22,1.219133e-15,1.219134e-15,2.440707e-05,30
1.950,3,fire,3,rise,8.322445e-22,1.219134e-15,1.219134e-15,2.440709e-05,30
1.950,3,fire,3,write,9.204630e-20,1.098352e-13,1.098352e-13,2.440855e-05,10
1.950,3,fire,3,fall,1.206921e-21,1.219212e-15,1.219213e-15,2.440866e-05,30
1.950,3,fire,4,rise,1.210525e-21,1.219213e-15,1.219214e-15,2.440868e-05,30
1.950,3,fire,4,write,1.245210e-19,1.098434e-13,1.098435e-13,2.441062e-05,10
1.950,3,fire,4,fall,1.563132e-21,1.219319e-15,1.219321e-15,2.441080e-05,30
1.950,3,fire,5,rise,1.566509e-21,1.219320e-15,1.219322e-15,2.441083e-05,30
1.950,3,fire,5,write,1.554259e-19,1.098539e-13,1.098541e-13,2.441319e-05,10
1.950,3,fire,5,fall,1.939582e-20,1.219459e-14,1.219461e-14,2.441374e-05,30
1.950,3,fire,6,rise,1.962333e-21,1.219467e-15,1.219469e-15,2.441377e-05,30
1.950,3,fire,6,write,1.980056e-19,1.098683e-13,1.098685e-13,2.441669e-05,10
1.950,3,fire,6,fall,2.641783e-21,1.219633e-15,1.219636e-15,2.441711e-05,30
1.950,3,fire,7,rise,2.651827e-21,1.219635e-15,1.219638e-15,2.441714e-05,30
1.950,3,fire,7,write,2.505946e-19,9.767666e-14,9.767691e-14,2.442101e-05,9
1.950,3,fire,7,fall,3.633392e-21,1.219861e-15,1.219864e-15,2.442166e-05,30
1.950,3,fire,8,rise,3.642924e-21,1.219863e-15,1.219867e-15,2.442171e-05,30
1.950,3,fire,8,write,3.281079e-19,9.769686e-14,9.769719e-14,2.442655e-05,9
1.950,3,fire,8,fall,4.738969e-21,1.220153e-15,1.220158e-15,2.442752e-05,30
1.950,3,fire,9,rise,4.753144e-21,1.220156e-15,1.220161e-15,2.442759e-05,30
1.950,3,fire,9,write,4.301316e-19,9.772302e-14,9.772345e-14,2.443388e-05,9
1.950,3,fire,9,fall,-2.507647e-16,5.363820e-16,2.856173e-16,2.899065e-08,30
1.950,3,burst_read,0,burst_read,-2.301504e-20,-1.140681e-21,-2.415572e-20,-2.802640e-13,17
1.950,3,erase,0,rise,3.567449e-16,2.850676e-18,3.595955e-16,4.962131e-09,30
1.950,3,erase,0,hold,3.927998e-15,1.661847e-17,3.944617e-15,1.285370e-11,40
1.950,3,erase,0,fall,-1.615405e-15,3.302137e-19,-1.615074e-15,1.007376e-08,31
1.950,3,relax,0,hold,-5.311753e-17,-2.206755e-18,-5.532428e-17,-3.427647e-14,70
1.950,4,fire,1,rise,2.511586e-16,5.292186e-16,7.803772e-16,2.422347e-05,30
1.950,4,fire,1,write,1.544459e-20,9.760303e-14,9.760305e-14,2.440091e-05,9
1.950,4,fire,1,fall,4.476722e-21,1.218833e-14,1.218833e-14,2.440109e-05,30
1.950,4,fire,2,rise,4.695673e-22,1.218835e-15,1.218835e-15,2.440110e-05,30
1.950,4,fire,2,write,5.067799e-20,9.760586e-14,9.760591e-14,2.440188e-05,9
1.950,4,fire,2,fall,8.623675e-22,1.218886e-15,1.218887e-15,2.440214e-05,30
1.950,4,fire,3,rise,8.661618e-22,1.218887e-15,1.218888e-15,2.440215e-05,30
1.950,4,fire,3,write,7.236400e-20,8.540980e-14,8.540987e-14,2.440337e-05,8
1.950,4,fire,3,fall,1.238800e-21,1.218968e-15,1.218969e-15,2.440378e-05,30
1.950,4,fire,4,rise,1.242383e-21,1.218969e-15,1.218970e-15,2.440379e-05,30
1.950,4,fire,4,write,9.756850e-20,8.541626e-14,8.541636e-14,2.440541e-05,8
1.950,4,fire,4,fall,1.592891e-21,1.219078e-15,1.219079e-15,2.440597e-05,30
1.950,4,fire,5,rise,1.596271e-21,1.219079e-15,1.219080e-15,2.440599e-05,30
1.950,4,fire,5,write,1.216201e-19,8.542454e-14,8.542467e-14,2.440795e-05,8
1.950,4,fire,5,fall,1.964026e-21,1.219214e-15,1.219216e-15,2.440870e-05,30
1.950,4,fire,6,rise,1.968258e-21,1.219215e-15,1.219217e-15,2.440873e-05,30
1.950,4,fire,6,write,1.515016e-19,8.543466e-14,8.543481e-14,2.441106e-05,8
1.950,4,fire,6,fall,2.732112e-20,1.219392e-14,1.219395e-14,2.441245e-05,30
1.950,4,fire,7,rise,2.787051e-21,1.219403e-15,1.219406e-15,2.441249e-05,30
1.950,4,fire,7,write,2.211117e-19,8.544930e-14,8.544952e-14,2.441570e-05,8
1.950,4,fire,7,fall,3.766627e-21,1.219637e-15,1.219640e-15,2.441717e-05,30
1.950,4,fire,8,rise,3.776162e-21,1.219639e-15,1.219643e-15,2.441723e-05,30
1.950,4,fire,8,write,2.892150e-19,8.546710e-14,8.546739e-14,2.442123e-05,8
1.950,4,fire,8,fall,4.947796e-21,1.219941e-15,1.219946e-15,2.442327e-05,30
1.950,4,fire,9,rise,4.961896e-21,1.219944e-15,1.219949e-15,2.442334e-05,30
1.950,4,fire,9,write,3.299737e-19,7.327847e-14,7.327880e-14,2.442853e-05,7
1.950,4,fire,9,fall,-2.507102e-16,5.359086e-16,2.851984e-16,2.898973e-08,30
1.950,4,burst_read,0,burst_read,-1.928981e-20,-9.561972e-22,-2.024600e-20,-2.901747e-13,14
1.950,4,erase,0,rise,3.567329e-16,2.850579e-18,3.595835e-16,4.962046e-09,30
1.950,4,erase,0,hold,3.938176e-15,1.666071e-17,3.954837e-15,1.289051e-11,40
1.950,4,erase,0,fall,-1.615359e-15,3.303601e-19,-1.615029e-15,1.007530e-08,31
1.950,4,relax,0,hold,-5.345847e-17,-2.242454e-18,-5.570092e-17,-3.430448e-14,70
1.950,5,fire,1,rise,2.511487e-16,5.290752e-16,7.802238e-16,2.422228e-05,30
1.950,5,fire,1,write,1.011801e-20,7.319863e-14,7.319864e-14,2.439964e-05,7
1.950,5,fire,1,fall,4.296347e-22,1.218772e-15,1.218772e-15,2.439984e-05,30
1.950,5,fire,2,rise,4.336302e-22,1.218772e-15,1.218773e-15,2.439985e-05,30
1.950,5,fire,2,write,3.424970e-20,7.320037e-14,7.320040e-14,2.440040e-05,7
1.950,5,fire,2,fall,8.451994e-21,1.218824e-14,1.218825e-14,2.440095e-05,30
1.950,5,fire,3,rise,8.660627e-22,1.218828e-15,1.218829e-15,2.440096e-05,30
1.950,5,fire,3,write,5.956925e-20,7.320432e-14,7.320438e-14,2.440191e-05,7
1.950,5,fire,3,fall,1.238653e-21,1.218909e-15,1.218910e-15,2.440259e-05,30
1.950,5,fire,4,rise,1.242236e-21,1.218910e-15,1.218911e-15,2.440261e-05,30
1.950,5,fire,4,write,8.130981e-20,7.320968e-14,7.320976e-14,2.440386e-05,7
1.950,5,fire,4,fall,1.592706e-21,1.219018e-15,1.219020e-15,2.440478e-05,30
1.950,5,fire,5,rise,1.596086e-21,1.219020e-15,1.219021e-15,2.440481e-05,30
1.950,5,fire,5,write,8.580058e-20,6.101416e-14,6.101425e-14,2.440632e-05,6
1.950,5,fire,5,fall,1.964560e-21,1.219154e-15,1.219156e-15,2.440751e-05,30
1.950,5,fire,6,rise,1.968885e-21,1.219156e-15,1.219158e-15,2.440754e-05,30
1.950,5,fire,6,write,1.062615e-19,6.102130e-14,6.102141e-14,2.440932e-05,6
1.950,5,fire,6,fall,2.698117e-21,1.219324e-15,1.219327e-15,2.441092e-05,30
1.950,5,fire,7,rise,2.708171e-21,1.219326e-15,1.219329e-15,2.441096e-05,30
1.950,5,fire,7,write,1.506978e-19,6.103050e-14,6.103065e-14,2.441330e-05,6
1.950,5,fire,7,fall,3.735471e-20,1.219567e-14,1.219571e-14,2.441601e-05,30
1.950,5,fire,8,rise,3.787851e-21,1.219581e-15,1.219585e-15,2.441607e-05,30
1.950,5,fire,8,write,2.039763e-19,6.104416e-14,6.104436e-14,2.441910e-05,6
1.950,5,fire,8,fall,4.966394e-21,1.219884e-15,1.219889e-15,2.442213e-05,30
1.950,5,fire,9,rise,4.980501e-21,1.219887e-15,1.219892e-15,2.442220e-05,30
1.950,5,fire,9,write,2.683987e-19,6.106044e-14,6.106071e-14,2.442610e-05,6
1.950,5,fire,9,fall,-2.506949e-16,5.357727e-16,2.850778e-16,2.898950e-08,30
1.950,5,burst_read,0,burst_read,-1.492129e-20,-7.396538e-22,-1.566095e-20,-2.927489e-13,11
1.950,5,erase,0,rise,3.567295e-16,2.850552e-18,3.595800e-16,4.962021e-09,30
1.950,5,erase,0,hold,3.948607e-15,1.670405e-17,3.965311e-15,1.292460e-11,40
1.950,5,erase,0,fall,-1.615381e-15,3.303842e-19,-1.615051e-15,1.007521e-08,31
1.950,5,relax,0,hold,-5.377928e-17,-2.274773e-18,-5.605405e-17,-3.431994e-14,70
1.950,6,fire,1,rise,2.511433e-16,5.289931e-16,7.801364e-16,2.422160e-05,30
1.950,6,fire,1,write,3.446485e-15,6.095277e-14,6.439926e-14,2.439889e-05,6
1.950,6,fire,1,fall,4.296072e-22,1.218738e-15,1.218738e-15,2.439916e-05,30
1.950,6,fire,2,rise,4.336025e-22,1.218738e-15,1.218738e-15,2.439916e-05,30
1.950,6,fire,2,write,2.189051e-20,4.879876e-14,4.879878e-14,2.439956e-05,5
1.950,6,fire,2,fall,8.279886e-22,1.218787e-15,1.218788e-15,2.440015e-05,30
1.950,6,fire,3,rise,8.317997e-22,1.218788e-15,1.218789e-15,2.440016e-05,30
1.950,6,fire,3,write,3.731996e-20,4.880103e-14,4.880107e-14,2.440081e-05,5
1.950,6,fire,3,fall,1.222462e-20,1.218870e-14,1.218872e-14,2.440190e-05,30
1.950,6,fire,4,rise,1.242158e-21,1.218875e-15,1.218877e-15,2.440192e-05,30
1.950,6,fire,4,write,5.336592e-20,4.880483e-14,4.880488e-14,2.440283e-05,5
1.950,6,fire,4,fall,1.592608e-21,1.218984e-15,1.218986e-15,2.440410e-05,30
1.950,6,fire,5,rise,1.595988e-21,1.218985e-15,1.218987e-15,2.440412e-05,30
1.950,6,fire,5,write,6.711261e-20,4.880939e-14,4.880946e-14,2.440521e-05,5
1.950,6,fire,5,fall,1.964903e-21,1.219120e-15,1.219122e-15,2.440682e-05,30
1.950,6,fire,6,rise,1.969263e-21,1.219122e-15,1.219124e-15,2.440685e-05,30
1.950,6,fire,6,write,8.279414e-20,4.881498e-14,4.881506e-14,2.440811e-05,5
1.950,6,fire,6,fall,2.704638e-21,1.219290e-15,1.219293e-15,2.441024e-05,30
1.950,6,fire,7,rise,2.714693e-21,1.219292e-15,1.219295e-15,2.441028e-05,30
1.950,6,fire,7,write,8.885415e-20,3.661689e-14,3.661698e-14,2.441190e-05,4
1.950,6,fire,7,fall,3.698856e-21,1.219522e-15,1.219525e-15,2.441487e-05,30
1.950,6,fire,8,rise,3.708430e-21,1.219524e-15,1.219528e-15,2.441493e-05,30
1.950,6,fire,8,write,1.178799e-19,3.662415e-14,3.662427e-14,2.441693e-05,4
1.950,6,fire,8,fall,4.913661e-20,1.219835e-14,1.219840e-14,2.442147e-05,30
1.950,6,fire,9,rise,4.991223e-21,1.219854e-15,1.219859e-15,2.442154e-05,30
1.950,6,fire,9,write,1.589025e-19,3.663459e-14,3.663475e-14,2.442419e-05,4
1.950,6,fire,9,fall,-2.506859e-16,5.356939e-16,2.850079e-16,2.898939e-08,30
1.950,6,burst_read,0,burst_read,7.255998e-17,3.623191e-18,7.618317e-17,-2.950527e-13,8
1.950,6,erase,0,rise,3.567278e-16,2.850538e-18,3.595783e-16,4.962009e-09,30
1.950,6,erase,0,hold,3.959237e-15,1.674819e-17,3.975985e-15,1.295887e-11,40
1.950,6,erase,0,fall,-1.629590e-15,3.783452e-19,-1.629211e-15,1.007518e-08,31
1.950,6,relax,0,hold,-5.404751e-17,-2.302010e-18,-5.634952e-17,-3.433902e-14,70
1.950,7,fire,1,rise,2.511367e-16,5.288952e-16,7.800319e-16,2.422077e-05,30
1.950,7,fire,1,write,2.970324e-21,3.659698e-14,3.659698e-14,2.439802e-05,4
1.950,7,fire,1,fall,4.302494e-22,1.218696e-15,1.218697e-15,2.439833e-05,30
1.950,7,fire,2,rise,4.342510e-22,1.218697e-15,1.218697e-15,2.439834e-05,30
1.950,7,fire,2,write,1.513382e-20,3.659769e-14,3.659771e-14,2.439858e-05,4
1.950,7,fire,2,fall,8.292525e-22,1.218746e-15,1.218747e-15,2.439932e-05,30
1.950,7,fire,3,rise,8.330696e-22,1.218746e-15,1.218747e-15,2.439934e-05,30
1.950,7,fire,3,write,2.678576e-20,3.659930e-14,3.659933e-14,2.439974e-05,4
1.950,7,fire,3,fall,1.208087e-21,1.218825e-15,1.218826e-15,2.440091e-05,30
1.950,7,fire,4,rise,1.211694e-21,1.218826e-15,1.218827e-15,2.440093e-05,30
1.950,7,fire,4,write,2.558846e-20,2.440127e-14,2.440130e-14,2.440147e-05,3
1.950,7,fire,4,fall,1.579860e-20,1.218938e-14,1.218939e-14,2.440328e-05,30
1.950,7,fire,5,rise,1.598445e-21,1.218944e-15,1.218946e-15,2.440330e-05,30
1.950,7,fire,5,write,3.319742e-20,2.440372e-14,2.440376e-14,2.440397e-05,3
1.950,7,fire,5,fall,1.968458e-21,1.219079e-15,1.219081e-15,2.440601e-05,30
1.950,7,fire,6,rise,1.972848e-21,1.219081e-15,1.219083e-15,2.440604e-05,30
1.950,7,fire,6,write,4.088779e-20,2.440649e-14,2.440653e-14,2.440680e-05,3
1.950,7,fire,6,fall,2.715797e-21,1.219250e-15,1.219253e-15,2.440943e-05,30
1.950,7,fire,7,rise,2.725857e-21,1.219252e-15,1.219255e-15,2.440947e-05,30
1.950,7,fire,7,write,5.727531e-20,2.441000e-14,2.441005e-14,2.441041e-05,3
1.950,7,fire,7,fall,3.710184e-21,1.219482e-15,1.219486e-15,2.441409e-05,30
1.950,7,fire,8,rise,3.719737e-21,1.219485e-15,1.219489e-15,2.441414e-05,30
1.950,7,fire,8,write,7.667111e-20,2.441472e-14,2.441479e-14,2.441525e-05,3
1.950,7,fire,8,fall,4.864353e-21,1.219782e-15,1.219786e-15,2.442008e-05,30
1.950,7,fire,9,rise,4.878515e-21,1.219785e-15,1.219790e-15,2.442015e-05,30
1.950,7,fire,9,write,5.088300e-20,1.221056e-14,1.221061e-14,2.442148e-05,2
1.950,7,fire,9,fall,-2.506701e-16,5.302311e-15,5.051641e-15,2.898659e-09,30
1.950,7,burst_read,0,burst_read,-4.436913e-21,-2.199152e-22,-4.656828e-21,-2.922748e-13,4
1.950,7,erase,0,rise,3.567255e-16,2.850523e-18,3.595760e-16,4.961998e-09,30
1.950,7,erase,0,hold,3.970050e-15,1.679309e-17,3.986843e-15,1.299008e-11,40
1.950,7,erase,0,fall,-1.615490e-15,3.303364e-19,-1.615160e-15,1.007358e-08,31
1.950,7,relax,0,hold,-5.428861e-17,-2.325517e-18,-5.661413e-17,-3.447705e-14,70
1.950,8,fire,1,rise,2.511422e-16,5.289294e-16,7.800716e-16,2.422124e-05,30
1.950,8,fire,1,write,8.876512e-22,1.219922e-14,1.219922e-14,2.439845e-05,2
1.950,8,fire,1,fall,5.231756e-22,1.218724e-15,1.218725e-15,2.439889e-05,30
1.950,8,fire,2,rise,5.280532e-22,1.218725e-15,1.218725e-15,2.439890e-05,30
1.950,8,fire,2,write,5.845549e-21,1.219950e-14,1.219950e-14,2.439904e-05,2
1.950,8,fire,2,fall,1.008950e-21,1.218787e-15,1.218788e-15,2.440015e-05,30
1.950,8,fire,3,rise,1.013592e-21,1.218788e-15,1.218789e-15,2.440016e-05,30
1.950,8,fire,3,write,1.058672e-20,1.220016e-14,1.220017e-14,2.440040e-05,2
1.950,8,fire,3,fall,1.469076e-21,1.218888e-15,1.218889e-15,2.440216e-05,30
1.950,8,fire,4,rise,1.473453e-21,1.218889e-15,1.218890e-15,2.440219e-05,30
1.950,8,fire,4,write,1.507704e-20,1.220118e-14,1.220119e-14,2.440247e-05,2
1.950,8,fire,4,fall,1.901072e-21,1.219024e-15,1.219025e-15,2.440489e-05,30
1.950,8,fire,5,rise,1.923639e-20,1.219032e-14,1.219034e-14,2.440519e-05,30
1.950,8,fire,5,write,0.000000e+00,0.000000e+00,0.000000e+00,nan,1
1.950,8,fire,5,fall,2.353541e-20,1.219199e-14,1.219202e-14,2.440858e-05,30
1.950,8,fire,6,rise,2.380438e-21,1.219209e-15,1.219212e-15,2.440861e-05,30
1.950,8,fire,6,write,2.410768e-20,1.220440e-14,1.220442e-14,2.440899e-05,2
1.950,8,fire,6,fall,3.183427e-21,1.219420e-15,1.219423e-15,2.441284e-05,30
1.950,8,fire,7,rise,3.194084e-21,1.219422e-15,1.219426e-15,2.441288e-05,30
1.950,8,fire,7,write,0.000000e+00,0.000000e+00,0.000000e+00,nan,1
1.950,8,fire,7,fall,4.231028e-21,1.219699e-15,1.219704e-15,2.441844e-05,30
1.950,8,fire,8,rise,4.240954e-21,1.219703e-15,1.219707e-15,2.441850e-05,30
1.950,8,fire,8,write,0.000000e+00,0.000000e+00,0.000000e+00,nan,1
1.950,8,fire,8,fall,5.236427e-21,1.220046e-15,1.220051e-15,2.442538e-05,30
1.950,8,fire,9,rise,5.246403e-21,1.220050e-15,1.220055e-15,2.442546e-05,30
1.950,8,fire,9,write,0.000000e+00,0.000000e+00,0.000000e+00,nan,1
1.950,8,fire,9,fall,-2.507430e-16,5.360868e-16,2.853438e-16,2.899027e-08,30
1.950,8,burst_read,0,burst_read,0.000000e+00,0.000000e+00,0.000000e+00,nan,1
1.950,8,erase,0,rise,3.567383e-16,2.850620e-18,3.595889e-16,4.962096e-09,30
1.950,8,erase,0,hold,3.980573e-15,1.683685e-17,3.997410e-15,1.302675e-11,40
1.950,8,erase,0,fall,-1.629619e-15,3.781929e-19,-1.629240e-15,1.007354e-08,31
1.950,8,relax,0,hold,-5.446100e-17,-2.344053e-18,-5.680506e-17,-3.440275e-14,70
1.950,9,fire,1,rise,2.511248e-16,5.287235e-16,7.798482e-16,2.421923e-05,30
1.950,9,fire,1,write,0.000000e+00,0.000000e+00,0.000000e+00,nan,1
1.950,9,fire,1,fall,4.692789e-21,1.218622e-14,1.218623e-14,2.439688e-05,30
1.950,9,fire,2,rise,4.922509e-22,1.218624e-15,1.218625e-15,2.439689e-05,30
1.950,9,fire,2,write,0.000000e+00,0.000000e+00,0.000000e+00,nan,1
1.950,9,fire,2,fall,9.042338e-22,1.218679e-15,1.218680e-15,2.439799e-05,30
1.950,9,fire,3,rise,9.082121e-22,1.218680e-15,1.218681e-15,2.439800e-05,30
1.950,9,fire,3,write,nan,nan,nan,nan,0
1.950,9,fire,3,fall,1.298807e-21,1.218766e-15,1.218767e-15,2.439972e-05,30
1.950,9,fire,4,rise,1.302562e-21,1.218767e-15,1.218768e-15,2.439974e-05,30
1.950,9,fire,4,write,nan,nan,nan,nan,0
1.950,9,fire,4,fall,1.669765e-21,1.218882e-15,1.218884e-15,2.440205e-05,30
1.950,9,fire,5,rise,1.673311e-21,1.218883e-15,1.218885e-15,2.440208e-05,30
1.950,9,fire,5,write,nan,nan,nan,nan,0
1.950,9,fire,5,fall,2.058903e-21,1.219026e-15,1.219028e-15,2.440494e-05,30
1.950,9,fire,6,rise,2.063458e-21,1.219028e-15,1.219030e-15,2.440497e-05,30
1.950,9,fire,6,write,nan,nan,nan,nan,0
1.950,9,fire,6,fall,2.876346e-20,1.219216e-14,1.219219e-14,2.440893e-05,30
1.950,9,fire,7,rise,2.932023e-21,1.219227e-15,1.219230e-15,2.440897e-05,30
1.950,9,fire,7,write,nan,nan,nan,nan,0
1.950,9,fire,7,fall,3.921689e-21,1.219474e-15,1.219478e-15,2.441393e-05,30
1.950,9,fire,8,rise,3.931311e-21,1.219477e-15,1.219481e-15,2.441398e-05,30
1.950,9,fire,8,write,nan,nan,nan,nan,0
1.950,9,fire,8,fall,5.089202e-21,1.219792e-15,1.219797e-15,2.442030e-05,30
1.950,9,fire,9,rise,5.102352e-21,1.219796e-15,1.219801e-15,2.442037e-05,30
1.950,9,fire,9,write,nan,nan,nan,nan,0
1.950,9,fire,9,fall,-2.506698e-16,5.355436e-16,2.848737e-16,2.898952e-08,30
1.950,9,burst_read,0,burst_read,nan,nan,nan,nan,0
1.950,9,erase,0,rise,3.567285e-16,2.850551e-18,3.595790e-16,4.962024e-09,30
1.950,9,erase,0,hold,3.990730e-15,1.687898e-17,4.007609e-15,1.306256e-11,40
1.950,9,erase,0,fall,-1.615388e-15,3.303888e-19,-1.615058e-15,1.007512e-08,31
1.950,9,relax,0,hold,-5.458927e-17,-2.357858e-18,-5.694713e-17,-3.441565e-14,70
1.950,10,fire,1,rise,2.511109e-16,5.285328e-16,7.796437e-16,2.421765e-05,30
1.950,10,fire,1,write,nan,nan,nan,nan,0
1.950,10,fire,1,fall,4.307453e-22,1.218540e-15,1.218541e-15,2.439521e-05,30
1.950,10,fire,2,rise,4.347518e-22,1.218541e-15,1.218541e-15,2.439521e-05,30
1.950,10,fire,2,write,nan,nan,nan,nan,0
1.950,10,fire,2,fall,8.474488e-21,1.218593e-14,1.218594e-14,2.439632e-05,30
1.950,10,fire,3,rise,8.683689e-22,1.218596e-15,1.218597e-15,2.439633e-05,30
1.950,10,fire,3,write,nan,nan,nan,nan,0
1.950,10,fire,3,fall,1.241961e-21,1.218678e-15,1.218679e-15,2.439796e-05,30
1.950,10,fire,4,rise,1.245553e-21,1.218679e-15,1.218680e-15,2.439798e-05,30
1.950,10,fire,4,write,nan,nan,nan,nan,0
1.950,10,fire,4,fall,1.596998e-21,1.218787e-15,1.218789e-15,2.440016e-05,30
1.950,10,fire,5,rise,1.600411e-21,1.218789e-15,1.218790e-15,2.440019e-05,30
1.950,10,fire,5,write,nan,nan,nan,nan,0
1.950,10,fire,5,fall,1.973182e-21,1.218924e-15,1.218926e-15,2.440290e-05,30
1.950,10,fire,6,rise,1.977611e-21,1.218925e-15,1.218927e-15,2.440292e-05,30
1.950,10,fire,6,write,nan,nan,nan,nan,0
1.950,10,fire,6,fall,2.745815e-21,1.219096e-15,1.219098e-15,2.440634e-05,30
1.950,10,fire,7,rise,2.755881e-21,1.219098e-15,1.219100e-15,2.440638e-05,30
1.950,10,fire,7,write,nan,nan,nan,nan,0
1.950,10,fire,7,fall,3.782863e-20,1.219342e-14,1.219345e-14,2.441150e-05,30
1.950,10,fire,8,rise,3.835199e-21,1.219356e-15,1.219360e-15,2.441156e-05,30
1.950,10,fire,8,write,nan,nan,nan,nan,0
1.950,10,fire,8,fall,5.040827e-21,1.219663e-15,1.219668e-15,2.441771e-05,30
1.950,10,fire,9,rise,5.054899e-21,1.219667e-15,1.219672e-15,2.441778e-05,30
1.950,10,fire,9,write,nan,nan,nan,nan,0
1.950,10,fire,9,fall,-2.506351e-16,5.352517e-16,2.846165e-16,2.898874e-08,30
1.950,10,burst_read,0,burst_read,nan,nan,nan,nan,0
1.950,10,erase,0,rise,3.567179e-16,2.850460e-18,3.595684e-16,4.961940e-09,30
1.950,10,erase,0,hold,4.001011e-15,1.692165e-17,4.017933e-15,1.309620e-11,40
1.950,10,erase,0,fall,-1.615411e-15,3.304069e-19,-1.615080e-15,1.007503e-08,31
1.950,10,relax,0,hold,-5.471956e-17,-2.371099e-18,-5.709066e-17,-3.444433e-14,70
1.950,11,fire,1,rise,2.511015e-16,5.283977e-16,7.794991e-16,2.421649e-05,30
1.950,11,fire,1,write,nan,nan,nan,nan,0
1.950,11,fire,1,fall,4.309510e-22,1.218483e-15,1.218483e-15,2.439405e-05,30
1.950,11,fire,2,rise,4.349592e-22,1.218483e-15,1.218483e-15,2.439406e-05,30
1.950,11,fire,2,write,nan,nan,nan,nan,0
1.950,11,fire,2,fall,8.306034e-22,1.218532e-15,1.218533e-15,2.439505e-05,30
1.950,11,fire,3,rise,8.344265e-22,1.218533e-15,1.218534e-15,2.439506e-05,30
1.950,11,fire,3,write,nan,nan,nan,nan,0
1.950,11,fire,3,fall,1.226299e-20,1.218616e-14,1.218617e-14,2.439681e-05,30
1.950,11,fire,4,rise,1.246055e-21,1.218621e-15,1.218622e-15,2.439683e-05,30
1.950,11,fire,4,write,nan,nan,nan,nan,0
1.950,11,fire,4,fall,1.597626e-21,1.218730e-15,1.218732e-15,2.439902e-05,30
1.950,11,fire,5,rise,1.601041e-21,1.218731e-15,1.218733e-15,2.439904e-05,30
1.950,11,fire,5,write,nan,nan,nan,nan,0
1.950,11,fire,5,fall,1.974882e-21,1.218867e-15,1.218869e-15,2.440176e-05,30
1.950,11,fire,6,rise,1.979312e-21,1.218869e-15,1.218870e-15,2.440179e-05,30
1.950,11,fire,6,write,nan,nan,nan,nan,0
1.950,11,fire,6,fall,2.757052e-21,1.219040e-15,1.219042e-15,2.440522e-05,30
1.950,11,fire,7,rise,2.767119e-21,1.219042e-15,1.219044e-15,2.440526e-05,30
1.950,11,fire,7,write,nan,nan,nan,nan,0
1.950,11,fire,7,fall,3.751582e-21,1.219275e-15,1.219279e-15,2.440993e-05,30
1.950,11,fire,8,rise,3.761142e-21,1.219277e-15,1.219281e-15,2.440998e-05,30
1.950,11,fire,8,write,nan,nan,nan,nan,0
1.950,11,fire,8,fall,4.997869e-20,1.219594e-14,1.219599e-14,2.441664e-05,30
1.950,11,fire,9,rise,5.075175e-21,1.219613e-15,1.219618e-15,2.441671e-05,30
1.950,11,fire,9,write,nan,nan,nan,nan,0
1.950,11,fire,9,fall,-2.506208e-16,5.351270e-16,2.845062e-16,2.898848e-08,30
1.950,11,burst_read,0,burst_read,nan,nan,nan,nan,0
1.950,11,erase,0,rise,3.567143e-16,2.850433e-18,3.595647e-16,4.961915e-09,30
1.950,11,erase,0,hold,4.011555e-15,1.696542e-17,4.028521e-15,1.313060e-11,40
1.950,11,erase,0,fall,-1.629598e-15,3.783273e-19,-1.629220e-15,1.007496e-08,31
1.950,11,relax,0,hold,-5.483060e-17,-2.382321e-18,-5.721292e-17,-3.447893e-14,70
1.950,12,fire,1,rise,2.510897e-16,5.282390e-16,7.793287e-16,2.421511e-05,30
1.950,12,fire,1,write,nan,nan,nan,nan,0
1.950,12,fire,1,fall,4.314919e-22,1.218413e-15,1.218414e-15,2.439266e-05,30
1.950,12,fire,2,rise,4.355057e-22,1.218414e-15,1.218414e-15,2.439267e-05,30
1.950,12,fire,2,write,nan,nan,nan,nan,0
1.950,12,fire,2,fall,8.317112e-22,1.218463e-15,1.218464e-15,2.439366e-05,30
1.950,12,fire,3,rise,8.355398e-22,1.218464e-15,1.218464e-15,2.439367e-05,30
1.950,12,fire,3,write,nan,nan,nan,nan,0
1.950,12,fire,3,fall,1.211682e-21,1.218542e-15,1.218544e-15,2.439525e-05,30
1.950,12,fire,4,rise,1.231586e-20,1.218548e-14,1.218549e-14,2.439544e-05,30
1.950,12,fire,4,write,nan,nan,nan,nan,0
1.950,12,fire,4,fall,1.581193e-20,1.218654e-14,1.218656e-14,2.439760e-05,30
1.950,12,fire,5,rise,1.599884e-21,1.218661e-15,1.218662e-15,2.439763e-05,30
1.950,12,fire,5,write,nan,nan,nan,nan,0
1.950,12,fire,5,fall,1.974266e-21,1.218796e-15,1.218798e-15,2.440034e-05,30
1.950,12,fire,6,rise,1.978704e-21,1.218797e-15,1.218799e-15,2.440036e-05,30
1.950,12,fire,6,write,nan,nan,nan,nan,0
1.950,12,fire,6,fall,2.761687e-21,1.218968e-15,1.218971e-15,2.440379e-05,30
1.950,12,fire,7,rise,2.771766e-21,1.218970e-15,1.218973e-15,2.440383e-05,30
1.950,12,fire,7,write,nan,nan,nan,nan,0
1.950,12,fire,7,fall,3.755820e-21,1.219204e-15,1.219207e-15,2.440851e-05,30
1.950,12,fire,8,rise,3.765345e-21,1.219206e-15,1.219210e-15,2.440856e-05,30
1.950,12,fire,8,write,nan,nan,nan,nan,0
1.950,12,fire,8,fall,4.940464e-21,1.219507e-15,1.219512e-15,2.441459e-05,30
1.950,12,fire,9,rise,4.954644e-21,1.219511e-15,1.219516e-15,2.441466e-05,30
1.950,12,fire,9,write,nan,nan,nan,nan,0
1.950,12,fire,9,fall,-2.505955e-16,5.295904e-15,5.045308e-15,2.898550e-09,30
1.950,12,burst_read,0,burst_read,nan,nan,nan,nan,0
1.950,12,erase,0,rise,3.567102e-16,2.850398e-18,3.595606e-16,4.961885e-09,30
1.950,12,erase,0,hold,4.021139e-15,1.700527e-17,4.038145e-15,1.315899e-11,40
1.950,12,erase,0,fall,-1.615511e-15,3.303276e-19,-1.615180e-15,1.007329e-08,31
1.950,12,relax,0,hold,-5.490128e-17,-2.390352e-18,-5.729164e-17,-3.463809e-14,70
1.950,13,fire,1,rise,2.510948e-16,5.282608e-16,7.793556e-16,2.421549e-05,30
1.950,13,fire,1,write,nan,nan,nan,nan,0
1.950,13,fire,1,fall,5.427378e-22,1.218438e-15,1.218439e-15,2.439316e-05,30
1.950,13,fire,2,rise,5.478004e-22,1.218439e-15,1.218439e-15,2.439317e-05,30
1.950,13,fire,2,write,nan,nan,nan,nan,0
1.950,13,fire,2,fall,1.046810e-21,1.218504e-15,1.218505e-15,2.439448e-05,30
1.950,13,fire,3,rise,1.051625e-21,1.218505e-15,1.218506e-15,2.439450e-05,30
1.950,13,fire,3,write,nan,nan,nan,nan,0
1.950,13,fire,3,fall,1.524030e-21,1.218609e-15,1.218611e-15,2.439659e-05,30
1.950,13,fire,4,rise,1.528568e-21,1.218610e-15,1.218612e-15,2.439662e-05,30
1.950,13,fire,4,write,nan,nan,nan,nan,0
1.950,13,fire,4,fall,1.971859e-21,1.218752e-15,1.218754e-15,2.439945e-05,30
1.950,13,fire,5,rise,1.976099e-21,1.218753e-15,1.218755e-15,2.439948e-05,30
1.950,13,fire,5,write,nan,nan,nan,nan,0
1.950,13,fire,5,fall,2.448547e-20,1.218938e-14,1.218940e-14,2.440335e-05,30
1.950,13,fire,6,rise,2.476953e-21,1.218949e-15,1.218951e-15,2.440339e-05,30
1.950,13,fire,6,write,nan,nan,nan,nan,0
1.950,13,fire,6,fall,3.344914e-21,1.219171e-15,1.219175e-15,2.440786e-05,30
1.950,13,fire,7,rise,3.355689e-21,1.219174e-15,1.219177e-15,2.440791e-05,30
1.950,13,fire,7,write,nan,nan,nan,nan,0
1.950,13,fire,7,fall,4.405527e-21,1.219465e-15,1.219470e-15,2.441376e-05,30
1.950,13,fire,8,rise,4.415593e-21,1.219469e-15,1.219473e-15,2.441382e-05,30
1.950,13,fire,8,write,nan,nan,nan,nan,0
1.950,13,fire,8,fall,5.391341e-21,1.219827e-15,1.219833e-15,2.442101e-05,30
1.950,13,fire,9,rise,5.400627e-21,1.219831e-15,1.219837e-15,2.442109e-05,30
1.950,13,fire,9,write,nan,nan,nan,nan,0
1.950,13,fire,9,fall,-2.506842e-16,5.355644e-16,2.848802e-16,2.898944e-08,30
1.950,13,burst_read,0,burst_read,nan,nan,nan,nan,0
1.950,13,erase,0,rise,3.567268e-16,2.850530e-18,3.595774e-16,4.962014e-09,30
1.950,13,erase,0,hold,4.032714e-15,1.705337e-17,4.049768e-15,1.319961e-11,40
1.950,13,erase,0,fall,-1.615374e-15,3.301704e-19,-1.615043e-15,1.007351e-08,31
1.950,13,relax,0,hold,-5.501825e-17,-2.400529e-18,-5.741878e-17,-3.454072e-14,70
1.950,14,fire,1,rise,2.510706e-16,5.279803e-16,7.790509e-16,2.421277e-05,30
1.950,14,fire,1,write,nan,nan,nan,nan,0
1.950,14,fire,1,fall,4.340328e-22,1.218297e-15,1.218297e-15,2.439033e-05,30
1.950,14,fire,2,rise,4.380707e-22,1.218297e-15,1.218297e-15,2.439033e-05,30
1.950,14,fire,2,write,nan,nan,nan,nan,0
1.950,14,fire,2,fall,8.366282e-22,1.218347e-15,1.218348e-15,2.439133e-05,30
1.950,14,fire,3,rise,8.404793e-22,1.218347e-15,1.218348e-15,2.439135e-05,30
1.950,14,fire,3,write,nan,nan,nan,nan,0
1.950,14,fire,3,fall,1.218811e-21,1.218427e-15,1.218428e-15,2.439294e-05,30
1.950,14,fire,4,rise,1.222450e-21,1.218428e-15,1.218429e-15,2.439296e-05,30
1.950,14,fire,4,write,nan,nan,nan,nan,0
1.950,14,fire,4,fall,1.578401e-21,1.218536e-15,1.218537e-15,2.439512e-05,30
1.950,14,fire,5,rise,1.581811e-21,1.218537e-15,1.218538e-15,2.439514e-05,30
1.950,14,fire,5,write,nan,nan,nan,nan,0
1.950,14,fire,5,fall,1.951478e-21,1.218671e-15,1.218673e-15,2.439783e-05,30
1.950,14,fire,6,rise,1.955734e-21,1.218672e-15,1.218674e-15,2.439786e-05,30
1.950,14,fire,6,write,nan,nan,nan,nan,0
1.950,14,fire,6,fall,2.709999e-21,1.218841e-15,1.218844e-15,2.440125e-05,30
1.950,14,fire,7,rise,2.720153e-21,1.218843e-15,1.218846e-15,2.440129e-05,30
1.950,14,fire,7,write,nan,nan,nan,nan,0
1.950,14,fire,7,fall,3.710656e-21,1.219074e-15,1.219078e-15,2.440591e-05,30
1.950,14,fire,8,rise,3.720249e-21,1.219077e-15,1.219080e-15,2.440596e-05,30
1.950,14,fire,8,write,nan,nan,nan,nan,0
1.950,14,fire,8,fall,4.875356e-21,1.219375e-15,1.219379e-15,2.441194e-05,30
1.950,14,fire,9,rise,4.889491e-21,1.219378e-15,1.219383e-15,2.441201e-05,30
1.950,14,fire,9,write,nan,nan,nan,nan,0
1.950,14,fire,9,fall,-2.505524e-16,5.345358e-16,2.839835e-16,2.898736e-08,30
1.950,14,burst_read,0,burst_read,nan,nan,nan,nan,0
1.950,14,erase,0,rise,3.543042e-16,2.836757e-18,3.571409e-16,4.900283e-08,30
1.950,14,erase,0,hold,4.048830e-15,1.712025e-17,4.065950e-15,1.324260e-11,40
1.950,14,erase,0,fall,-1.590280e-15,1.310459e-19,-1.590149e-15,8.905759e-08,31
1.950,14,relax,0,hold,-5.513359e-17,-2.409223e-18,-5.754282e-17,-3.472662e-14,70
1.950,15,fire,1,rise,2.510605e-16,5.278016e-16,7.788621e-16,2.421139e-05,30
1.950,15,fire,1,write,nan,nan,nan,nan,0
1.950,15,fire,1,fall,5.323000e-22,1.218233e-15,1.218233e-15,2.438905e-05,30
1.950,15,fire,2,rise,5.372650e-22,1.218233e-15,1.218234e-15,2.438905e-05,30
1.950,15,fire,2,write,nan,nan,nan,nan,0
1.950,15,fire,2,fall,1.026712e-21,1.218297e-15,1.218298e-15,2.439033e-05,30
1.950,15,fire,3,rise,1.031436e-21,1.218298e-15,1.218299e-15,2.439035e-05,30
1.950,15,fire,3,write,nan,nan,nan,nan,0
1.950,15,fire,3,fall,1.494903e-21,1.218400e-15,1.218401e-15,2.439240e-05,30
1.950,15,fire,4,rise,1.499355e-21,1.218401e-15,1.218402e-15,2.439242e-05,30
1.950,15,fire,4,write,nan,nan,nan,nan,0
1.950,15,fire,4,fall,1.934360e-21,1.218539e-15,1.218541e-15,2.439518e-05,30
1.950,15,fire,5,rise,1.938534e-21,1.218540e-15,1.218542e-15,2.439521e-05,30
1.950,15,fire,5,write,nan,nan,nan,nan,0
1.950,15,fire,5,fall,2.382427e-21,1.218712e-15,1.218714e-15,2.439865e-05,30
1.950,15,fire,6,rise,2.387399e-21,1.218714e-15,1.218716e-15,2.439869e-05,30
1.950,15,fire,6,write,nan,nan,nan,nan,0
1.950,15,fire,6,fall,3.225871e-21,1.218927e-15,1.218930e-15,2.440297e-05,30
1.950,15,fire,7,rise,3.236656e-21,1.218930e-15,1.218933e-15,2.440302e-05,30
1.950,15,fire,7,write,nan,nan,nan,nan,0
1.950,15,fire,7,fall,4.284223e-21,1.219211e-15,1.219216e-15,2.440867e-05,30
1.950,15,fire,8,rise,4.294208e-21,1.219214e-15,1.219219e-15,2.440873e-05,30
1.950,15,fire,8,write,nan,nan,nan,nan,0
1.950,15,fire,8,fall,5.287739e-21,1.219563e-15,1.219569e-15,2.441572e-05,30
1.950,15,fire,9,rise,5.297511e-21,1.219567e-15,1.219572e-15,2.441580e-05,30
1.950,15,fire,9,write,nan,nan,nan,nan,0
1.950,15,fire,9,fall,-2.506100e-16,5.349354e-16,2.843254e-16,2.898842e-08,30
1.950,15,burst_read,0,burst_read,nan,nan,nan,nan,0
1.950,15,erase,0,rise,3.805388e-16,2.985202e-18,3.835240e-16,5.574057e-10,30
1.950,15,erase,0,hold,4.030771e-15,1.704530e-17,4.047817e-15,1.318619e-11,40
1.950,15,erase,0,fall,-1.593343e-15,1.353862e-19,-1.593208e-15,8.893379e-08,31
1.950,15,relax,0,hold,-5.549008e-17,-2.430121e-18,-5.792020e-17,-3.459770e-14,70
1.950,16,fire,1,rise,2.511051e-16,5.283103e-16,7.794154e-16,2.421612e-05,30
1.950,16,fire,1,write,nan,nan,nan,nan,0
1.950,16,fire,1,fall,5.321145e-22,1.218469e-15,1.218469e-15,2.439378e-05,30
1.950,16,fire,2,rise,5.370773e-22,1.218469e-15,1.218470e-15,2.439379e-05,30
1.950,16,fire,2,write,nan,nan,nan,nan,0
1.950,16,fire,2,fall,1.026319e-21,1.218533e-15,1.218534e-15,2.439506e-05,30
1.950,16,fire,3,rise,1.031040e-21,1.218534e-15,1.218535e-15,2.439508e-05,30
1.950,16,fire,3,write,nan,nan,nan,nan,0
1.950,16,fire,3,fall,1.494333e-21,1.218636e-15,1.218637e-15,2.439712e-05,30
1.950,16,fire,4,rise,1.498783e-21,1.218637e-15,1.218638e-15,2.439715e-05,30
1.950,16,fire,4,write,nan,nan,nan,nan,0
1.950,16,fire,4,fall,1.933644e-21,1.218775e-15,1.218777e-15,2.439991e-05,30
1.950,16,fire,5,rise,1.937804e-21,1.218776e-15,1.218778e-15,2.439994e-05,30
1.950,16,fire,5,write,nan,nan,nan,nan,0
1.950,16,fire,5,fall,2.377901e-21,1.218948e-15,1.218950e-15,2.440338e-05,30
1.950,16,fire,6,rise,2.382840e-21,1.218950e-15,1.218952e-15,2.440341e-05,30
1.950,16,fire,6,write,nan,nan,nan,nan,0
1.950,16,fire,6,fall,3.193730e-21,1.219162e-15,1.219165e-15,2.440767e-05,30
1.950,16,fire,7,rise,3.204512e-21,1.219164e-15,1.219167e-15,2.440772e-05,30
1.950,16,fire,7,write,nan,nan,nan,nan,0
1.950,16,fire,7,fall,4.252856e-21,1.219444e-15,1.219448e-15,2.441332e-05,30
1.950,16,fire,8,rise,4.262873e-21,1.219447e-15,1.219451e-15,2.441339e-05,30
1.950,16,fire,8,write,nan,nan,nan,nan,0
1.950,16,fire,8,fall,5.249217e-21,1.219794e-15,1.219799e-15,2.442033e-05,30
1.950,16,fire,9,rise,5.258818e-21,1.219797e-15,1.219803e-15,2.442041e-05,30
1.950,16,fire,9,write,nan,nan,nan,nan,0
1.950,16,fire,9,fall,-2.506716e-16,5.354490e-16,2.847774e-16,2.898958e-08,30
1.950,16,burst_read,0,burst_read,nan,nan,nan,nan,0
1.950,16,erase,0,rise,3.543355e-16,2.837002e-18,3.571725e-16,4.900522e-08,30
1.950,16,erase,0,hold,4.074292e-15,1.722609e-17,4.091519e-15,1.333247e-11,40
1.950,16,erase,0,fall,-1.590190e-15,1.309637e-19,-1.590059e-15,8.906298e-08,31
1.950,16,relax,0,hold,-5.532900e-17,-2.422896e-18,-5.775189e-17,-3.484237e-14,70
1.950,17,fire,1,rise,2.510249e-16,5.273258e-16,7.783507e-16,2.420716e-05,30
1.950,17,fire,1,write,nan,nan,nan,nan,0
1.950,17,fire,1,fall,5.355011e-22,1.218021e-15,1.218022e-15,2.438481e-05,30
1.950,17,fire,2,rise,5.404958e-22,1.218022e-15,1.218022e-15,2.438482e-05,30
1.950,17,fire,2,write,nan,nan,nan,nan,0
1.950,17,fire,2,fall,1.032837e-21,1.218086e-15,1.218087e-15,2.438611e-05,30
1.950,17,fire,3,rise,1.037588e-21,1.218087e-15,1.218088e-15,2.438613e-05,30
1.950,17,fire,3,write,nan,nan,nan,nan,0
1.950,17,fire,3,fall,1.503726e-21,1.218190e-15,1.218191e-15,2.438819e-05,30
1.950,17,fire,4,rise,1.508203e-21,1.218191e-15,1.218192e-15,2.438822e-05,30
1.950,17,fire,4,write,nan,nan,nan,nan,0
1.950,17,fire,4,fall,1.945679e-21,1.218330e-15,1.218332e-15,2.439101e-05,30
1.950,17,fire,5,rise,1.949888e-21,1.218332e-15,1.218333e-15,2.439104e-05,30
1.950,17,fire,5,write,nan,nan,nan,nan,0
1.950,17,fire,5,fall,2.398699e-21,1.218505e-15,1.218507e-15,2.439451e-05,30
1.950,17,fire,6,rise,2.403869e-21,1.218507e-15,1.218509e-15,2.439455e-05,30
1.950,17,fire,6,write,nan,nan,nan,nan,0
1.950,17,fire,6,fall,3.274017e-21,1.218723e-15,1.218727e-15,2.439889e-05,30
1.950,17,fire,7,rise,3.284823e-21,1.218726e-15,1.218729e-15,2.439894e-05,30
1.950,17,fire,7,write,nan,nan,nan,nan,0
1.950,17,fire,7,fall,4.334416e-21,1.219012e-15,1.219016e-15,2.440467e-05,30
1.950,17,fire,8,rise,4.344446e-21,1.219015e-15,1.219019e-15,2.440473e-05,30
1.950,17,fire,8,write,nan,nan,nan,nan,0
1.950,17,fire,8,fall,5.342554e-21,1.219368e-15,1.219374e-15,2.441181e-05,30
1.950,17,fire,9,rise,5.352279e-21,1.219372e-15,1.219377e-15,2.441189e-05,30
1.950,17,fire,9,write,nan,nan,nan,nan,0
1.950,17,fire,9,fall,-2.505572e-16,5.344858e-16,2.839286e-16,2.898757e-08,30
1.950,17,burst_read,0,burst_read,nan,nan,nan,nan,0
1.950,17,erase,0,rise,3.543052e-16,2.836771e-18,3.571420e-16,4.900307e-08,30
1.950,17,erase,0,hold,3.885587e-15,1.643486e-17,3.902022e-15,1.337298e-11,39
1.950,17,erase,0,fall,-1.590310e-15,1.311414e-19,-1.590179e-15,8.905920e-08,31
1.950,17,relax,0,hold,-5.541587e-17,-2.427904e-18,-5.784378e-17,-3.489029e-14,70
1.950,18,fire,1,rise,2.510103e-16,5.271219e-16,7.781323e-16,2.420542e-05,30
1.950,18,fire,1,write,nan,nan,nan,nan,0
1.950,18,fire,1,fall,5.361228e-22,1.217935e-15,1.217935e-15,2.438308e-05,30
1.950,18,fire,2,rise,5.411231e-22,1.217935e-15,1.217935e-15,2.438309e-05,30
1.950,18,fire,2,write,nan,nan,nan,nan,0
1.950,18,fire,2,fall,1.033999e-21,1.217999e-15,1.218000e-15,2.438438e-05,30
1.950,18,fire,3,rise,1.270268e-19,1.218048e-13,1.218049e-13,2.438642e-05,30
1.950,18,fire,3,write,nan,nan,nan,nan,0
1.950,18,fire,3,fall,1.935148e-21,1.218239e-15,1.218241e-15,2.438919e-05,30
1.950,18,fire,4,rise,1.939347e-21,1.218241e-15,1.218243e-15,2.438922e-05,30
1.950,18,fire,4,write,nan,nan,nan,nan,0
1.950,18,fire,4,fall,2.387265e-21,1.218414e-15,1.218416e-15,2.439269e-05,30
1.950,18,fire,5,rise,2.392379e-21,1.218416e-15,1.218418e-15,2.439272e-05,30
1.950,18,fire,5,write,nan,nan,nan,nan,0
1.950,18,fire,5,fall,3.260753e-21,1.218632e-15,1.218635e-15,2.439705e-05,30
1.950,18,fire,6,rise,3.271589e-21,1.218634e-15,1.218637e-15,2.439710e-05,30
1.950,18,fire,6,write,nan,nan,nan,nan,0
1.950,18,fire,6,fall,4.325497e-21,1.218920e-15,1.218924e-15,2.440283e-05,30
1.950,18,fire,7,rise,4.335591e-21,1.218923e-15,1.218927e-15,2.440289e-05,30
1.950,18,fire,7,write,nan,nan,nan,nan,0
1.950,18,fire,7,fall,5.339889e-21,1.219276e-15,1.219282e-15,2.440997e-05,30
1.950,18,fire,8,rise,5.349656e-21,1.219280e-15,1.219285e-15,2.441005e-05,30
1.950,18,fire,8,write,nan,nan,nan,nan,0
1.950,18,fire,8,fall,6.290647e-21,1.219699e-15,1.219706e-15,2.441845e-05,30
1.950,18,fire,9,rise,6.299535e-21,1.219704e-15,1.219710e-15,2.441854e-05,30
1.950,18,fire,9,write,nan,nan,nan,nan,0
1.950,18,fire,9,fall,-2.506660e-16,5.354606e-16,2.847946e-16,2.899071e-08,30
1.950,18,burst_read,0,burst_read,nan,nan,nan,nan,0
1.950,18,erase,0,rise,3.543585e-16,2.837196e-18,3.571957e-16,4.900691e-08,30
1.950,18,erase,0,hold,3.893365e-15,1.646690e-17,3.909832e-15,1.345428e-11,39
1.950,18,erase,0,fall,-1.574380e-15,8.582897e-20,-1.574295e-15,8.923319e-08,31
1.950,18,relax,0,hold,-5.487619e-17,-2.399027e-18,-5.727522e-17,-3.469730e-14,70
1.950,19,fire,1,rise,2.509674e-16,5.263653e-16,7.773327e-16,2.419931e-05,30
1.950,19,fire,1,write,nan,nan,nan,nan,0
1.950,19,fire,1,fall,4.288541e-22,1.217624e-15,1.217624e-15,2.437686e-05,30
1.950,19,fire,2,rise,4.328422e-22,1.217624e-15,1.217625e-15,2.437686e-05,30
1.950,19,fire,2,write,nan,nan,nan,nan,0
1.950,19,fire,2,fall,8.264639e-22,1.217673e-15,1.217674e-15,2.437785e-05,30
1.950,19,fire,3,rise,8.302672e-22,1.217674e-15,1.217675e-15,2.437787e-05,30
1.950,19,fire,3,write,nan,nan,nan,nan,0
1.950,19,fire,3,fall,1.203890e-21,1.217753e-15,1.217754e-15,2.437945e-05,30
1.950,19,fire,4,rise,1.207483e-21,1.217754e-15,1.217755e-15,2.437946e-05,30
1.950,19,fire,4,write,nan,nan,nan,nan,0
1.950,19,fire,4,fall,1.559196e-21,1.217860e-15,1.217862e-15,2.438160e-05,30
1.950,19,fire,5,rise,1.562612e-21,1.217862e-15,1.217863e-15,2.438163e-05,30
1.950,19,fire,5,write,nan,nan,nan,nan,0
1.950,19,fire,5,fall,1.942180e-21,1.217995e-15,1.217997e-15,2.438430e-05,30
1.950,19,fire,6,rise,1.946624e-21,1.217996e-15,1.217998e-15,2.438433e-05,30
1.950,19,fire,6,write,nan,nan,nan,nan,0
1.950,19,fire,6,fall,2.816129e-21,1.218169e-15,1.218172e-15,2.438779e-05,30
1.950,19,fire,7,rise,2.826278e-21,1.218171e-15,1.218174e-15,2.438783e-05,30
1.950,19,fire,7,write,nan,nan,nan,nan,0
1.950,19,fire,7,fall,3.818953e-21,1.218409e-15,1.218413e-15,2.439260e-05,30
1.950,19,fire,8,rise,3.828620e-21,1.218411e-15,1.218415e-15,2.439265e-05,30
1.950,19,fire,8,write,nan,nan,nan,nan,0
1.950,19,fire,8,fall,5.079366e-21,1.218721e-15,1.218726e-15,2.439885e-05,30
1.950,19,fire,9,rise,5.093734e-21,1.218724e-15,1.218730e-15,2.439892e-05,30
1.950,19,fire,9,write,nan,nan,nan,nan,0
1.950,19,fire,9,fall,-2.503758e-16,5.329823e-16,2.826065e-16,2.898459e-08,30
1.950,19,burst_read,0,burst_read,nan,nan,nan,nan,0
1.950,19,erase,0,rise,3.542632e-16,2.836428e-18,3.570996e-16,4.899986e-08,30
1.950,19,erase,0,hold,3.910838e-15,1.653974e-17,3.927377e-15,1.345370e-11,39
1.950,19,erase,0,fall,-1.590461e-15,1.314220e-19,-1.590330e-15,8.905259e-08,31
1.950,19,relax,0,hold,-5.522156e-17,-2.419029e-18,-5.764058e-17,-3.460188e-14,70
1.950,20,fire,1,rise,2.510150e-16,5.269819e-16,7.779970e-16,2.420447e-05,30
1.950,20,fire,1,write,nan,nan,nan,nan,0
1.950,20,fire,1,fall,4.296881e-22,1.217881e-15,1.217882e-15,2.438201e-05,30
1.950,20,fire,2,rise,4.336841e-22,1.217882e-15,1.217882e-15,2.438202e-05,30
1.950,20,fire,2,write,nan,nan,nan,nan,0
1.950,20,fire,2,fall,8.281065e-22,1.217931e-15,1.217932e-15,2.438301e-05,30
1.950,20,fire,3,rise,8.319177e-22,1.217932e-15,1.217932e-15,2.438302e-05,30
1.950,20,fire,3,write,nan,nan,nan,nan,0
1.950,20,fire,3,fall,1.206328e-21,1.218010e-15,1.218012e-15,2.438460e-05,30
1.950,20,fire,4,rise,1.209930e-21,1.218011e-15,1.218013e-15,2.438462e-05,30
1.950,20,fire,4,write,nan,nan,nan,nan,0
1.950,20,fire,4,fall,1.562267e-21,1.218118e-15,1.218120e-15,2.438676e-05,30
1.950,20,fire,5,rise,1.565666e-21,1.218119e-15,1.218121e-15,2.438678e-05,30
1.950,20,fire,5,write,nan,nan,nan,nan,0
1.950,20,fire,5,fall,1.938734e-21,1.218252e-15,1.218254e-15,2.438945e-05,30
1.950,20,fire,6,rise,1.943176e-21,1.218254e-15,1.218256e-15,2.438948e-05,30
1.950,20,fire,6,write,nan,nan,nan,nan,0
1.950,20,fire,6,fall,2.768868e-21,1.218424e-15,1.218427e-15,2.439290e-05,30
1.950,20,fire,7,rise,2.778998e-21,1.218426e-15,1.218429e-15,2.439294e-05,30
1.950,20,fire,7,write,nan,nan,nan,nan,0
1.950,20,fire,7,fall,3.769049e-21,1.218661e-15,1.218664e-15,2.439764e-05,30
1.950,20,fire,8,rise,3.778672e-21,1.218663e-15,1.218667e-15,2.439769e-05,30
1.950,20,fire,8,write,nan,nan,nan,nan,0
1.950,20,fire,8,fall,4.998419e-21,1.218968e-15,1.218973e-15,2.440379e-05,30
1.950,20,fire,9,rise,5.012733e-21,1.218971e-15,1.218976e-15,2.440386e-05,30
1.950,20,fire,9,write,nan,nan,nan,nan,0
1.950,20,fire,9,fall,-2.504408e-16,5.335568e-16,2.831160e-16,2.898615e-08,30
1.950,20,burst_read,0,burst_read,nan,nan,nan,nan,0
1.950,20,erase,0,rise,3.542847e-16,2.836601e-18,3.571213e-16,4.900144e-08,30
1.950,20,erase,0,hold,3.923975e-15,1.659430e-17,3.940569e-15,1.349967e-11,39
1.950,20,erase,0,fall,-1.652838e-15,-9.651128e-19,-1.653803e-15,1.050755e-09,30
1.950,20,relax,0,hold,-5.571689e-17,-2.452845e-18,-5.816973e-17,-3.449634e-14,70
1.975,1,fire,1,rise,2.728457e-16,7.527938e-16,1.025639e-15,2.585793e-05,30
1.975,1,fire,1,write,3.554445e-15,1.301463e-13,1.337008e-13,2.603844e-05,11
1.975,1,fire,1,fall,5.066886e-22,1.300620e-15,1.300621e-15,2.603845e-05,30
1.975,1,fire,2,rise,5.117471e-22,1.300621e-15,1.300621e-15,2.603845e-05,30
1.975,1,fire,2,write,7.665235e-20,1.301939e-13,1.301940e-13,2.603918e-05,11
1.975,1,fire,2,fall,1.017473e-21,1.300657e-15,1.300658e-15,2.603919e-05,30
1.975,1,fire,3,rise,1.022417e-21,1.300658e-15,1.300659e-15,2.603920e-05,30
1.975,1,fire,3,write,1.276913e-19,1.301988e-13,1.301990e-13,2.604041e-05,11
1.975,1,fire,3,fall,1.576216e-21,1.300719e-15,1.300720e-15,2.604042e-05,30
1.975,1,fire,4,rise,1.584758e-21,1.300720e-15,1.300721e-15,2.604044e-05,30
1.975,1,fire,4,write,2.067850e-19,1.302067e-13,1.302069e-13,2.604240e-05,11
1.975,1,fire,4,fall,2.578962e-21,1.300818e-15,1.300821e-15,2.604242e-05,30
1.975,1,fire,5,rise,2.589700e-21,1.300820e-15,1.300822e-15,2.604244e-05,30
1.975,1,fire,5,write,3.133202e-19,1.302192e-13,1.302195e-13,2.604538e-05,11
1.975,1,fire,5,fall,3.661803e-21,1.300968e-15,1.300971e-15,2.604541e-05,30
1.975,1,fire,6,rise,3.672158e-21,1.300969e-15,1.300973e-15,2.604545e-05,30
1.975,1,fire,6,write,4.189651e-19,1.302366e-13,1.302370e-13,2.604934e-05,11
1.975,1,fire,6,fall,4.686582e-21,1.301165e-15,1.301170e-15,2.604938e-05,30
1.975,1,fire,7,rise,4.696311e-21,1.301168e-15,1.301172e-15,2.604942e-05,30
1.975,1,fire,7,write,5.182558e-19,1.302587e-13,1.302592e-13,2.605421e-05,11
1.975,1,fire,7,fall,5.645165e-21,1.301409e-15,1.301415e-15,2.605426e-05,30
1.975,1,fire,8,rise,5.654226e-21,1.301411e-15,1.301417e-15,2.605431e-05,30
1.975,1,fire,8,write,6.107329e-19,1.302852e-13,1.302859e-13,2.605992e-05,11
1.975,1,fire,8,fall,6.534157e-21,1.301694e-15,1.301701e-15,2.605998e-05,30
1.975,1,fire,9,rise,6.542525e-21,1.301697e-15,1.301704e-15,2.606004e-05,30
1.975,1,fire,9,write,6.961386e-19,1.303158e-13,1.303165e-13,2.606640e-05,11
1.975,1,fire,9,fall,-2.743250e-16,7.712734e-16,4.969484e-16,3.000122e-08,30
1.975,1,burst_read,0,burst_read,7.515537e-17,3.748875e-18,7.890424e-17,-2.527216e-13,21
1.975,1,erase,0,rise,3.647000e-16,2.915373e-18,3.676153e-16,5.039926e-09,30
1.975,1,erase,0,hold,1.148585e-14,4.804827e-17,1.153390e-14,1.464627e-11,41
1.975,1,erase,0,fall,-1.593467e-15,4.132420e-19,-1.593054e-15,1.073210e-08,32
1.975,1,relax,0,hold,-1.981237e-14,2.664516e-16,-1.954592e-14,-3.579810e-14,71
1.975,2,fire,1,rise,2.566907e-16,5.142155e-16,7.709062e-16,2.415032e-05,30
1.975,2,fire,1,write,3.525290e-15,1.216023e-13,1.251276e-13,2.432964e-05,11
1.975,2,fire,1,fall,4.343897e-22,1.215266e-15,1.215266e-15,2.432964e-05,30
1.975,2,fire,2,rise,4.384380e-22,1.215266e-15,1.215266e-15,2.432965e-05,30
1.975,2,fire,2,write,6.404937e-20,1.216505e-13,1.216505e-13,2.433064e-05,11
1.975,2,fire,2,fall,8.377934e-22,1.215316e-15,1.215317e-15,2.433065e-05,30
1.975,2,fire,3,rise,8.416499e-22,1.215316e-15,1.215317e-15,2.433067e-05,30
1.975,2,fire,3,write,1.034646e-19,1.216571e-13,1.216572e-13,2.433225e-05,11
1.975,2,fire,3,fall,1.226074e-21,1.215396e-15,1.215398e-15,2.433227e-05,30
1.975,2,fire,4,rise,1.230205e-21,1.215397e-15,1.215398e-15,2.433229e-05,30
1.975,2,fire,4,write,1.615491e-19,1.216669e-13,1.216670e-13,2.433469e-05,11
1.975,2,fire,4,fall,2.202564e-21,1.215519e-15,1.215521e-15,2.433472e-05,30
1.975,2,fire,5,rise,2.215469e-21,1.215520e-15,1.215522e-15,2.433476e-05,30
1.975,2,fire,5,write,2.856565e-19,1.216832e-13,1.216834e-13,2.433877e-05,11
1.975,2,fire,5,fall,3.477374e-21,1.215723e-15,1.215726e-15,2.433882e-05,30
1.975,2,fire,6,rise,3.489468e-21,1.215725e-15,1.215729e-15,2.433887e-05,30
1.975,2,fire,6,write,4.090897e-19,1.217077e-13,1.217081e-13,2.434447e-05,11
1.975,2,fire,6,fall,4.668416e-21,1.216008e-15,1.216012e-15,2.434453e-05,30
1.975,2,fire,7,rise,4.679661e-21,1.216011e-15,1.216015e-15,2.434459e-05,30
1.975,2,fire,7,write,5.368177e-19,1.217403e-13,1.217409e-13,2.435191e-05,11
1.975,2,fire,7,fall,6.195670e-21,1.216380e-15,1.216386e-15,2.435200e-05,30
1.975,2,fire,8,rise,6.213445e-21,1.216384e-15,1.216391e-15,2.435208e-05,30
1.975,2,fire,8,write,7.092129e-19,1.217842e-13,1.217849e-13,2.436201e-05,11
1.975,2,fire,8,fall,7.927337e-21,1.216885e-15,1.216893e-15,2.436212e-05,30
1.975,2,fire,9,rise,7.943568e-21,1.216891e-15,1.216899e-15,2.436223e-05,30
1.975,2,fire,9,write,8.749040e-19,1.218412e-13,1.218421e-13,2.437465e-05,11
1.975,2,fire,9,fall,-2.554846e-16,5.229441e-16,2.674595e-16,2.924233e-08,30
1.975,2,burst_read,0,burst_read,7.316286e-17,3.653322e-18,7.681618e-17,-3.975293e-13,21
1.975,2,erase,0,rise,3.561319e-16,2.845732e-18,3.589777e-16,4.957815e-09,30
1.975,2,erase,0,hold,1.145553e-14,4.797168e-17,1.150350e-14,1.277447e-11,41
1.975,2,erase,0,fall,-1.630945e-15,3.796105e-19,-1.630565e-15,1.007109e-08,31
1.975,2,relax,0,hold,-1.991012e-14,2.492109e-16,-1.966090e-14,-3.421778e-14,71
1.975,3,fire,1,rise,2.582421e-16,5.365970e-16,7.948391e-16,2.433350e-05,30
1.975,3,fire,1,write,2.237520e-20,1.103073e-13,1.103073e-13,2.451294e-05,10
1.975,3,fire,1,fall,4.418342e-22,1.224422e-15,1.224422e-15,2.451295e-05,30
1.975,3,fire,2,rise,4.459480e-22,1.224422e-15,1.224422e-15,2.451296e-05,30
1.975,3,fire,2,write,5.936731e-20,1.103103e-13,1.103104e-13,2.451388e-05,10
1.975,3,fire,2,fall,8.522268e-22,1.224470e-15,1.224471e-15,2.451393e-05,30
1.975,3,fire,3,rise,8.561547e-22,1.224471e-15,1.224472e-15,2.451394e-05,30
1.975,3,fire,3,write,9.471716e-20,1.103160e-13,1.103161e-13,2.451539e-05,10
1.975,3,fire,3,fall,1.242226e-21,1.224549e-15,1.224550e-15,2.451550e-05,30
1.975,3,fire,4,rise,1.245941e-21,1.224550e-15,1.224551e-15,2.451551e-05,30
1.975,3,fire,4,write,1.281910e-19,1.103241e-13,1.103242e-13,2.451743e-05,10
1.975,3,fire,4,fall,1.609519e-21,1.224654e-15,1.224656e-15,2.451762e-05,30
1.975,3,fire,5,rise,1.613002e-21,1.224656e-15,1.224657e-15,2.451764e-05,30
1.975,3,fire,5,write,1.602416e-19,1.103346e-13,1.103347e-13,2.451998e-05,10
1.975,3,fire,5,fall,2.007765e-20,1.224793e-14,1.224795e-14,2.452052e-05,30
1.975,3,fire,6,rise,2.032399e-21,1.224801e-15,1.224803e-15,2.452055e-05,30
1.975,3,fire,6,write,2.082186e-19,1.103488e-13,1.103490e-13,2.452350e-05,10
1.975,3,fire,6,fall,2.819444e-21,1.224969e-15,1.224972e-15,2.452392e-05,30
1.975,3,fire,7,rise,2.829813e-21,1.224971e-15,1.224974e-15,2.452396e-05,30
1.975,3,fire,7,write,2.661517e-19,9.810406e-14,9.810433e-14,2.452789e-05,9
1.975,3,fire,7,fall,3.847285e-21,1.225200e-15,1.225203e-15,2.452855e-05,30
1.975,3,fire,8,rise,3.857315e-21,1.225202e-15,1.225206e-15,2.452860e-05,30
1.975,3,fire,8,write,3.493147e-19,9.812459e-14,9.812494e-14,2.453356e-05,9
1.975,3,fire,8,fall,5.102332e-21,1.225500e-15,1.225505e-15,2.453456e-05,30
1.975,3,fire,9,rise,5.117028e-21,1.225503e-15,1.225508e-15,2.453463e-05,30
1.975,3,fire,9,write,4.608998e-19,9.815167e-14,9.815213e-14,2.454114e-05,9
1.975,3,fire,9,fall,-2.578922e-16,5.435523e-16,2.856601e-16,2.928703e-08,30
1.975,3,burst_read,0,burst_read,-2.407648e-20,-1.193667e-21,-2.527014e-20,-2.934077e-13,17
1.975,3,erase,0,rise,3.567509e-16,2.850725e-18,3.596017e-16,4.962175e-09,30
1.975,3,erase,0,hold,3.926834e-15,1.661358e-17,3.943447e-15,1.286152e-11,40
1.975,3,erase,0,fall,-1.629398e-15,3.786495e-19,-1.629020e-15,1.007910e-08,31
1.975,3,relax,0,hold,-5.307853e-17,-2.209908e-18,-5.528844e-17,-3.424414e-14,70
1.975,4,fire,1,rise,2.582046e-16,5.360193e-16,7.942239e-16,2.432862e-05,30
1.975,4,fire,1,write,1.586042e-20,9.803121e-14,9.803123e-14,2.450796e-05,9
1.975,4,fire,1,fall,4.602015e-21,1.224180e-14,1.224180e-14,2.450813e-05,30
1.975,4,fire,2,rise,4.827354e-22,1.224181e-15,1.224182e-15,2.450814e-05,30
1.975,4,fire,2,write,5.211767e-20,9.803400e-14,9.803406e-14,2.450892e-05,9
1.975,4,fire,2,fall,8.871868e-22,1.224233e-15,1.224233e-15,2.450917e-05,30
1.975,4,fire,3,rise,8.910953e-22,1.224233e-15,1.224234e-15,2.450918e-05,30
1.975,4,fire,3,write,7.446489e-20,8.578438e-14,8.578445e-14,2.451039e-05,8
1.975,4,fire,3,fall,1.275093e-21,1.224313e-15,1.224315e-15,2.451079e-05,30
1.975,4,fire,4,rise,1.278787e-21,1.224314e-15,1.224315e-15,2.451080e-05,30
1.975,4,fire,4,write,1.004455e-19,8.579076e-14,8.579086e-14,2.451240e-05,8
1.975,4,fire,4,fall,1.640524e-21,1.224422e-15,1.224423e-15,2.451296e-05,30
1.975,4,fire,5,rise,1.644036e-21,1.224423e-15,1.224424e-15,2.451298e-05,30
1.975,4,fire,5,write,1.254143e-19,8.579896e-14,8.579908e-14,2.451492e-05,8
1.975,4,fire,5,fall,2.034918e-21,1.224556e-15,1.224558e-15,2.451566e-05,30
1.975,4,fire,6,rise,2.039482e-21,1.224558e-15,1.224560e-15,2.451569e-05,30
1.975,4,fire,6,write,1.590978e-19,8.580902e-14,8.580918e-14,2.451803e-05,8
1.975,4,fire,6,fall,2.911197e-20,1.224736e-14,1.224739e-14,2.451945e-05,30
1.975,4,fire,7,rise,2.967911e-21,1.224747e-15,1.224750e-15,2.451949e-05,30
1.975,4,fire,7,write,2.346784e-19,8.582389e-14,8.582412e-14,2.452275e-05,8
1.975,4,fire,7,fall,3.986011e-21,1.224985e-15,1.224989e-15,2.452425e-05,30
1.975,4,fire,8,rise,3.996174e-21,1.224987e-15,1.224991e-15,2.452430e-05,30
1.975,4,fire,8,write,3.079539e-19,8.584198e-14,8.584229e-14,2.452840e-05,8
1.975,4,fire,8,fall,5.316343e-21,1.225298e-15,1.225303e-15,2.453052e-05,30
1.975,4,fire,9,rise,5.330899e-21,1.225301e-15,1.225307e-15,2.453060e-05,30
1.975,4,fire,9,write,3.531625e-19,7.360053e-14,7.360089e-14,2.453597e-05,7
1.975,4,fire,9,fall,-2.578390e-16,5.430944e-16,2.852554e-16,2.928613e-08,30
1.975,4,burst_read,0,burst_read,-2.015898e-20,-9.995882e-22,-2.115856e-20,-3.034418e-13,14
1.975,4,erase,0,rise,3.567393e-16,2.850631e-18,3.595899e-16,4.962091e-09,30
1.975,4,erase,0,hold,3.937000e-15,1.665577e-17,3.953655e-15,1.289844e-11,40
1.975,4,erase,0,fall,-1.629353e-15,3.788066e-19,-1.628974e-15,1.008070e-08,31
1.975,4,relax,0,hold,-5.341427e-17,-2.245124e-18,-5.565940e-17,-3.427224e-14,70
1.975,5,fire,1,rise,2.581944e-16,5.358733e-16,7.940677e-16,2.432744e-05,30
1.975,5,fire,1,write,1.038783e-20,7.351980e-14,7.351981e-14,2.450670e-05,7
1.975,5,fire,1,fall,4.416379e-22,1.224119e-15,1.224120e-15,2.450689e-05,30
1.975,5,fire,2,rise,4.457497e-22,1.224119e-15,1.224120e-15,2.450690e-05,30
1.975,5,fire,2,write,3.521823e-20,7.352151e-14,7.352154e-14,2.450745e-05,7
1.975,5,fire,2,fall,8.695014e-21,1.224171e-14,1.224172e-14,2.450799e-05,30
1.975,5,fire,3,rise,8.909922e-22,1.224174e-15,1.224175e-15,2.450800e-05,30
1.975,5,fire,3,write,6.129515e-20,7.352541e-14,7.352547e-14,2.450894e-05,7
1.975,5,fire,3,fall,1.274940e-21,1.224254e-15,1.224256e-15,2.450961e-05,30
1.975,5,fire,4,rise,1.278633e-21,1.224255e-15,1.224257e-15,2.450962e-05,30
1.975,5,fire,4,write,8.370347e-20,7.353071e-14,7.353080e-14,2.451086e-05,7
1.975,5,fire,4,fall,1.640344e-21,1.224363e-15,1.224364e-15,2.451178e-05,30
1.975,5,fire,5,rise,1.643856e-21,1.224364e-15,1.224366e-15,2.451180e-05,30
1.975,5,fire,5,write,8.844131e-20,6.128162e-14,6.128171e-14,2.451330e-05,6
1.975,5,fire,5,fall,2.035662e-21,1.224497e-15,1.224499e-15,2.451448e-05,30
1.975,5,fire,6,rise,2.040226e-21,1.224499e-15,1.224501e-15,2.451451e-05,30
1.975,5,fire,6,write,1.111386e-19,6.128871e-14,6.128882e-14,2.451629e-05,6
1.975,5,fire,6,fall,2.876147e-21,1.224669e-15,1.224672e-15,2.451792e-05,30
1.975,5,fire,7,rise,2.886527e-21,1.224671e-15,1.224674e-15,2.451796e-05,30
1.975,5,fire,7,write,1.601276e-19,6.129806e-14,6.129822e-14,2.452034e-05,6
1.975,5,fire,7,fall,3.952880e-20,1.224915e-14,1.224919e-14,2.452310e-05,30
1.975,5,fire,8,rise,4.008470e-21,1.224930e-15,1.224934e-15,2.452315e-05,30
1.975,5,fire,8,write,2.165433e-19,6.131193e-14,6.131214e-14,2.452624e-05,6
1.975,5,fire,8,fall,5.335607e-21,1.225242e-15,1.225247e-15,2.452940e-05,30
1.975,5,fire,9,rise,5.350166e-21,1.225245e-15,1.225251e-15,2.452947e-05,30
1.975,5,fire,9,write,2.875148e-19,6.132879e-14,6.132908e-14,2.453351e-05,6
1.975,5,fire,9,fall,-2.578234e-16,5.429571e-16,2.851337e-16,2.928589e-08,30
1.975,5,burst_read,0,burst_read,-1.559170e-20,-7.731221e-22,-1.636483e-20,-3.060723e-13,11
1.975,5,erase,0,rise,3.567358e-16,2.850604e-18,3.595864e-16,4.962066e-09,30
1.975,5,erase,0,hold,3.947425e-15,1.669908e-17,3.964124e-15,1.293250e-11,40
1.975,5,erase,0,fall,-1.629373e-15,3.788262e-19,-1.628995e-15,1.008060e-08,31
1.975,5,relax,0,hold,-5.372851e-17,-2.276794e-18,-5.600531e-17,-3.428786e-14,70
1.975,6,fire,1,rise,2.581889e-16,5.357904e-16,7.939794e-16,2.432677e-05,30
1.975,6,fire,1,write,3.528220e-15,6.121996e-14,6.474818e-14,2.450596e-05,6
1.975,6,fire,1,fall,4.416096e-22,1.224085e-15,1.224086e-15,2.450622e-05,30
1.975,6,fire,2,rise,4.457212e-22,1.224086e-15,1.224086e-15,2.450622e-05,30
1.975,6,fire,2,write,2.250835e-20,4.901287e-14,4.901290e-14,2.450661e-05,5
1.975,6,fire,2,fall,8.517733e-22,1.224134e-15,1.224135e-15,2.450720e-05,30
1.975,6,fire,3,rise,8.556989e-22,1.224135e-15,1.224136e-15,2.450721e-05,30
1.975,6,fire,3,write,3.839795e-20,4.901512e-14,4.901516e-14,2.450785e-05,5
1.975,6,fire,3,fall,1.258249e-20,1.224217e-14,1.224218e-14,2.450893e-05,30
1.975,6,fire,4,rise,1.278553e-21,1.224222e-15,1.224223e-15,2.450895e-05,30
1.975,6,fire,4,write,5.493551e-20,4.901887e-14,4.901893e-14,2.450984e-05,5
1.975,6,fire,4,fall,1.640248e-21,1.224329e-15,1.224331e-15,2.451110e-05,30
1.975,6,fire,5,rise,1.643759e-21,1.224330e-15,1.224332e-15,2.451113e-05,30
1.975,6,fire,5,write,6.915438e-20,4.902339e-14,4.902345e-14,2.451220e-05,5
1.975,6,fire,5,fall,2.036074e-21,1.224464e-15,1.224466e-15,2.451380e-05,30
1.975,6,fire,6,rise,2.040637e-21,1.224465e-15,1.224467e-15,2.451383e-05,30
1.975,6,fire,6,write,8.607874e-20,4.902893e-14,4.902902e-14,2.451509e-05,5
1.975,6,fire,6,fall,2.882838e-21,1.224636e-15,1.224639e-15,2.451725e-05,30
1.975,6,fire,7,rise,2.893218e-21,1.224638e-15,1.224641e-15,2.451729e-05,30
1.975,6,fire,7,write,9.445461e-20,3.677744e-14,3.677753e-14,2.451894e-05,4
1.975,6,fire,7,fall,3.914062e-21,1.224871e-15,1.224875e-15,2.452196e-05,30
1.975,6,fire,8,rise,3.924143e-21,1.224873e-15,1.224877e-15,2.452201e-05,30
1.975,6,fire,8,write,1.247351e-19,3.678480e-14,3.678493e-14,2.452404e-05,4
1.975,6,fire,8,fall,5.281057e-20,1.225193e-14,1.225199e-14,2.452875e-05,30
1.975,6,fire,9,rise,5.361178e-21,1.225213e-15,1.225218e-15,2.452882e-05,30
1.975,6,fire,9,write,1.703021e-19,3.679559e-14,3.679576e-14,2.453156e-05,4
1.975,6,fire,9,fall,-2.578144e-16,5.428782e-16,2.850638e-16,2.928577e-08,30
1.975,6,burst_read,0,burst_read,7.330149e-17,3.660217e-18,7.696171e-17,-3.084225e-13,8
1.975,6,erase,0,rise,3.567341e-16,2.850590e-18,3.595847e-16,4.962054e-09,30
1.975,6,erase,0,hold,3.958051e-15,1.674321e-17,3.974795e-15,1.296675e-11,40
1.975,6,erase,0,fall,-1.629386e-15,3.788435e-19,-1.629007e-15,1.008058e-08,31
1.975,6,relax,0,hold,-5.398980e-17,-2.303335e-18,-5.629313e-17,-3.430727e-14,70
1.975,7,fire,1,rise,2.581822e-16,5.356918e-16,7.938740e-16,2.432596e-05,30
1.975,7,fire,1,write,3.050542e-21,3.675760e-14,3.675760e-14,2.450509e-05,4
1.975,7,fire,1,fall,4.430607e-22,1.224045e-15,1.224045e-15,2.450540e-05,30
1.975,7,fire,2,rise,4.471864e-22,1.224045e-15,1.224046e-15,2.450541e-05,30
1.975,7,fire,2,write,1.558746e-20,3.675830e-14,3.675832e-14,2.450565e-05,4
1.975,7,fire,2,fall,8.546282e-22,1.224094e-15,1.224095e-15,2.450639e-05,30
1.975,7,fire,3,rise,8.585672e-22,1.224094e-15,1.224095e-15,2.450640e-05,30
1.975,7,fire,3,write,2.760810e-20,3.675990e-14,3.675992e-14,2.450680e-05,4
1.975,7,fire,3,fall,1.245706e-21,1.224172e-15,1.224174e-15,2.450796e-05,30
1.975,7,fire,4,rise,1.249431e-21,1.224173e-15,1.224174e-15,2.450798e-05,30
1.975,7,fire,4,write,2.638754e-20,2.450832e-14,2.450834e-14,2.450851e-05,3
1.975,7,fire,4,fall,1.629962e-20,1.224284e-14,1.224286e-14,2.451031e-05,30
1.975,7,fire,5,rise,1.649313e-21,1.224290e-15,1.224292e-15,2.451033e-05,30
1.975,7,fire,5,write,3.426316e-20,2.451075e-14,2.451078e-14,2.451100e-05,3
1.975,7,fire,5,fall,2.043415e-21,1.224424e-15,1.224426e-15,2.451302e-05,30
1.975,7,fire,6,rise,2.047988e-21,1.224426e-15,1.224428e-15,2.451305e-05,30
1.975,7,fire,6,write,4.252435e-20,2.451349e-14,2.451354e-14,2.451380e-05,3
1.975,7,fire,6,fall,2.898504e-21,1.224597e-15,1.224600e-15,2.451648e-05,30
1.975,7,fire,7,rise,2.908895e-21,1.224599e-15,1.224602e-15,2.451652e-05,30
1.975,7,fire,7,write,6.102878e-20,2.451706e-14,2.451712e-14,2.451748e-05,3
1.975,7,fire,7,fall,3.929535e-21,1.224833e-15,1.224837e-15,2.452121e-05,30
1.975,7,fire,8,rise,3.939573e-21,1.224836e-15,1.224840e-15,2.452126e-05,30
1.975,7,fire,8,write,8.119493e-20,2.452185e-14,2.452193e-14,2.452240e-05,3
1.975,7,fire,8,fall,5.231709e-21,1.225141e-15,1.225146e-15,2.452739e-05,30
1.975,7,fire,9,rise,5.246350e-21,1.225145e-15,1.225150e-15,2.452746e-05,30
1.975,7,fire,9,write,5.462953e-20,1.226423e-14,1.226429e-14,2.452884e-05,2
1.975,7,fire,9,fall,-2.577976e-16,5.373318e-15,5.115520e-15,2.928285e-09,30
1.975,7,burst_read,0,burst_read,-4.637077e-21,-2.299177e-22,-4.866994e-21,-3.055919e-13,4
1.975,7,erase,0,rise,3.567322e-16,2.850575e-18,3.595828e-16,4.962043e-09,30
1.975,7,erase,0,hold,3.968865e-15,1.678814e-17,3.985653e-15,1.299793e-11,40
1.975,7,erase,0,fall,-1.615268e-15,3.307880e-19,-1.614937e-15,1.007896e-08,31
1.975,7,relax,0,hold,-5.422610e-17,-2.326389e-18,-5.655249e-17,-3.443908e-14,70
1.975,8,fire,1,rise,2.581875e-16,5.357237e-16,7.939113e-16,2.432638e-05,30
1.975,8,fire,1,write,9.117362e-22,1.225274e-14,1.225274e-14,2.450549e-05,2
1.975,8,fire,1,fall,5.397174e-22,1.224071e-15,1.224071e-15,2.450592e-05,30
1.975,8,fire,2,rise,5.447558e-22,1.224071e-15,1.224072e-15,2.450593e-05,30
1.975,8,fire,2,write,6.031237e-21,1.225301e-14,1.225302e-14,2.450608e-05,2
1.975,8,fire,2,fall,1.041724e-21,1.224133e-15,1.224134e-15,2.450717e-05,30
1.975,8,fire,3,rise,1.046523e-21,1.224134e-15,1.224135e-15,2.450719e-05,30
1.975,8,fire,3,write,1.093129e-20,1.225367e-14,1.225368e-14,2.450742e-05,2
1.975,8,fire,3,fall,1.517588e-21,1.224233e-15,1.224234e-15,2.450917e-05,30
1.975,8,fire,4,rise,1.522115e-21,1.224234e-15,1.224235e-15,2.450919e-05,30
1.975,8,fire,4,write,1.557549e-20,1.225468e-14,1.225470e-14,2.450948e-05,2
1.975,8,fire,4,fall,1.964713e-21,1.224368e-15,1.224370e-15,2.451188e-05,30
1.975,8,fire,5,rise,1.988229e-20,1.224376e-14,1.224378e-14,2.451218e-05,30
1.975,8,fire,5,write,0.000000e+00,0.000000e+00,0.000000e+00,nan,1
1.975,8,fire,5,fall,2.444033e-20,1.224542e-14,1.224545e-14,2.451554e-05,30
1.975,8,fire,6,rise,2.472889e-21,1.224552e-15,1.224555e-15,2.451558e-05,30
1.975,8,fire,6,write,2.505379e-20,1.225788e-14,1.225791e-14,2.451595e-05,2
1.975,8,fire,6,fall,3.386106e-21,1.224765e-15,1.224768e-15,2.451984e-05,30
1.975,8,fire,7,rise,3.397119e-21,1.224767e-15,1.224771e-15,2.451989e-05,30
1.975,8,fire,7,write,0.000000e+00,0.000000e+00,0.000000e+00,nan,1
1.975,8,fire,7,fall,4.471649e-21,1.225048e-15,1.225053e-15,2.452552e-05,30
1.975,8,fire,8,rise,4.481987e-21,1.225051e-15,1.225056e-15,2.452559e-05,30
1.975,8,fire,8,write,0.000000e+00,0.000000e+00,0.000000e+00,nan,1
1.975,8,fire,8,fall,5.558938e-21,1.225400e-15,1.225406e-15,2.453257e-05,30
1.975,8,fire,9,rise,5.569804e-21,1.225404e-15,1.225410e-15,2.453265e-05,30
1.975,8,fire,9,write,0.000000e+00,0.000000e+00,0.000000e+00,nan,1
1.975,8,fire,9,fall,-2.578703e-16,5.432630e-16,2.853927e-16,2.928667e-08,30
1.975,8,burst_read,0,burst_read,0.000000e+00,0.000000e+00,0.000000e+00,nan,1
1.975,8,erase,0,rise,3.567462e-16,2.850675e-18,3.595969e-16,4.962143e-09,30
1.975,8,erase,0,hold,3.979395e-15,1.683197e-17,3.996227e-15,1.303457e-11,40
1.975,8,erase,0,fall,-1.615204e-15,3.307075e-19,-1.614873e-15,1.007892e-08,31
1.975,8,relax,0,hold,-5.439563e-17,-2.344532e-18,-5.674016e-17,-3.438489e-14,70
1.975,9,fire,1,rise,2.581713e-16,5.355327e-16,7.937040e-16,2.432459e-05,30
1.975,9,fire,1,write,0.000000e+00,0.000000e+00,0.000000e+00,nan,1
1.975,9,fire,1,fall,4.925158e-21,1.223980e-14,1.223980e-14,2.450413e-05,30
1.975,9,fire,2,rise,5.166525e-22,1.223982e-15,1.223982e-15,2.450414e-05,30
1.975,9,fire,2,write,0.000000e+00,0.000000e+00,0.000000e+00,nan,1
1.975,9,fire,2,fall,9.496457e-22,1.224037e-15,1.224038e-15,2.450526e-05,30
1.975,9,fire,3,rise,9.538280e-22,1.224038e-15,1.224039e-15,2.450527e-05,30
1.975,9,fire,3,write,nan,nan,nan,nan,0
1.975,9,fire,3,fall,1.364526e-21,1.224125e-15,1.224127e-15,2.450702e-05,30
1.975,9,fire,4,rise,1.368475e-21,1.224126e-15,1.224128e-15,2.450704e-05,30
1.975,9,fire,4,write,nan,nan,nan,nan,0
1.975,9,fire,4,fall,1.755037e-21,1.224243e-15,1.224245e-15,2.450939e-05,30
1.975,9,fire,5,rise,1.758785e-21,1.224245e-15,1.224246e-15,2.450941e-05,30
1.975,9,fire,5,write,nan,nan,nan,nan,0
1.975,9,fire,5,fall,2.175308e-21,1.224390e-15,1.224392e-15,2.451233e-05,30
1.975,9,fire,6,rise,2.180085e-21,1.224392e-15,1.224394e-15,2.451236e-05,30
1.975,9,fire,6,write,nan,nan,nan,nan,0
1.975,9,fire,6,fall,3.108596e-20,1.224586e-14,1.224589e-14,2.451646e-05,30
1.975,9,fire,7,rise,3.166397e-21,1.224598e-15,1.224601e-15,2.451650e-05,30
1.975,9,fire,7,write,nan,nan,nan,nan,0
1.975,9,fire,7,fall,4.200403e-21,1.224854e-15,1.224858e-15,2.452162e-05,30
1.975,9,fire,8,rise,4.210698e-21,1.224856e-15,1.224861e-15,2.452168e-05,30
1.975,9,fire,8,write,nan,nan,nan,nan,0
1.975,9,fire,8,fall,5.481336e-21,1.225185e-15,1.225191e-15,2.452827e-05,30
1.975,9,fire,9,rise,5.494648e-21,1.225189e-15,1.225194e-15,2.452834e-05,30
1.975,9,fire,9,write,nan,nan,nan,nan,0
1.975,9,fire,9,fall,-2.578088e-16,5.428070e-16,2.849982e-16,2.928585e-08,30
1.975,9,burst_read,0,burst_read,nan,nan,nan,nan,0
1.975,9,erase,0,rise,3.567342e-16,2.850596e-18,3.595848e-16,4.962062e-09,30
1.975,9,erase,0,hold,3.989514e-15,1.687384e-17,4.006387e-15,1.307058e-11,40
1.975,9,erase,0,fall,-1.629375e-15,3.788263e-19,-1.628996e-15,1.008055e-08,31
1.975,9,relax,0,hold,-5.451953e-17,-2.357910e-18,-5.687744e-17,-3.438525e-14,70
1.975,10,fire,1,rise,2.581560e-16,5.353253e-16,7.934814e-16,2.432288e-05,30
1.975,10,fire,1,write,nan,nan,nan,nan,0
1.975,10,fire,1,fall,4.428445e-22,1.223891e-15,1.223891e-15,2.450232e-05,30
1.975,10,fire,2,rise,4.469683e-22,1.223891e-15,1.223892e-15,2.450233e-05,30
1.975,10,fire,2,write,nan,nan,nan,nan,0
1.975,10,fire,2,fall,8.719450e-21,1.223943e-14,1.223943e-14,2.450342e-05,30
1.975,10,fire,3,rise,8.934975e-22,1.223946e-15,1.223947e-15,2.450343e-05,30
1.975,10,fire,3,write,nan,nan,nan,nan,0
1.975,10,fire,3,fall,1.278535e-21,1.224026e-15,1.224028e-15,2.450504e-05,30
1.975,10,fire,4,rise,1.282238e-21,1.224027e-15,1.224029e-15,2.450506e-05,30
1.975,10,fire,4,write,nan,nan,nan,nan,0
1.975,10,fire,4,fall,1.645044e-21,1.224135e-15,1.224137e-15,2.450722e-05,30
1.975,10,fire,5,rise,1.648571e-21,1.224136e-15,1.224138e-15,2.450724e-05,30
1.975,10,fire,5,write,nan,nan,nan,nan,0
1.975,10,fire,5,fall,2.044964e-21,1.224270e-15,1.224272e-15,2.450993e-05,30
1.975,10,fire,6,rise,2.049556e-21,1.224272e-15,1.224274e-15,2.450996e-05,30
1.975,10,fire,6,write,nan,nan,nan,nan,0
1.975,10,fire,6,fall,2.925327e-21,1.224444e-15,1.224447e-15,2.451342e-05,30
1.975,10,fire,7,rise,2.935718e-21,1.224446e-15,1.224449e-15,2.451346e-05,30
1.975,10,fire,7,write,nan,nan,nan,nan,0
1.975,10,fire,7,fall,4.001878e-20,1.224694e-14,1.224698e-14,2.451866e-05,30
1.975,10,fire,8,rise,4.057523e-21,1.224708e-15,1.224712e-15,2.451871e-05,30
1.975,10,fire,8,write,nan,nan,nan,nan,0
1.975,10,fire,8,fall,5.411941e-21,1.225025e-15,1.225030e-15,2.452506e-05,30
1.975,10,fire,9,rise,5.426466e-21,1.225029e-15,1.225034e-15,2.452513e-05,30
1.975,10,fire,9,write,nan,nan,nan,nan,0
1.975,10,fire,9,fall,-2.577631e-16,5.424352e-16,2.846722e-16,2.928512e-08,30
1.975,10,burst_read,0,burst_read,nan,nan,nan,nan,0
1.975,10,erase,0,rise,3.567243e-16,2.850512e-18,3.595748e-16,4.961985e-09,30
1.975,10,erase,0,hold,3.999808e-15,1.691660e-17,4.016725e-15,1.310402e-11,40
1.975,10,erase,0,fall,-1.629400e-15,3.788429e-19,-1.629021e-15,1.008043e-08,31
1.975,10,relax,0,hold,-5.464816e-17,-2.370876e-18,-5.701904e-17,-3.441147e-14,70
1.975,11,fire,1,rise,2.581463e-16,5.351891e-16,7.933355e-16,2.432174e-05,30
1.975,11,fire,1,write,nan,nan,nan,nan,0
1.975,11,fire,1,fall,4.413995e-22,1.223834e-15,1.223835e-15,2.450119e-05,30
1.975,11,fire,2,rise,4.455092e-22,1.223834e-15,1.223835e-15,2.450119e-05,30
1.975,11,fire,2,write,nan,nan,nan,nan,0
1.975,11,fire,2,fall,8.513633e-22,1.223883e-15,1.223884e-15,2.450217e-05,30
1.975,11,fire,3,rise,8.552869e-22,1.223884e-15,1.223884e-15,2.450218e-05,30
1.975,11,fire,3,write,nan,nan,nan,nan,0
1.975,11,fire,3,fall,1.257618e-20,1.223965e-14,1.223967e-14,2.450390e-05,30
1.975,11,fire,4,rise,1.277910e-21,1.223970e-15,1.223972e-15,2.450392e-05,30
1.975,11,fire,4,write,nan,nan,nan,nan,0
1.975,11,fire,4,fall,1.639493e-21,1.224078e-15,1.224080e-15,2.450608e-05,30
1.975,11,fire,5,rise,1.643013e-21,1.224079e-15,1.224081e-15,2.450610e-05,30
1.975,11,fire,5,write,nan,nan,nan,nan,0
1.975,11,fire,5,fall,2.039276e-21,1.224213e-15,1.224215e-15,2.450878e-05,30
1.975,11,fire,6,rise,2.043967e-21,1.224214e-15,1.224216e-15,2.450881e-05,30
1.975,11,fire,6,write,nan,nan,nan,nan,0
1.975,11,fire,6,fall,2.928322e-21,1.224387e-15,1.224390e-15,2.451227e-05,30
1.975,11,fire,7,rise,2.938704e-21,1.224389e-15,1.224392e-15,2.451231e-05,30
1.975,11,fire,7,write,nan,nan,nan,nan,0
1.975,11,fire,7,fall,3.960348e-21,1.224625e-15,1.224629e-15,2.451704e-05,30
1.975,11,fire,8,rise,3.970480e-21,1.224628e-15,1.224632e-15,2.451709e-05,30
1.975,11,fire,8,write,nan,nan,nan,nan,0
1.975,11,fire,8,fall,5.362050e-20,1.224953e-14,1.224958e-14,2.452394e-05,30
1.975,11,fire,9,rise,5.442161e-21,1.224973e-15,1.224978e-15,2.452402e-05,30
1.975,11,fire,9,write,nan,nan,nan,nan,0
1.975,11,fire,9,fall,-2.577478e-16,5.423039e-16,2.845561e-16,2.928477e-08,30
1.975,11,burst_read,0,burst_read,nan,nan,nan,nan,0
1.975,11,erase,0,rise,3.567199e-16,2.850477e-18,3.595704e-16,4.961952e-09,30
1.975,11,erase,0,hold,4.010348e-15,1.696036e-17,4.027308e-15,1.313833e-11,40
1.975,11,erase,0,fall,-1.629396e-15,3.788275e-19,-1.629017e-15,1.008035e-08,31
1.975,11,relax,0,hold,-5.475603e-17,-2.381670e-18,-5.713770e-17,-3.444912e-14,70
1.975,12,fire,1,rise,2.581347e-16,5.350314e-16,7.931661e-16,2.432041e-05,30
1.975,12,fire,1,write,nan,nan,nan,nan,0
1.975,12,fire,1,fall,4.457049e-22,1.223767e-15,1.223768e-15,2.449985e-05,30
1.975,12,fire,2,rise,4.498560e-22,1.223768e-15,1.223768e-15,2.449986e-05,30
1.975,12,fire,2,write,nan,nan,nan,nan,0
1.975,12,fire,2,fall,8.597795e-22,1.223817e-15,1.223818e-15,2.450084e-05,30
1.975,12,fire,3,rise,8.637422e-22,1.223817e-15,1.223818e-15,2.450085e-05,30
1.975,12,fire,3,write,nan,nan,nan,nan,0
1.975,12,fire,3,fall,1.253198e-21,1.223896e-15,1.223897e-15,2.450243e-05,30
1.975,12,fire,4,rise,1.273814e-20,1.223901e-14,1.223902e-14,2.450261e-05,30
1.975,12,fire,4,write,nan,nan,nan,nan,0
1.975,12,fire,4,fall,1.636264e-20,1.224007e-14,1.224009e-14,2.450476e-05,30
1.975,12,fire,5,rise,1.655755e-21,1.224013e-15,1.224015e-15,2.450479e-05,30
1.975,12,fire,5,write,nan,nan,nan,nan,0
1.975,12,fire,5,fall,2.055380e-21,1.224148e-15,1.224150e-15,2.450749e-05,30
1.975,12,fire,6,rise,2.060119e-21,1.224150e-15,1.224152e-15,2.450752e-05,30
1.975,12,fire,6,write,nan,nan,nan,nan,0
1.975,12,fire,6,fall,2.952369e-21,1.224324e-15,1.224327e-15,2.451101e-05,30
1.975,12,fire,7,rise,2.962788e-21,1.224326e-15,1.224329e-15,2.451105e-05,30
1.975,12,fire,7,write,nan,nan,nan,nan,0
1.975,12,fire,7,fall,3.984187e-21,1.224563e-15,1.224567e-15,2.451581e-05,30
1.975,12,fire,8,rise,3.994273e-21,1.224566e-15,1.224570e-15,2.451586e-05,30
1.975,12,fire,8,write,nan,nan,nan,nan,0
1.975,12,fire,8,fall,5.314799e-21,1.224877e-15,1.224882e-15,2.452210e-05,30
1.975,12,fire,9,rise,5.329363e-21,1.224881e-15,1.224886e-15,2.452217e-05,30
1.975,12,fire,9,write,nan,nan,nan,nan,0
1.975,12,fire,9,fall,-2.577240e-16,5.367025e-15,5.109301e-15,2.928180e-09,30
1.975,12,burst_read,0,burst_read,nan,nan,nan,nan,0
1.975,12,erase,0,rise,3.567168e-16,2.850454e-18,3.595672e-16,4.961935e-09,30
1.975,12,erase,0,hold,4.019927e-15,1.700016e-17,4.036927e-15,1.316677e-11,40
1.975,12,erase,0,fall,-1.615288e-15,3.307802e-19,-1.614957e-15,1.007868e-08,31
1.975,12,relax,0,hold,-5.482427e-17,-2.389297e-18,-5.721356e-17,-3.462767e-14,70
1.975,13,fire,1,rise,2.581408e-16,5.350629e-16,7.932037e-16,2.432087e-05,30
1.975,13,fire,1,write,nan,nan,nan,nan,0
1.975,13,fire,1,fall,5.729110e-22,1.223797e-15,1.223797e-15,2.450044e-05,30
1.975,13,fire,2,rise,5.782622e-22,1.223797e-15,1.223798e-15,2.450045e-05,30
1.975,13,fire,2,write,nan,nan,nan,nan,0
1.975,13,fire,2,fall,1.105866e-21,1.223864e-15,1.223865e-15,2.450179e-05,30
1.975,13,fire,3,rise,1.110958e-21,1.223865e-15,1.223866e-15,2.450181e-05,30
1.975,13,fire,3,write,nan,nan,nan,nan,0
1.975,13,fire,3,fall,1.610663e-21,1.223971e-15,1.223973e-15,2.450395e-05,30
1.975,13,fire,4,rise,1.615464e-21,1.223973e-15,1.223974e-15,2.450397e-05,30
1.975,13,fire,4,write,nan,nan,nan,nan,0
1.975,13,fire,4,fall,2.084666e-21,1.224117e-15,1.224119e-15,2.450686e-05,30
1.975,13,fire,5,rise,2.089188e-21,1.224119e-15,1.224121e-15,2.450689e-05,30
1.975,13,fire,5,write,nan,nan,nan,nan,0
1.975,13,fire,5,fall,2.599825e-20,1.224307e-14,1.224310e-14,2.451085e-05,30
1.975,13,fire,6,rise,2.630367e-21,1.224318e-15,1.224321e-15,2.451089e-05,30
1.975,13,fire,6,write,nan,nan,nan,nan,0
1.975,13,fire,6,fall,3.618469e-21,1.224549e-15,1.224552e-15,2.451552e-05,30
1.975,13,fire,7,rise,3.629687e-21,1.224551e-15,1.224555e-15,2.451557e-05,30
1.975,13,fire,7,write,nan,nan,nan,nan,0
1.975,13,fire,7,fall,4.723978e-21,1.224853e-15,1.224858e-15,2.452162e-05,30
1.975,13,fire,8,rise,4.734485e-21,1.224857e-15,1.224862e-15,2.452169e-05,30
1.975,13,fire,8,write,nan,nan,nan,nan,0
1.975,13,fire,8,fall,5.755818e-21,1.225226e-15,1.225232e-15,2.452910e-05,30
1.975,13,fire,9,rise,5.765531e-21,1.225230e-15,1.225236e-15,2.452917e-05,30
1.975,13,fire,9,write,nan,nan,nan,nan,0
1.975,13,fire,9,fall,-2.578240e-16,5.428361e-16,2.850121e-16,2.928590e-08,30
1.975,13,burst_read,0,burst_read,nan,nan,nan,nan,0
1.975,13,erase,0,rise,3.567351e-16,2.850591e-18,3.595857e-16,4.962068e-09,30
1.975,13,erase,0,hold,4.031486e-15,1.704824e-17,4.048534e-15,1.320768e-11,40
1.975,13,erase,0,fall,-1.629358e-15,3.786061e-19,-1.628979e-15,1.007896e-08,31
1.975,13,relax,0,hold,-5.493745e-17,-2.399148e-18,-5.733660e-17,-3.450865e-14,70
1.975,14,fire,1,rise,2.581149e-16,5.347662e-16,7.928812e-16,2.431807e-05,30
1.975,14,fire,1,write,nan,nan,nan,nan,0
1.975,14,fire,1,fall,4.466726e-22,1.223651e-15,1.223651e-15,2.449751e-05,30
1.975,14,fire,2,rise,4.508329e-22,1.223651e-15,1.223651e-15,2.449752e-05,30
1.975,14,fire,2,write,nan,nan,nan,nan,0
1.975,14,fire,2,fall,8.616475e-22,1.223700e-15,1.223701e-15,2.449851e-05,30
1.975,14,fire,3,rise,8.656188e-22,1.223701e-15,1.223702e-15,2.449852e-05,30
1.975,14,fire,3,write,nan,nan,nan,nan,0
1.975,14,fire,3,fall,1.255897e-21,1.223779e-15,1.223781e-15,2.450010e-05,30
1.975,14,fire,4,rise,1.259652e-21,1.223780e-15,1.223782e-15,2.450012e-05,30
1.975,14,fire,4,write,nan,nan,nan,nan,0
1.975,14,fire,4,fall,1.627232e-21,1.223887e-15,1.223889e-15,2.450225e-05,30
1.975,14,fire,5,rise,1.630793e-21,1.223888e-15,1.223890e-15,2.450228e-05,30
1.975,14,fire,5,write,nan,nan,nan,nan,0
1.975,14,fire,5,fall,2.023735e-21,1.224021e-15,1.224023e-15,2.450494e-05,30
1.975,14,fire,6,rise,2.028360e-21,1.224023e-15,1.224025e-15,2.450497e-05,30
1.975,14,fire,6,write,nan,nan,nan,nan,0
1.975,14,fire,6,fall,2.890265e-21,1.224194e-15,1.224196e-15,2.450840e-05,30
1.975,14,fire,7,rise,2.900750e-21,1.224196e-15,1.224198e-15,2.450844e-05,30
1.975,14,fire,7,write,nan,nan,nan,nan,0
1.975,14,fire,7,fall,3.926718e-21,1.224430e-15,1.224434e-15,2.451314e-05,30
1.975,14,fire,8,rise,3.936697e-21,1.224432e-15,1.224436e-15,2.451319e-05,30
1.975,14,fire,8,write,nan,nan,nan,nan,0
1.975,14,fire,8,fall,5.237673e-21,1.224739e-15,1.224744e-15,2.451933e-05,30
1.975,14,fire,9,rise,5.252289e-21,1.224742e-15,1.224748e-15,2.451940e-05,30
1.975,14,fire,9,write,nan,nan,nan,nan,0
1.975,14,fire,9,fall,-2.576789e-16,5.417116e-16,2.840327e-16,2.928371e-08,30
1.975,14,burst_read,0,burst_read,nan,nan,nan,nan,0
1.975,14,erase,0,rise,3.543105e-16,2.836810e-18,3.571473e-16,4.900335e-08,30
1.975,14,erase,0,hold,4.047621e-15,1.711517e-17,4.064736e-15,1.325009e-11,40
1.975,14,erase,0,fall,-1.575234e-15,8.569880e-20,-1.575148e-15,8.910415e-08,31
1.975,14,relax,0,hold,-5.505372e-17,-2.407641e-18,-5.746136e-17,-3.471807e-14,70
1.975,15,fire,1,rise,2.581063e-16,5.346034e-16,7.927097e-16,2.431688e-05,30
1.975,15,fire,1,write,nan,nan,nan,nan,0
1.975,15,fire,1,fall,5.616983e-22,1.223597e-15,1.223598e-15,2.449644e-05,30
1.975,15,fire,2,rise,5.669441e-22,1.223597e-15,1.223598e-15,2.449645e-05,30
1.975,15,fire,2,write,nan,nan,nan,nan,0
1.975,15,fire,2,fall,1.084214e-21,1.223662e-15,1.223664e-15,2.449775e-05,30
1.975,15,fire,3,rise,1.089207e-21,1.223663e-15,1.223664e-15,2.449777e-05,30
1.975,15,fire,3,write,nan,nan,nan,nan,0
1.975,15,fire,3,fall,1.579236e-21,1.223767e-15,1.223769e-15,2.449986e-05,30
1.975,15,fire,4,rise,1.583944e-21,1.223769e-15,1.223770e-15,2.449988e-05,30
1.975,15,fire,4,write,nan,nan,nan,nan,0
1.975,15,fire,4,fall,2.044199e-21,1.223909e-15,1.223911e-15,2.450270e-05,30
1.975,15,fire,5,rise,2.048652e-21,1.223911e-15,1.223913e-15,2.450273e-05,30
1.975,15,fire,5,write,nan,nan,nan,nan,0
1.975,15,fire,5,fall,2.528706e-21,1.224086e-15,1.224089e-15,2.450625e-05,30
1.975,15,fire,6,rise,2.534140e-21,1.224088e-15,1.224091e-15,2.450629e-05,30
1.975,15,fire,6,write,nan,nan,nan,nan,0
1.975,15,fire,6,fall,3.491751e-21,1.224309e-15,1.224313e-15,2.451073e-05,30
1.975,15,fire,7,rise,3.502976e-21,1.224312e-15,1.224316e-15,2.451078e-05,30
1.975,15,fire,7,write,nan,nan,nan,nan,0
1.975,15,fire,7,fall,4.594254e-21,1.224604e-15,1.224608e-15,2.451663e-05,30
1.975,15,fire,8,rise,4.604700e-21,1.224607e-15,1.224612e-15,2.451669e-05,30
1.975,15,fire,8,write,nan,nan,nan,nan,0
1.975,15,fire,8,fall,5.652990e-21,1.224967e-15,1.224973e-15,2.452391e-05,30
1.975,15,fire,9,rise,5.663154e-21,1.224971e-15,1.224977e-15,2.452398e-05,30
1.975,15,fire,9,write,nan,nan,nan,nan,0
1.975,15,fire,9,fall,-2.577491e-16,5.422056e-16,2.844565e-16,2.928478e-08,30
1.975,15,burst_read,0,burst_read,nan,nan,nan,nan,0
1.975,15,erase,0,rise,3.805365e-16,2.985183e-18,3.835217e-16,5.573989e-10,30
1.975,15,erase,0,hold,4.029551e-15,1.704019e-17,4.046591e-15,1.319422e-11,40
1.975,15,erase,0,fall,-1.593120e-15,1.355863e-19,-1.592984e-15,8.898093e-08,31
1.975,15,relax,0,hold,-5.540809e-17,-2.428363e-18,-5.783645e-17,-3.458572e-14,70
1.975,16,fire,1,rise,2.581511e-16,5.351114e-16,7.932624e-16,2.432146e-05,30
1.975,16,fire,1,write,nan,nan,nan,nan,0
1.975,16,fire,1,fall,5.604524e-22,1.223826e-15,1.223827e-15,2.450103e-05,30
1.975,16,fire,2,rise,5.656859e-22,1.223826e-15,1.223827e-15,2.450103e-05,30
1.975,16,fire,2,write,nan,nan,nan,nan,0
1.975,16,fire,2,fall,1.081755e-21,1.223891e-15,1.223892e-15,2.450234e-05,30
1.975,16,fire,3,rise,1.086736e-21,1.223892e-15,1.223893e-15,2.450235e-05,30
1.975,16,fire,3,write,nan,nan,nan,nan,0
1.975,16,fire,3,fall,1.575654e-21,1.223996e-15,1.223997e-15,2.450443e-05,30
1.975,16,fire,4,rise,1.580352e-21,1.223997e-15,1.223999e-15,2.450446e-05,30
1.975,16,fire,4,write,nan,nan,nan,nan,0
1.975,16,fire,4,fall,2.039521e-21,1.224137e-15,1.224139e-15,2.450727e-05,30
1.975,16,fire,5,rise,2.043938e-21,1.224139e-15,1.224141e-15,2.450730e-05,30
1.975,16,fire,5,write,nan,nan,nan,nan,0
1.975,16,fire,5,fall,2.518562e-21,1.224314e-15,1.224316e-15,2.451081e-05,30
1.975,16,fire,6,rise,2.523986e-21,1.224316e-15,1.224318e-15,2.451085e-05,30
1.975,16,fire,6,write,nan,nan,nan,nan,0
1.975,16,fire,6,fall,3.453475e-21,1.224535e-15,1.224539e-15,2.451525e-05,30
1.975,16,fire,7,rise,3.464690e-21,1.224538e-15,1.224541e-15,2.451530e-05,30
1.975,16,fire,7,write,nan,nan,nan,nan,0
1.975,16,fire,7,fall,4.556326e-21,1.224827e-15,1.224832e-15,2.452110e-05,30
1.975,16,fire,8,rise,4.566805e-21,1.224830e-15,1.224835e-15,2.452116e-05,30
1.975,16,fire,8,write,nan,nan,nan,nan,0
1.975,16,fire,8,fall,5.607656e-21,1.225188e-15,1.225193e-15,2.452832e-05,30
1.975,16,fire,9,rise,5.617712e-21,1.225191e-15,1.225197e-15,2.452840e-05,30
1.975,16,fire,9,write,nan,nan,nan,nan,0
1.975,16,fire,9,fall,-2.578099e-16,5.427100e-16,2.849001e-16,2.928604e-08,30
1.975,16,burst_read,0,burst_read,nan,nan,nan,nan,0
1.975,16,erase,0,rise,3.543435e-16,2.837069e-18,3.571806e-16,4.900586e-08,30
1.975,16,erase,0,hold,4.073055e-15,1.722085e-17,4.090276e-15,1.334026e-11,40
1.975,16,erase,0,fall,-1.575137e-15,8.562160e-20,-1.575051e-15,8.911020e-08,31
1.975,16,relax,0,hold,-5.524543e-17,-2.420900e-18,-5.766633e-17,-3.483251e-14,70
1.975,17,fire,1,rise,2.580704e-16,5.341256e-16,7.921960e-16,2.431274e-05,30
1.975,17,fire,1,write,nan,nan,nan,nan,0
1.975,17,fire,1,fall,5.652926e-22,1.223390e-15,1.223391e-15,2.449230e-05,30
1.975,17,fire,2,rise,5.705722e-22,1.223390e-15,1.223391e-15,2.449231e-05,30
1.975,17,fire,2,write,nan,nan,nan,nan,0
1.975,17,fire,2,fall,1.091145e-21,1.223456e-15,1.223457e-15,2.449362e-05,30
1.975,17,fire,3,rise,1.096170e-21,1.223457e-15,1.223458e-15,2.449364e-05,30
1.975,17,fire,3,write,nan,nan,nan,nan,0
1.975,17,fire,3,fall,1.589265e-21,1.223562e-15,1.223563e-15,2.449574e-05,30
1.975,17,fire,4,rise,1.594002e-21,1.223563e-15,1.223565e-15,2.449577e-05,30
1.975,17,fire,4,write,nan,nan,nan,nan,0
1.975,17,fire,4,fall,2.057155e-21,1.223705e-15,1.223707e-15,2.449861e-05,30
1.975,17,fire,5,rise,2.061635e-21,1.223707e-15,1.223709e-15,2.449864e-05,30
1.975,17,fire,5,write,nan,nan,nan,nan,0
1.975,17,fire,5,fall,2.547281e-21,1.223884e-15,1.223886e-15,2.450219e-05,30
1.975,17,fire,6,rise,2.552740e-21,1.223885e-15,1.223888e-15,2.450223e-05,30
1.975,17,fire,6,write,nan,nan,nan,nan,0
1.975,17,fire,6,fall,3.542481e-21,1.224110e-15,1.224114e-15,2.450673e-05,30
1.975,17,fire,7,rise,3.553731e-21,1.224113e-15,1.224116e-15,2.450678e-05,30
1.975,17,fire,7,write,nan,nan,nan,nan,0
1.975,17,fire,7,fall,4.646936e-21,1.224408e-15,1.224413e-15,2.451271e-05,30
1.975,17,fire,8,rise,4.657406e-21,1.224412e-15,1.224416e-15,2.451278e-05,30
1.975,17,fire,8,write,nan,nan,nan,nan,0
1.975,17,fire,8,fall,5.707409e-21,1.224776e-15,1.224782e-15,2.452008e-05,30
1.975,17,fire,9,rise,5.717541e-21,1.224780e-15,1.224786e-15,2.452016e-05,30
1.975,17,fire,9,write,nan,nan,nan,nan,0
1.975,17,fire,9,fall,-2.576957e-16,5.417544e-16,2.840587e-16,2.928392e-08,30
1.975,17,burst_read,0,burst_read,nan,nan,nan,nan,0
1.975,17,erase,0,rise,3.543142e-16,2.836829e-18,3.571510e-16,4.900362e-08,30
1.975,17,erase,0,hold,3.884391e-15,1.642988e-17,3.900821e-15,1.338082e-11,39
1.975,17,erase,0,fall,-1.575252e-15,8.577459e-20,-1.575166e-15,8.910650e-08,31
1.975,17,relax,0,hold,-5.533080e-17,-2.425687e-18,-5.775649e-17,-3.487572e-14,70
1.975,18,fire,1,rise,2.580557e-16,5.339223e-16,7.919780e-16,2.431105e-05,30
1.975,18,fire,1,write,nan,nan,nan,nan,0
1.975,18,fire,1,fall,5.639743e-22,1.223306e-15,1.223306e-15,2.449061e-05,30
1.975,18,fire,2,rise,5.692408e-22,1.223306e-15,1.223307e-15,2.449062e-05,30
1.975,18,fire,2,write,nan,nan,nan,nan,0
1.975,18,fire,2,fall,1.088505e-21,1.223372e-15,1.223373e-15,2.449194e-05,30
1.975,18,fire,3,rise,1.337523e-19,1.223421e-13,1.223422e-13,2.449401e-05,30
1.975,18,fire,3,write,nan,nan,nan,nan,0
1.975,18,fire,3,fall,2.038648e-21,1.223616e-15,1.223618e-15,2.449683e-05,30
1.975,18,fire,4,rise,2.043116e-21,1.223617e-15,1.223619e-15,2.449686e-05,30
1.975,18,fire,4,write,nan,nan,nan,nan,0
1.975,18,fire,4,fall,2.526255e-21,1.223793e-15,1.223796e-15,2.450038e-05,30
1.975,18,fire,5,rise,2.531715e-21,1.223795e-15,1.223798e-15,2.450042e-05,30
1.975,18,fire,5,write,nan,nan,nan,nan,0
1.975,18,fire,5,fall,3.518092e-21,1.224018e-15,1.224022e-15,2.450490e-05,30
1.975,18,fire,6,rise,3.529358e-21,1.224021e-15,1.224024e-15,2.450495e-05,30
1.975,18,fire,6,write,nan,nan,nan,nan,0
1.975,18,fire,6,fall,4.626794e-21,1.224316e-15,1.224320e-15,2.451086e-05,30
1.975,18,fire,7,rise,4.637368e-21,1.224319e-15,1.224324e-15,2.451092e-05,30
1.975,18,fire,7,write,nan,nan,nan,nan,0
1.975,18,fire,7,fall,5.698016e-21,1.224683e-15,1.224688e-15,2.451821e-05,30
1.975,18,fire,8,rise,5.708246e-21,1.224687e-15,1.224692e-15,2.451829e-05,30
1.975,18,fire,8,write,nan,nan,nan,nan,0
1.975,18,fire,8,fall,6.693766e-21,1.225117e-15,1.225124e-15,2.452692e-05,30
1.975,18,fire,9,rise,6.703072e-21,1.225122e-15,1.225128e-15,2.452701e-05,30
1.975,18,fire,9,write,nan,nan,nan,nan,0
1.975,18,fire,9,fall,-2.578105e-16,5.427749e-16,2.849644e-16,2.928722e-08,30
1.975,18,burst_read,0,burst_read,nan,nan,nan,nan,0
1.975,18,erase,0,rise,3.543687e-16,2.837270e-18,3.572060e-16,4.900760e-08,30
1.975,18,erase,0,hold,3.892087e-15,1.646153e-17,3.908548e-15,1.346299e-11,39
1.975,18,erase,0,fall,-1.574140e-15,8.606056e-20,-1.574054e-15,8.928338e-08,31
1.975,18,relax,0,hold,-5.478044e-17,-2.396409e-18,-5.717684e-17,-3.466257e-14,70
1.975,19,fire,1,rise,2.580102e-16,5.331336e-16,7.911439e-16,2.430480e-05,30
1.975,19,fire,1,write,nan,nan,nan,nan,0
1.975,19,fire,1,fall,4.408363e-22,1.222987e-15,1.222988e-15,2.448424e-05,30
1.975,19,fire,2,rise,4.449405e-22,1.222988e-15,1.222988e-15,2.448424e-05,30
1.975,19,fire,2,write,nan,nan,nan,nan,0
1.975,19,fire,2,fall,8.502041e-22,1.223036e-15,1.223037e-15,2.448522e-05,30
1.975,19,fire,3,rise,8.541216e-22,1.223037e-15,1.223038e-15,2.448523e-05,30
1.975,19,fire,3,write,nan,nan,nan,nan,0
1.975,19,fire,3,fall,1.239104e-21,1.223115e-15,1.223116e-15,2.448679e-05,30
1.975,19,fire,4,rise,1.242808e-21,1.223116e-15,1.223117e-15,2.448681e-05,30
1.975,19,fire,4,write,nan,nan,nan,nan,0
1.975,19,fire,4,fall,1.605811e-21,1.223221e-15,1.223223e-15,2.448893e-05,30
1.975,19,fire,5,rise,1.609339e-21,1.223223e-15,1.223224e-15,2.448895e-05,30
1.975,19,fire,5,write,nan,nan,nan,nan,0
1.975,19,fire,5,fall,2.014949e-21,1.223355e-15,1.223357e-15,2.449160e-05,30
1.975,19,fire,6,rise,2.019976e-21,1.223356e-15,1.223358e-15,2.449163e-05,30
1.975,19,fire,6,write,nan,nan,nan,nan,0
1.975,19,fire,6,fall,2.996779e-21,1.223532e-15,1.223535e-15,2.449515e-05,30
1.975,19,fire,7,rise,3.007256e-21,1.223534e-15,1.223537e-15,2.449519e-05,30
1.975,19,fire,7,write,nan,nan,nan,nan,0
1.975,19,fire,7,fall,4.037945e-21,1.223775e-15,1.223779e-15,2.450002e-05,30
1.975,19,fire,8,rise,4.048210e-21,1.223777e-15,1.223781e-15,2.450007e-05,30
1.975,19,fire,8,write,nan,nan,nan,nan,0
1.975,19,fire,8,fall,5.450522e-21,1.224097e-15,1.224102e-15,2.450648e-05,30
1.975,19,fire,9,rise,5.465351e-21,1.224101e-15,1.224106e-15,2.450655e-05,30
1.975,19,fire,9,write,nan,nan,nan,nan,0
1.975,19,fire,9,fall,-2.575004e-16,5.401545e-16,2.826541e-16,2.928087e-08,30
1.975,19,burst_read,0,burst_read,nan,nan,nan,nan,0
1.975,19,erase,0,rise,3.542695e-16,2.836480e-18,3.571060e-16,4.900036e-08,30
1.975,19,erase,0,hold,3.909636e-15,1.653470e-17,3.926170e-15,1.346109e-11,39
1.975,19,erase,0,fall,-1.575410e-15,8.604408e-20,-1.575324e-15,8.909937e-08,31
1.975,19,relax,0,hold,-5.513209e-17,-2.416922e-18,-5.754901e-17,-3.456586e-14,70
1.975,20,fire,1,rise,2.580594e-16,5.337669e-16,7.918263e-16,2.430998e-05,30
1.975,20,fire,1,write,nan,nan,nan,nan,0
1.975,20,fire,1,fall,4.417341e-22,1.223246e-15,1.223246e-15,2.448941e-05,30
1.975,20,fire,2,rise,4.458469e-22,1.223246e-15,1.223247e-15,2.448942e-05,30
1.975,20,fire,2,write,nan,nan,nan,nan,0
1.975,20,fire,2,fall,8.519736e-22,1.223295e-15,1.223296e-15,2.449040e-05,30
1.975,20,fire,3,rise,8.558995e-22,1.223296e-15,1.223296e-15,2.449041e-05,30
1.975,20,fire,3,write,nan,nan,nan,nan,0
1.975,20,fire,3,fall,1.241732e-21,1.223374e-15,1.223375e-15,2.449197e-05,30
1.975,20,fire,4,rise,1.245444e-21,1.223374e-15,1.223376e-15,2.449199e-05,30
1.975,20,fire,4,write,nan,nan,nan,nan,0
1.975,20,fire,4,fall,1.609039e-21,1.223480e-15,1.223482e-15,2.449410e-05,30
1.975,20,fire,5,rise,1.612571e-21,1.223481e-15,1.223483e-15,2.449413e-05,30
1.975,20,fire,5,write,nan,nan,nan,nan,0
1.975,20,fire,5,fall,2.009426e-21,1.223613e-15,1.223615e-15,2.449677e-05,30
1.975,20,fire,6,rise,2.014213e-21,1.223615e-15,1.223617e-15,2.449680e-05,30
1.975,20,fire,6,write,nan,nan,nan,nan,0
1.975,20,fire,6,fall,2.947814e-21,1.223787e-15,1.223790e-15,2.450027e-05,30
1.975,20,fire,7,rise,2.958272e-21,1.223789e-15,1.223792e-15,2.450031e-05,30
1.975,20,fire,7,write,nan,nan,nan,nan,0
1.975,20,fire,7,fall,3.985170e-21,1.224027e-15,1.224031e-15,2.450508e-05,30
1.975,20,fire,8,rise,3.995324e-21,1.224030e-15,1.224034e-15,2.450513e-05,30
1.975,20,fire,8,write,nan,nan,nan,nan,0
1.975,20,fire,8,fall,5.365943e-21,1.224344e-15,1.224349e-15,2.451142e-05,30
1.975,20,fire,9,rise,5.380716e-21,1.224347e-15,1.224353e-15,2.451150e-05,30
1.975,20,fire,9,write,nan,nan,nan,nan,0
1.975,20,fire,9,fall,-2.575673e-16,5.407400e-16,2.831728e-16,2.928248e-08,30
1.975,20,burst_read,0,burst_read,nan,nan,nan,nan,0
1.975,20,erase,0,rise,3.542915e-16,2.836657e-18,3.571281e-16,4.900197e-08,30
1.975,20,erase,0,hold,3.922769e-15,1.658924e-17,3.939359e-15,1.350708e-11,39
1.975,20,erase,0,fall,-1.652626e-15,-9.637575e-19,-1.653590e-15,1.051335e-09,30
1.975,20,relax,0,hold,-5.562987e-17,-2.450793e-18,-5.808066e-17,-3.448432e-14,70
2.000,1,fire,1,rise,2.800549e-16,7.581508e-16,1.038206e-15,2.592283e-05,30
2.000,1,fire,1,write,3.636830e-15,1.304797e-13,1.341165e-13,2.610521e-05,11
2.000,1,fire,1,fall,5.203296e-22,1.303955e-15,1.303956e-15,2.610521e-05,30
2.000,1,fire,2,rise,5.255278e-22,1.303955e-15,1.303956e-15,2.610522e-05,30
2.000,1,fire,2,write,7.873797e-20,1.305277e-13,1.305278e-13,2.610594e-05,11
2.000,1,fire,2,fall,1.045389e-21,1.303992e-15,1.303993e-15,2.610595e-05,30
2.000,1,fire,3,rise,1.050474e-21,1.303992e-15,1.303993e-15,2.610596e-05,30
2.000,1,fire,3,write,1.315511e-19,1.305326e-13,1.305327e-13,2.610716e-05,11
2.000,1,fire,3,fall,1.637717e-21,1.304053e-15,1.304055e-15,2.610718e-05,30
2.000,1,fire,4,rise,1.646727e-21,1.304054e-15,1.304056e-15,2.610719e-05,30
2.000,1,fire,4,write,2.151444e-19,1.305405e-13,1.305407e-13,2.610916e-05,11
2.000,1,fire,4,fall,2.683651e-21,1.304153e-15,1.304156e-15,2.610918e-05,30
2.000,1,fire,5,rise,2.694720e-21,1.304154e-15,1.304157e-15,2.610921e-05,30
2.000,1,fire,5,write,3.255571e-19,1.305530e-13,1.305533e-13,2.611215e-05,11
2.000,1,fire,5,fall,3.800343e-21,1.304303e-15,1.304307e-15,2.611218e-05,30
2.000,1,fire,6,rise,3.811016e-21,1.304304e-15,1.304308e-15,2.611222e-05,30
2.000,1,fire,6,write,4.344495e-19,1.305705e-13,1.305709e-13,2.611611e-05,11
2.000,1,fire,6,fall,4.856811e-21,1.304501e-15,1.304506e-15,2.611616e-05,30
2.000,1,fire,7,rise,4.866843e-21,1.304503e-15,1.304508e-15,2.611620e-05,30
2.000,1,fire,7,write,5.368372e-19,1.305926e-13,1.305931e-13,2.612098e-05,11
2.000,1,fire,7,fall,5.845537e-21,1.304744e-15,1.304750e-15,2.612104e-05,30
2.000,1,fire,8,rise,5.854884e-21,1.304747e-15,1.304753e-15,2.612109e-05,30
2.000,1,fire,8,write,6.322425e-19,1.306191e-13,1.306198e-13,2.612670e-05,11
2.000,1,fire,8,fall,6.762859e-21,1.305030e-15,1.305037e-15,2.612676e-05,30
2.000,1,fire,9,rise,6.771494e-21,1.305033e-15,1.305040e-15,2.612682e-05,30
2.000,1,fire,9,write,7.203847e-19,1.306497e-13,1.306504e-13,2.613318e-05,11
2.000,1,fire,9,fall,-2.815505e-16,7.768708e-16,4.953203e-16,3.030516e-08,30
2.000,1,burst_read,0,burst_read,7.591670e-17,3.786837e-18,7.970353e-17,-2.586263e-13,21
2.000,1,erase,0,rise,3.647049e-16,2.915413e-18,3.676203e-16,5.039990e-09,30
2.000,1,erase,0,hold,1.148580e-14,4.804794e-17,1.153384e-14,1.465189e-11,41
2.000,1,erase,0,fall,-1.600676e-15,4.344404e-19,-1.600242e-15,1.070716e-08,34
2.000,1,relax,0,hold,-1.980665e-14,2.658293e-16,-1.954082e-14,-3.581772e-14,71
2.000,2,fire,1,rise,2.638166e-16,5.209856e-16,7.848021e-16,2.425678e-05,30
2.000,2,fire,1,write,3.607968e-15,1.221436e-13,1.257515e-13,2.443799e-05,11
2.000,2,fire,1,fall,4.463968e-22,1.220678e-15,1.220678e-15,2.443799e-05,30
2.000,2,fire,2,rise,4.505616e-22,1.220678e-15,1.220678e-15,2.443800e-05,30
2.000,2,fire,2,write,6.584878e-20,1.221922e-13,1.221923e-13,2.443898e-05,11
2.000,2,fire,2,fall,8.615786e-22,1.220727e-15,1.220728e-15,2.443899e-05,30
2.000,2,fire,3,rise,8.655494e-22,1.220728e-15,1.220729e-15,2.443900e-05,30
2.000,2,fire,3,write,1.064632e-19,1.221987e-13,1.221988e-13,2.444057e-05,11
2.000,2,fire,3,fall,1.264207e-21,1.220807e-15,1.220808e-15,2.444059e-05,30
2.000,2,fire,4,rise,1.268746e-21,1.220808e-15,1.220809e-15,2.444061e-05,30
2.000,2,fire,4,write,1.702857e-19,1.222085e-13,1.222087e-13,2.444303e-05,11
2.000,2,fire,4,fall,2.329334e-21,1.220930e-15,1.220933e-15,2.444307e-05,30
2.000,2,fire,5,rise,2.342639e-21,1.220932e-15,1.220934e-15,2.444310e-05,30
2.000,2,fire,5,write,3.003844e-19,1.222249e-13,1.222252e-13,2.444715e-05,11
2.000,2,fire,5,fall,3.644156e-21,1.221136e-15,1.221140e-15,2.444720e-05,30
2.000,2,fire,6,rise,3.656630e-21,1.221139e-15,1.221142e-15,2.444724e-05,30
2.000,2,fire,6,write,4.277298e-19,1.222497e-13,1.222501e-13,2.445286e-05,11
2.000,2,fire,6,fall,4.873141e-21,1.221422e-15,1.221427e-15,2.445293e-05,30
2.000,2,fire,7,rise,4.884743e-21,1.221425e-15,1.221430e-15,2.445299e-05,30
2.000,2,fire,7,write,5.663027e-19,1.222826e-13,1.222831e-13,2.446045e-05,11
2.000,2,fire,7,fall,6.557582e-21,1.221801e-15,1.221808e-15,2.446053e-05,30
2.000,2,fire,8,rise,6.575914e-21,1.221806e-15,1.221812e-15,2.446062e-05,30
2.000,2,fire,8,write,7.482408e-19,1.223273e-13,1.223281e-13,2.447073e-05,11
2.000,2,fire,8,fall,8.344345e-21,1.222316e-15,1.222324e-15,2.447084e-05,30
2.000,2,fire,9,rise,8.361084e-21,1.222321e-15,1.222330e-15,2.447095e-05,30
2.000,2,fire,9,write,9.193252e-19,1.223852e-13,1.223862e-13,2.448353e-05,11
2.000,2,fire,9,fall,-2.627047e-16,5.301911e-16,2.674864e-16,2.953813e-08,30
2.000,2,burst_read,0,burst_read,7.390202e-17,3.690230e-18,7.759225e-17,-4.111646e-13,21
2.000,2,erase,0,rise,3.561370e-16,2.845773e-18,3.589827e-16,4.957847e-09,30
2.000,2,erase,0,hold,1.145435e-14,4.796669e-17,1.150232e-14,1.278276e-11,41
2.000,2,erase,0,fall,-1.630733e-15,3.801242e-19,-1.630353e-15,1.007669e-08,31
2.000,2,relax,0,hold,-1.990954e-14,2.493472e-16,-1.966019e-14,-3.418319e-14,71
2.000,3,fire,1,rise,2.653821e-16,5.433173e-16,8.086994e-16,2.443559e-05,30
2.000,3,fire,1,write,2.297727e-20,1.107752e-13,1.107752e-13,2.461692e-05,10
2.000,3,fire,1,fall,4.540135e-22,1.229616e-15,1.229616e-15,2.461693e-05,30
2.000,3,fire,2,rise,4.582454e-22,1.229616e-15,1.229616e-15,2.461694e-05,30
2.000,3,fire,2,write,6.103238e-20,1.107782e-13,1.107783e-13,2.461785e-05,10
2.000,3,fire,2,fall,8.763832e-22,1.229664e-15,1.229665e-15,2.461790e-05,30
2.000,3,fire,3,rise,8.804275e-22,1.229664e-15,1.229665e-15,2.461791e-05,30
2.000,3,fire,3,write,9.742946e-20,1.107838e-13,1.107839e-13,2.461934e-05,10
2.000,3,fire,3,fall,1.278090e-21,1.229741e-15,1.229742e-15,2.461945e-05,30
2.000,3,fire,4,rise,1.281918e-21,1.229742e-15,1.229743e-15,2.461947e-05,30
2.000,3,fire,4,write,1.319200e-19,1.107918e-13,1.107920e-13,2.462137e-05,10
2.000,3,fire,4,fall,1.656774e-21,1.229846e-15,1.229847e-15,2.462155e-05,30
2.000,3,fire,5,rise,1.660392e-21,1.229847e-15,1.229849e-15,2.462157e-05,30
2.000,3,fire,5,write,1.652098e-19,1.108022e-13,1.108024e-13,2.462389e-05,10
2.000,3,fire,5,fall,2.079272e-20,1.229983e-14,1.229985e-14,2.462443e-05,30
2.000,3,fire,6,rise,2.105236e-21,1.229991e-15,1.229993e-15,2.462446e-05,30
2.000,3,fire,6,write,2.198056e-19,1.108164e-13,1.108166e-13,2.462743e-05,10
2.000,3,fire,6,fall,3.001611e-21,1.230161e-15,1.230164e-15,2.462786e-05,30
2.000,3,fire,7,rise,3.012313e-21,1.230163e-15,1.230166e-15,2.462790e-05,30
2.000,3,fire,7,write,2.821458e-19,9.851997e-14,9.852025e-14,2.463189e-05,9
2.000,3,fire,7,fall,4.070216e-21,1.230395e-15,1.230399e-15,2.463256e-05,30
2.000,3,fire,8,rise,4.080778e-21,1.230398e-15,1.230402e-15,2.463261e-05,30
2.000,3,fire,8,write,3.731897e-19,9.854088e-14,9.854125e-14,2.463772e-05,9
2.000,3,fire,8,fall,5.475894e-21,1.230704e-15,1.230710e-15,2.463876e-05,30
2.000,3,fire,9,rise,5.491049e-21,1.230708e-15,1.230713e-15,2.463883e-05,30
2.000,3,fire,9,write,4.924683e-19,9.856891e-14,9.856940e-14,2.464555e-05,9
2.000,3,fire,9,fall,-2.651140e-16,5.506246e-16,2.855106e-16,2.958344e-08,30
2.000,3,burst_read,0,burst_read,-2.514398e-20,-1.246956e-21,-2.639094e-20,-3.066269e-13,17
2.000,3,erase,0,rise,3.567571e-16,2.850776e-18,3.596079e-16,4.962219e-09,30
2.000,3,erase,0,hold,3.925669e-15,1.660869e-17,3.942278e-15,1.286945e-11,40
2.000,3,erase,0,fall,-1.629195e-15,3.791400e-19,-1.628816e-15,1.008444e-08,31
2.000,3,relax,0,hold,-5.303868e-17,-2.212955e-18,-5.525164e-17,-3.421248e-14,70
2.000,4,fire,1,rise,2.653446e-16,5.427479e-16,8.080925e-16,2.443089e-05,30
2.000,4,fire,1,write,1.628189e-20,9.844784e-14,9.844785e-14,2.461211e-05,9
2.000,4,fire,1,fall,4.729107e-21,1.229382e-14,1.229382e-14,2.461228e-05,30
2.000,4,fire,2,rise,4.960933e-22,1.229384e-15,1.229384e-15,2.461229e-05,30
2.000,4,fire,2,write,5.357867e-20,9.845059e-14,9.845065e-14,2.461306e-05,9
2.000,4,fire,2,fall,9.123839e-22,1.229434e-15,1.229435e-15,2.461331e-05,30
2.000,4,fire,3,rise,9.164085e-22,1.229435e-15,1.229436e-15,2.461332e-05,30
2.000,4,fire,3,write,7.659839e-20,8.614884e-14,8.614891e-14,2.461451e-05,8
2.000,4,fire,3,fall,1.311961e-21,1.229514e-15,1.229515e-15,2.461491e-05,30
2.000,4,fire,4,rise,1.315768e-21,1.229515e-15,1.229516e-15,2.461492e-05,30
2.000,4,fire,4,write,1.033687e-19,8.615515e-14,8.615525e-14,2.461650e-05,8
2.000,4,fire,4,fall,1.689041e-21,1.229621e-15,1.229623e-15,2.461705e-05,30
2.000,4,fire,5,rise,1.692680e-21,1.229622e-15,1.229624e-15,2.461708e-05,30
2.000,4,fire,5,write,1.293373e-19,8.616326e-14,8.616339e-14,2.461899e-05,8
2.000,4,fire,5,fall,2.108700e-21,1.229755e-15,1.229757e-15,2.461973e-05,30
2.000,4,fire,6,rise,2.113794e-21,1.229756e-15,1.229758e-15,2.461976e-05,30
2.000,4,fire,6,write,1.679250e-19,8.617329e-14,8.617346e-14,2.462212e-05,8
2.000,4,fire,6,fall,3.094802e-20,1.229937e-14,1.229940e-14,2.462357e-05,30
2.000,4,fire,7,rise,3.153328e-21,1.229948e-15,1.229951e-15,2.462361e-05,30
2.000,4,fire,7,write,2.486266e-19,8.618840e-14,8.618865e-14,2.462692e-05,8
2.000,4,fire,7,fall,4.213961e-21,1.230189e-15,1.230193e-15,2.462844e-05,30
2.000,4,fire,8,rise,4.224634e-21,1.230192e-15,1.230196e-15,2.462849e-05,30
2.000,4,fire,8,write,3.292456e-19,8.620683e-14,8.620716e-14,2.463272e-05,8
2.000,4,fire,8,fall,5.694527e-21,1.230513e-15,1.230518e-15,2.463492e-05,30
2.000,4,fire,9,rise,5.709545e-21,1.230516e-15,1.230522e-15,2.463500e-05,30
2.000,4,fire,9,write,3.769505e-19,7.391401e-14,7.391439e-14,2.464053e-05,7
2.000,4,fire,9,fall,-2.650622e-16,5.501843e-16,2.851222e-16,2.958254e-08,30
2.000,4,burst_read,0,burst_read,-2.103312e-20,-1.043226e-21,-2.207634e-20,-3.167851e-13,14
2.000,4,erase,0,rise,3.567458e-16,2.850684e-18,3.595965e-16,4.962138e-09,30
2.000,4,erase,0,hold,3.935822e-15,1.665082e-17,3.952473e-15,1.290647e-11,40
2.000,4,erase,0,fall,-1.629146e-15,3.792976e-19,-1.628767e-15,1.008609e-08,31
2.000,4,relax,0,hold,-5.336895e-17,-2.247652e-18,-5.561661e-17,-3.424081e-14,70
2.000,5,fire,1,rise,2.653341e-16,5.425996e-16,8.079338e-16,2.442972e-05,30
2.000,5,fire,1,write,1.066127e-20,7.383229e-14,7.383230e-14,2.461086e-05,7
2.000,5,fire,1,fall,4.538129e-22,1.229322e-15,1.229322e-15,2.461105e-05,30
2.000,5,fire,2,rise,4.580428e-22,1.229322e-15,1.229323e-15,2.461106e-05,30
2.000,5,fire,2,write,3.620097e-20,7.383398e-14,7.383401e-14,2.461160e-05,7
2.000,5,fire,2,fall,8.941726e-21,1.229373e-14,1.229374e-14,2.461213e-05,30
2.000,5,fire,3,rise,9.163013e-22,1.229376e-15,1.229377e-15,2.461215e-05,30
2.000,5,fire,3,write,6.304771e-20,7.383784e-14,7.383790e-14,2.461307e-05,7
2.000,5,fire,3,fall,1.311802e-21,1.229456e-15,1.229457e-15,2.461373e-05,30
2.000,5,fire,4,rise,1.315608e-21,1.229456e-15,1.229458e-15,2.461375e-05,30
2.000,5,fire,4,write,8.613549e-20,7.384308e-14,7.384316e-14,2.461498e-05,7
2.000,5,fire,4,fall,1.688855e-21,1.229563e-15,1.229564e-15,2.461588e-05,30
2.000,5,fire,5,rise,1.692495e-21,1.229564e-15,1.229566e-15,2.461591e-05,30
2.000,5,fire,5,write,9.115578e-20,6.154186e-14,6.154195e-14,2.461739e-05,6
2.000,5,fire,5,fall,2.109918e-21,1.229696e-15,1.229698e-15,2.461856e-05,30
2.000,5,fire,6,rise,2.115012e-21,1.229698e-15,1.229700e-15,2.461859e-05,30
2.000,5,fire,6,write,1.170798e-19,6.154892e-14,6.154904e-14,2.462039e-05,6
2.000,5,fire,6,fall,3.058674e-21,1.229870e-15,1.229873e-15,2.462204e-05,30
2.000,5,fire,7,rise,3.069386e-21,1.229872e-15,1.229875e-15,2.462209e-05,30
2.000,5,fire,7,write,1.698101e-19,6.155843e-14,6.155860e-14,2.462450e-05,6
2.000,5,fire,7,fall,4.179246e-20,1.230120e-14,1.230124e-14,2.462729e-05,30
2.000,5,fire,8,rise,4.237494e-21,1.230135e-15,1.230139e-15,2.462735e-05,30
2.000,5,fire,8,write,2.313061e-19,6.157252e-14,6.157275e-14,2.463053e-05,6
2.000,5,fire,8,fall,5.714465e-21,1.230457e-15,1.230463e-15,2.463381e-05,30
2.000,5,fire,9,rise,5.729486e-21,1.230461e-15,1.230466e-15,2.463388e-05,30
2.000,5,fire,9,write,3.071262e-19,6.158999e-14,6.159030e-14,2.463804e-05,6
2.000,5,fire,9,fall,-2.650463e-16,5.500462e-16,2.849999e-16,2.958229e-08,30
2.000,5,burst_read,0,burst_read,-1.626596e-20,-8.067810e-22,-1.707274e-20,-3.194717e-13,11
2.000,5,erase,0,rise,3.567423e-16,2.850656e-18,3.595929e-16,4.962113e-09,30
2.000,5,erase,0,hold,3.946244e-15,1.669412e-17,3.962938e-15,1.294051e-11,40
2.000,5,erase,0,fall,-1.629167e-15,3.793174e-19,-1.628787e-15,1.008599e-08,31
2.000,5,relax,0,hold,-5.367655e-17,-2.278674e-18,-5.595523e-17,-3.425669e-14,70
2.000,6,fire,1,rise,2.653286e-16,5.425161e-16,8.078447e-16,2.442905e-05,30
2.000,6,fire,1,write,3.610871e-15,6.147993e-14,6.509080e-14,2.461013e-05,6
2.000,6,fire,1,fall,4.537838e-22,1.229289e-15,1.229289e-15,2.461039e-05,30
2.000,6,fire,2,rise,4.580135e-22,1.229289e-15,1.229289e-15,2.461039e-05,30
2.000,6,fire,2,write,2.313521e-20,4.922121e-14,4.922123e-14,2.461078e-05,5
2.000,6,fire,2,fall,8.759186e-22,1.229337e-15,1.229338e-15,2.461135e-05,30
2.000,6,fire,3,rise,8.799605e-22,1.229337e-15,1.229338e-15,2.461137e-05,30
2.000,6,fire,3,write,3.949248e-20,4.922343e-14,4.922347e-14,2.461200e-05,5
2.000,6,fire,3,fall,1.294603e-20,1.229418e-14,1.229420e-14,2.461307e-05,30
2.000,6,fire,4,rise,1.315525e-21,1.229423e-15,1.229425e-15,2.461309e-05,30
2.000,6,fire,4,write,5.653021e-20,4.922714e-14,4.922719e-14,2.461397e-05,5
2.000,6,fire,4,fall,1.688759e-21,1.229530e-15,1.229531e-15,2.461522e-05,30
2.000,6,fire,5,rise,1.692402e-21,1.229531e-15,1.229532e-15,2.461524e-05,30
2.000,6,fire,5,write,7.124523e-20,4.923160e-14,4.923167e-14,2.461630e-05,5
2.000,6,fire,5,fall,2.110565e-21,1.229663e-15,1.229665e-15,2.461789e-05,30
2.000,6,fire,6,rise,2.115659e-21,1.229665e-15,1.229667e-15,2.461792e-05,30
2.000,6,fire,6,write,9.001447e-20,4.923711e-14,4.923720e-14,2.461918e-05,5
2.000,6,fire,6,fall,3.065539e-21,1.229837e-15,1.229840e-15,2.462139e-05,30
2.000,6,fire,7,rise,3.076251e-21,1.229839e-15,1.229842e-15,2.462143e-05,30
2.000,6,fire,7,write,1.002012e-19,3.693366e-14,3.693376e-14,2.462311e-05,4
2.000,6,fire,7,fall,4.138447e-21,1.230076e-15,1.230080e-15,2.462616e-05,30
2.000,6,fire,8,rise,4.149041e-21,1.230078e-15,1.230082e-15,2.462622e-05,30
2.000,6,fire,8,write,1.322419e-19,3.694114e-14,3.694127e-14,2.462828e-05,4
2.000,6,fire,8,fall,5.658137e-20,1.230409e-14,1.230414e-14,2.463317e-05,30
2.000,6,fire,9,rise,5.740793e-21,1.230429e-15,1.230435e-15,2.463325e-05,30
2.000,6,fire,9,write,1.819975e-19,3.695231e-14,3.695249e-14,2.463608e-05,4
2.000,6,fire,9,fall,-2.650372e-16,5.499675e-16,2.849302e-16,2.958217e-08,30
2.000,6,burst_read,0,burst_read,7.404305e-17,3.697245e-18,7.774030e-17,-3.218688e-13,8
2.000,6,erase,0,rise,3.567405e-16,2.850643e-18,3.595912e-16,4.962100e-09,30
2.000,6,erase,0,hold,3.956865e-15,1.673823e-17,3.973604e-15,1.297475e-11,40
2.000,6,erase,0,fall,-1.614946e-15,3.313025e-19,-1.614615e-15,1.008597e-08,31
2.000,6,relax,0,hold,-5.393118e-17,-2.304550e-18,-5.623573e-17,-3.427611e-14,70
2.000,7,fire,1,rise,2.653218e-16,5.424168e-16,8.077386e-16,2.442825e-05,30
2.000,7,fire,1,write,3.122950e-21,3.691388e-14,3.691388e-14,2.460928e-05,4
2.000,7,fire,1,fall,4.545622e-22,1.229249e-15,1.229249e-15,2.460959e-05,30
2.000,7,fire,2,rise,4.587995e-22,1.229249e-15,1.229249e-15,2.460959e-05,30
2.000,7,fire,2,write,1.599483e-20,3.691457e-14,3.691459e-14,2.460983e-05,4
2.000,7,fire,2,fall,8.774511e-22,1.229297e-15,1.229298e-15,2.461056e-05,30
2.000,7,fire,3,rise,8.815001e-22,1.229298e-15,1.229299e-15,2.461057e-05,30
2.000,7,fire,3,write,2.834796e-20,3.691615e-14,3.691618e-14,2.461097e-05,4
2.000,7,fire,3,fall,1.279614e-21,1.229375e-15,1.229376e-15,2.461211e-05,30
2.000,7,fire,4,rise,1.283446e-21,1.229375e-15,1.229377e-15,2.461213e-05,30
2.000,7,fire,4,write,2.710807e-20,2.461246e-14,2.461249e-14,2.461265e-05,3
2.000,7,fire,4,fall,1.675391e-20,1.229485e-14,1.229486e-14,2.461443e-05,30
2.000,7,fire,5,rise,1.695395e-21,1.229491e-15,1.229493e-15,2.461445e-05,30
2.000,7,fire,5,write,3.523350e-20,2.461486e-14,2.461490e-14,2.461511e-05,3
2.000,7,fire,5,fall,2.115101e-21,1.229624e-15,1.229626e-15,2.461711e-05,30
2.000,7,fire,6,rise,2.120200e-21,1.229625e-15,1.229627e-15,2.461714e-05,30
2.000,7,fire,6,write,4.416579e-20,2.461758e-14,2.461763e-14,2.461789e-05,3
2.000,7,fire,6,fall,3.077824e-21,1.229799e-15,1.229802e-15,2.462062e-05,30
2.000,7,fire,7,rise,3.088542e-21,1.229801e-15,1.229804e-15,2.462066e-05,30
2.000,7,fire,7,write,6.471422e-20,2.462120e-14,2.462126e-14,2.462163e-05,3
2.000,7,fire,7,fall,4.150453e-21,1.230038e-15,1.230042e-15,2.462541e-05,30
2.000,7,fire,8,rise,4.161026e-21,1.230040e-15,1.230045e-15,2.462546e-05,30
2.000,7,fire,8,write,8.577738e-20,2.462606e-14,2.462614e-14,2.462661e-05,3
2.000,7,fire,8,fall,5.605280e-21,1.230355e-15,1.230361e-15,2.463178e-05,30
2.000,7,fire,9,rise,5.620406e-21,1.230359e-15,1.230365e-15,2.463185e-05,30
2.000,7,fire,9,write,5.844387e-20,1.231645e-14,1.231651e-14,2.463328e-05,2
2.000,7,fire,9,fall,-2.650188e-16,5.443340e-15,5.178322e-15,2.957905e-09,30
2.000,7,burst_read,0,burst_read,-4.838847e-21,-2.400032e-22,-5.078850e-21,-3.190196e-13,4
2.000,7,erase,0,rise,3.567382e-16,2.850620e-18,3.595888e-16,4.962081e-09,30
2.000,7,erase,0,hold,3.967680e-15,1.678319e-17,3.984463e-15,1.300580e-11,40
2.000,7,erase,0,fall,-1.615045e-15,3.312351e-19,-1.614714e-15,1.008433e-08,31
2.000,7,relax,0,hold,-5.416141e-17,-2.327084e-18,-5.648849e-17,-3.435298e-14,70
2.000,8,fire,1,rise,2.653238e-16,5.424145e-16,8.077383e-16,2.442832e-05,30
2.000,8,fire,1,write,8.964766e-22,1.230465e-14,1.230466e-14,2.460932e-05,2
2.000,8,fire,1,fall,5.324331e-22,1.229255e-15,1.229256e-15,2.460972e-05,30
2.000,8,fire,2,rise,5.374107e-22,1.229256e-15,1.229256e-15,2.460973e-05,30
2.000,8,fire,2,write,5.950794e-21,1.230491e-14,1.230492e-14,2.460987e-05,2
2.000,8,fire,2,fall,1.028764e-21,1.229314e-15,1.229315e-15,2.461089e-05,30
2.000,8,fire,3,rise,1.033512e-21,1.229314e-15,1.229315e-15,2.461091e-05,30
2.000,8,fire,3,write,1.079630e-20,1.230552e-14,1.230553e-14,2.461112e-05,2
2.000,8,fire,3,fall,1.499938e-21,1.229407e-15,1.229409e-15,2.461277e-05,30
2.000,8,fire,4,rise,1.504423e-21,1.229408e-15,1.229410e-15,2.461279e-05,30
2.000,8,fire,4,write,1.539530e-20,1.230647e-14,1.230649e-14,2.461305e-05,2
2.000,8,fire,4,fall,1.943499e-21,1.229534e-15,1.229536e-15,2.461530e-05,30
2.000,8,fire,5,rise,1.966934e-20,1.229541e-14,1.229543e-14,2.461558e-05,30
2.000,8,fire,5,write,0.000000e+00,0.000000e+00,0.000000e+00,nan,1
2.000,8,fire,5,fall,2.433543e-20,1.229698e-14,1.229700e-14,2.461875e-05,30
2.000,8,fire,6,rise,2.464133e-21,1.229707e-15,1.229710e-15,2.461878e-05,30
2.000,8,fire,6,write,2.498756e-20,1.230948e-14,1.230950e-14,2.461913e-05,2
2.000,8,fire,6,fall,3.472787e-21,1.229912e-15,1.229915e-15,2.462288e-05,30
2.000,8,fire,7,rise,3.484015e-21,1.229914e-15,1.229918e-15,2.462293e-05,30
2.000,8,fire,7,write,0.000000e+00,0.000000e+00,0.000000e+00,nan,1
2.000,8,fire,7,fall,4.583502e-21,1.230186e-15,1.230191e-15,2.462839e-05,30
2.000,8,fire,8,rise,4.594029e-21,1.230189e-15,1.230194e-15,2.462845e-05,30
2.000,8,fire,8,write,0.000000e+00,0.000000e+00,0.000000e+00,nan,1
2.000,8,fire,8,fall,5.824424e-21,1.230533e-15,1.230539e-15,2.463534e-05,30
2.000,8,fire,9,rise,5.836958e-21,1.230537e-15,1.230543e-15,2.463542e-05,30
2.000,8,fire,9,write,0.000000e+00,0.000000e+00,0.000000e+00,nan,1
2.000,8,fire,9,fall,-2.650654e-16,5.501421e-16,2.850768e-16,2.958339e-08,30
2.000,8,burst_read,0,burst_read,0.000000e+00,0.000000e+00,0.000000e+00,nan,1
2.000,8,erase,0,rise,3.567555e-16,2.850757e-18,3.596062e-16,4.962219e-09,30
2.000,8,erase,0,hold,3.978279e-15,1.682726e-17,3.995106e-15,1.304185e-11,40
2.000,8,erase,0,fall,-1.614997e-15,3.311535e-19,-1.614665e-15,1.008410e-08,31
2.000,8,relax,0,hold,-5.433563e-17,-2.345091e-18,-5.668072e-17,-3.443306e-14,70
2.000,9,fire,1,rise,2.653157e-16,5.423123e-16,8.076280e-16,2.442747e-05,30
2.000,9,fire,1,write,0.000000e+00,0.000000e+00,0.000000e+00,nan,1
2.000,9,fire,1,fall,5.471429e-21,1.229215e-14,1.229215e-14,2.460895e-05,30
2.000,9,fire,2,rise,5.739907e-22,1.229217e-15,1.229218e-15,2.460896e-05,30
2.000,9,fire,2,write,0.000000e+00,0.000000e+00,0.000000e+00,nan,1
2.000,9,fire,2,fall,1.055542e-21,1.229278e-15,1.229279e-15,2.461017e-05,30
2.000,9,fire,3,rise,1.060192e-21,1.229279e-15,1.229280e-15,2.461019e-05,30
2.000,9,fire,3,write,nan,nan,nan,nan,0
2.000,9,fire,3,fall,1.516783e-21,1.229374e-15,1.229375e-15,2.461210e-05,30
2.000,9,fire,4,rise,1.521172e-21,1.229375e-15,1.229376e-15,2.461212e-05,30
2.000,9,fire,4,write,nan,nan,nan,nan,0
2.000,9,fire,4,fall,1.951124e-21,1.229502e-15,1.229504e-15,2.461467e-05,30
2.000,9,fire,5,rise,1.955308e-21,1.229504e-15,1.229506e-15,2.461470e-05,30
2.000,9,fire,5,write,nan,nan,nan,nan,0
2.000,9,fire,5,fall,2.427581e-21,1.229662e-15,1.229665e-15,2.461788e-05,30
2.000,9,fire,6,rise,2.433176e-21,1.229664e-15,1.229666e-15,2.461791e-05,30
2.000,9,fire,6,write,nan,nan,nan,nan,0
2.000,9,fire,6,fall,3.498558e-20,1.229879e-14,1.229882e-14,2.462244e-05,30
2.000,9,fire,7,rise,3.559547e-21,1.229892e-15,1.229895e-15,2.462248e-05,30
2.000,9,fire,7,write,nan,nan,nan,nan,0
2.000,9,fire,7,fall,4.655278e-21,1.230170e-15,1.230174e-15,2.462805e-05,30
2.000,9,fire,8,rise,4.666254e-21,1.230173e-15,1.230177e-15,2.462812e-05,30
2.000,9,fire,8,write,nan,nan,nan,nan,0
2.000,9,fire,8,fall,5.954017e-21,1.230526e-15,1.230532e-15,2.463520e-05,30
2.000,9,fire,9,rise,5.966517e-21,1.230530e-15,1.230536e-15,2.463528e-05,30
2.000,9,fire,9,write,nan,nan,nan,nan,0
2.000,9,fire,9,fall,-2.650729e-16,5.501964e-16,2.851235e-16,2.958234e-08,30
2.000,9,burst_read,0,burst_read,nan,nan,nan,nan,0
2.000,9,erase,0,rise,3.567411e-16,2.850657e-18,3.595917e-16,4.962115e-09,30
2.000,9,erase,0,hold,3.987730e-15,1.686634e-17,4.004596e-15,1.307889e-11,40
2.000,9,erase,0,fall,-1.614928e-15,3.313189e-19,-1.614596e-15,1.008622e-08,31
2.000,9,relax,0,hold,-5.444541e-17,-2.357771e-18,-5.680318e-17,-3.435611e-14,70
2.000,10,fire,1,rise,2.652942e-16,5.420344e-16,8.073286e-16,2.442510e-05,30
2.000,10,fire,1,write,nan,nan,nan,nan,0
2.000,10,fire,1,fall,4.551151e-22,1.229091e-15,1.229091e-15,2.460643e-05,30
2.000,10,fire,2,rise,4.593580e-22,1.229091e-15,1.229092e-15,2.460643e-05,30
2.000,10,fire,2,write,nan,nan,nan,nan,0
2.000,10,fire,2,fall,8.968100e-21,1.229142e-14,1.229143e-14,2.460751e-05,30
2.000,10,fire,3,rise,9.190054e-22,1.229146e-15,1.229146e-15,2.460753e-05,30
2.000,10,fire,3,write,nan,nan,nan,nan,0
2.000,10,fire,3,fall,1.315683e-21,1.229225e-15,1.229226e-15,2.460912e-05,30
2.000,10,fire,4,rise,1.319500e-21,1.229226e-15,1.229227e-15,2.460914e-05,30
2.000,10,fire,4,write,nan,nan,nan,nan,0
2.000,10,fire,4,fall,1.693971e-21,1.229332e-15,1.229334e-15,2.461127e-05,30
2.000,10,fire,5,rise,1.697627e-21,1.229334e-15,1.229335e-15,2.461130e-05,30
2.000,10,fire,5,write,nan,nan,nan,nan,0
2.000,10,fire,5,fall,2.121392e-21,1.229467e-15,1.229469e-15,2.461396e-05,30
2.000,10,fire,6,rise,2.126624e-21,1.229468e-15,1.229470e-15,2.461399e-05,30
2.000,10,fire,6,write,nan,nan,nan,nan,0
2.000,10,fire,6,fall,3.109964e-21,1.229643e-15,1.229646e-15,2.461749e-05,30
2.000,10,fire,7,rise,3.120688e-21,1.229645e-15,1.229648e-15,2.461754e-05,30
2.000,10,fire,7,write,nan,nan,nan,nan,0
2.000,10,fire,7,fall,4.230438e-20,1.229896e-14,1.229900e-14,2.462281e-05,30
2.000,10,fire,8,rise,4.288844e-21,1.229911e-15,1.229915e-15,2.462287e-05,30
2.000,10,fire,8,write,nan,nan,nan,nan,0
2.000,10,fire,8,fall,5.794431e-21,1.230239e-15,1.230244e-15,2.462944e-05,30
2.000,10,fire,9,rise,5.809418e-21,1.230242e-15,1.230248e-15,2.462951e-05,30
2.000,10,fire,9,write,nan,nan,nan,nan,0
2.000,10,fire,9,fall,-2.649837e-16,5.495118e-16,2.845282e-16,2.958150e-08,30
2.000,10,burst_read,0,burst_read,nan,nan,nan,nan,0
2.000,10,erase,0,rise,3.567305e-16,2.850563e-18,3.595810e-16,4.962029e-09,30
2.000,10,erase,0,hold,3.998605e-15,1.691155e-17,4.015517e-15,1.311192e-11,40
2.000,10,erase,0,fall,-1.629194e-15,3.793343e-19,-1.628814e-15,1.008582e-08,31
2.000,10,relax,0,hold,-5.457603e-17,-2.370516e-18,-5.694655e-17,-3.438255e-14,70
2.000,11,fire,1,rise,2.652854e-16,5.419122e-16,8.071976e-16,2.442412e-05,30
2.000,11,fire,1,write,nan,nan,nan,nan,0
2.000,11,fire,1,fall,4.567798e-22,1.229042e-15,1.229043e-15,2.460545e-05,30
2.000,11,fire,2,rise,4.610384e-22,1.229043e-15,1.229043e-15,2.460546e-05,30
2.000,11,fire,2,write,nan,nan,nan,nan,0
2.000,11,fire,2,fall,8.817682e-22,1.229091e-15,1.229092e-15,2.460643e-05,30
2.000,11,fire,3,rise,8.858372e-22,1.229091e-15,1.229092e-15,2.460644e-05,30
2.000,11,fire,3,write,nan,nan,nan,nan,0
2.000,11,fire,3,fall,1.303232e-20,1.229173e-14,1.229174e-14,2.460816e-05,30
2.000,11,fire,4,rise,1.324292e-21,1.229178e-15,1.229179e-15,2.460818e-05,30
2.000,11,fire,4,write,nan,nan,nan,nan,0
2.000,11,fire,4,fall,1.700107e-21,1.229285e-15,1.229287e-15,2.461032e-05,30
2.000,11,fire,5,rise,1.703775e-21,1.229286e-15,1.229288e-15,2.461035e-05,30
2.000,11,fire,5,write,nan,nan,nan,nan,0
2.000,11,fire,5,fall,2.130195e-21,1.229420e-15,1.229422e-15,2.461303e-05,30
2.000,11,fire,6,rise,2.135461e-21,1.229421e-15,1.229424e-15,2.461306e-05,30
2.000,11,fire,6,write,nan,nan,nan,nan,0
2.000,11,fire,6,fall,3.128961e-21,1.229598e-15,1.229601e-15,2.461659e-05,30
2.000,11,fire,7,rise,3.139696e-21,1.229600e-15,1.229603e-15,2.461663e-05,30
2.000,11,fire,7,write,nan,nan,nan,nan,0
2.000,11,fire,7,fall,4.202979e-21,1.229840e-15,1.229845e-15,2.462146e-05,30
2.000,11,fire,8,rise,4.213539e-21,1.229843e-15,1.229847e-15,2.462151e-05,30
2.000,11,fire,8,write,nan,nan,nan,nan,0
2.000,11,fire,8,fall,5.748874e-20,1.230180e-14,1.230186e-14,2.462861e-05,30
2.000,11,fire,9,rise,5.831030e-21,1.230201e-15,1.230207e-15,2.462868e-05,30
2.000,11,fire,9,write,nan,nan,nan,nan,0
2.000,11,fire,9,fall,-2.649721e-16,5.494099e-16,2.844377e-16,2.958138e-08,30
2.000,11,burst_read,0,burst_read,nan,nan,nan,nan,0
2.000,11,erase,0,rise,3.567275e-16,2.850551e-18,3.595781e-16,4.962019e-09,30
2.000,11,erase,0,hold,4.009139e-15,1.695524e-17,4.026095e-15,1.314634e-11,40
2.000,11,erase,0,fall,-1.614953e-15,3.312874e-19,-1.614622e-15,1.008574e-08,31
2.000,11,relax,0,hold,-5.468009e-17,-2.380817e-18,-5.706091e-17,-3.442338e-14,70
2.000,12,fire,1,rise,2.652730e-16,5.417474e-16,8.070204e-16,2.442275e-05,30
2.000,12,fire,1,write,nan,nan,nan,nan,0
2.000,12,fire,1,fall,4.593881e-22,1.228974e-15,1.228974e-15,2.460408e-05,30
2.000,12,fire,2,rise,4.636724e-22,1.228974e-15,1.228974e-15,2.460409e-05,30
2.000,12,fire,2,write,nan,nan,nan,nan,0
2.000,12,fire,2,fall,8.869439e-22,1.229022e-15,1.229023e-15,2.460506e-05,30
2.000,12,fire,3,rise,8.910375e-22,1.229023e-15,1.229024e-15,2.460507e-05,30
2.000,12,fire,3,write,nan,nan,nan,nan,0
2.000,12,fire,3,fall,1.293507e-21,1.229101e-15,1.229102e-15,2.460663e-05,30
2.000,12,fire,4,rise,1.314819e-20,1.229106e-14,1.229107e-14,2.460682e-05,30
2.000,12,fire,4,write,nan,nan,nan,nan,0
2.000,12,fire,4,fall,1.690019e-20,1.229211e-14,1.229213e-14,2.460895e-05,30
2.000,12,fire,5,rise,1.710269e-21,1.229218e-15,1.229219e-15,2.460897e-05,30
2.000,12,fire,5,write,nan,nan,nan,nan,0
2.000,12,fire,5,fall,2.138946e-21,1.229351e-15,1.229354e-15,2.461166e-05,30
2.000,12,fire,6,rise,2.144237e-21,1.229353e-15,1.229355e-15,2.461168e-05,30
2.000,12,fire,6,write,nan,nan,nan,nan,0
2.000,12,fire,6,fall,3.144742e-21,1.229530e-15,1.229533e-15,2.461523e-05,30
2.000,12,fire,7,rise,3.155505e-21,1.229532e-15,1.229535e-15,2.461527e-05,30
2.000,12,fire,7,write,nan,nan,nan,nan,0
2.000,12,fire,7,fall,4.216992e-21,1.229773e-15,1.229777e-15,2.462011e-05,30
2.000,12,fire,8,rise,4.227502e-21,1.229776e-15,1.229780e-15,2.462017e-05,30
2.000,12,fire,8,write,nan,nan,nan,nan,0
2.000,12,fire,8,fall,5.694074e-21,1.230097e-15,1.230103e-15,2.462661e-05,30
2.000,12,fire,9,rise,5.709084e-21,1.230101e-15,1.230107e-15,2.462668e-05,30
2.000,12,fire,9,write,nan,nan,nan,nan,0
2.000,12,fire,9,fall,-2.649442e-16,5.437036e-15,5.172092e-15,2.957807e-09,30
2.000,12,burst_read,0,burst_read,nan,nan,nan,nan,0
2.000,12,erase,0,rise,3.567244e-16,2.850508e-18,3.595749e-16,4.961982e-09,30
2.000,12,erase,0,hold,4.019230e-15,1.699725e-17,4.036227e-15,1.317510e-11,40
2.000,12,erase,0,fall,-1.615044e-15,3.311731e-19,-1.614713e-15,1.008391e-08,31
2.000,12,relax,0,hold,-5.474956e-17,-2.388669e-18,-5.713823e-17,-3.461507e-14,70
2.000,13,fire,1,rise,2.652808e-16,5.417990e-16,8.070798e-16,2.442338e-05,30
2.000,13,fire,1,write,nan,nan,nan,nan,0
2.000,13,fire,1,fall,6.051815e-22,1.229013e-15,1.229013e-15,2.460486e-05,30
2.000,13,fire,2,rise,6.108417e-22,1.229013e-15,1.229014e-15,2.460487e-05,30
2.000,13,fire,2,write,nan,nan,nan,nan,0
2.000,13,fire,2,fall,1.169064e-21,1.229081e-15,1.229082e-15,2.460623e-05,30
2.000,13,fire,3,rise,1.174453e-21,1.229082e-15,1.229083e-15,2.460625e-05,30
2.000,13,fire,3,write,nan,nan,nan,nan,0
2.000,13,fire,3,fall,1.703406e-21,1.229191e-15,1.229192e-15,2.460843e-05,30
2.000,13,fire,4,rise,1.708488e-21,1.229192e-15,1.229194e-15,2.460846e-05,30
2.000,13,fire,4,write,nan,nan,nan,nan,0
2.000,13,fire,4,fall,2.205648e-21,1.229339e-15,1.229341e-15,2.461141e-05,30
2.000,13,fire,5,rise,2.210453e-21,1.229341e-15,1.229343e-15,2.461144e-05,30
2.000,13,fire,5,write,nan,nan,nan,nan,0
2.000,13,fire,5,fall,2.763783e-20,1.229533e-14,1.229536e-14,2.461549e-05,30
2.000,13,fire,6,rise,2.798142e-21,1.229545e-15,1.229547e-15,2.461553e-05,30
2.000,13,fire,6,write,nan,nan,nan,nan,0
2.000,13,fire,6,fall,3.906515e-21,1.229784e-15,1.229788e-15,2.462033e-05,30
2.000,13,fire,7,rise,3.918195e-21,1.229787e-15,1.229791e-15,2.462038e-05,30
2.000,13,fire,7,write,nan,nan,nan,nan,0
2.000,13,fire,7,fall,5.058303e-21,1.230099e-15,1.230104e-15,2.462664e-05,30
2.000,13,fire,8,rise,5.069207e-21,1.230102e-15,1.230107e-15,2.462671e-05,30
2.000,13,fire,8,write,nan,nan,nan,nan,0
2.000,13,fire,8,fall,6.134299e-21,1.230482e-15,1.230489e-15,2.463432e-05,30
2.000,13,fire,9,rise,6.144395e-21,1.230487e-15,1.230493e-15,2.463441e-05,30
2.000,13,fire,9,write,nan,nan,nan,nan,0
2.000,13,fire,9,fall,-2.650592e-16,5.500130e-16,2.849538e-16,2.958262e-08,30
2.000,13,burst_read,0,burst_read,nan,nan,nan,nan,0
2.000,13,erase,0,rise,3.567437e-16,2.850672e-18,3.595944e-16,4.962142e-09,30
2.000,13,erase,0,hold,4.030258e-15,1.704304e-17,4.047301e-15,1.321589e-11,40
2.000,13,erase,0,fall,-1.614905e-15,3.310536e-19,-1.614574e-15,1.008438e-08,31
2.000,13,relax,0,hold,-5.485579e-17,-2.397240e-18,-5.725303e-17,-3.448386e-14,70
2.000,14,fire,1,rise,2.652532e-16,5.414816e-16,8.067348e-16,2.442045e-05,30
2.000,14,fire,1,write,nan,nan,nan,nan,0
2.000,14,fire,1,fall,4.620442e-22,1.228859e-15,1.228859e-15,2.460178e-05,30
2.000,14,fire,2,rise,4.663540e-22,1.228859e-15,1.228860e-15,2.460179e-05,30
2.000,14,fire,2,write,nan,nan,nan,nan,0
2.000,14,fire,2,fall,8.921344e-22,1.228908e-15,1.228909e-15,2.460277e-05,30
2.000,14,fire,3,rise,8.962521e-22,1.228909e-15,1.228910e-15,2.460278e-05,30
2.000,14,fire,3,write,nan,nan,nan,nan,0
2.000,14,fire,3,fall,1.301076e-21,1.228987e-15,1.228988e-15,2.460435e-05,30
2.000,14,fire,4,rise,1.304973e-21,1.228988e-15,1.228989e-15,2.460437e-05,30
2.000,14,fire,4,write,nan,nan,nan,nan,0
2.000,14,fire,4,fall,1.686847e-21,1.229094e-15,1.229096e-15,2.460649e-05,30
2.000,14,fire,5,rise,1.690555e-21,1.229095e-15,1.229097e-15,2.460652e-05,30
2.000,14,fire,5,write,nan,nan,nan,nan,0
2.000,14,fire,5,fall,2.110980e-21,1.229228e-15,1.229230e-15,2.460918e-05,30
2.000,14,fire,6,rise,2.116156e-21,1.229229e-15,1.229231e-15,2.460921e-05,30
2.000,14,fire,6,write,nan,nan,nan,nan,0
2.000,14,fire,6,fall,3.088881e-21,1.229403e-15,1.229406e-15,2.461269e-05,30
2.000,14,fire,7,rise,3.099724e-21,1.229405e-15,1.229408e-15,2.461274e-05,30
2.000,14,fire,7,write,nan,nan,nan,nan,0
2.000,14,fire,7,fall,4.162665e-21,1.229644e-15,1.229648e-15,2.461752e-05,30
2.000,14,fire,8,rise,4.173177e-21,1.229646e-15,1.229650e-15,2.461757e-05,30
2.000,14,fire,8,write,nan,nan,nan,nan,0
2.000,14,fire,8,fall,5.617125e-21,1.229963e-15,1.229969e-15,2.462392e-05,30
2.000,14,fire,9,rise,5.632157e-21,1.229967e-15,1.229972e-15,2.462399e-05,30
2.000,14,fire,9,write,nan,nan,nan,nan,0
2.000,14,fire,9,fall,-2.648996e-16,5.487954e-16,2.838958e-16,2.958022e-08,30
2.000,14,burst_read,0,burst_read,nan,nan,nan,nan,0
2.000,14,erase,0,rise,3.543198e-16,2.836883e-18,3.571566e-16,4.900405e-08,30
2.000,14,erase,0,hold,4.046414e-15,1.711011e-17,4.063524e-15,1.325789e-11,40
2.000,14,erase,0,fall,-1.575021e-15,8.593910e-20,-1.574935e-15,8.915087e-08,31
2.000,14,relax,0,hold,-5.497411e-17,-2.406395e-18,-5.738051e-17,-3.471651e-14,70
2.000,15,fire,1,rise,2.652461e-16,5.413387e-16,8.065848e-16,2.441950e-05,30
2.000,15,fire,1,write,nan,nan,nan,nan,0
2.000,15,fire,1,fall,6.018837e-22,1.228818e-15,1.228819e-15,2.460096e-05,30
2.000,15,fire,2,rise,6.075135e-22,1.228818e-15,1.228819e-15,2.460097e-05,30
2.000,15,fire,2,write,nan,nan,nan,nan,0
2.000,15,fire,2,fall,1.162764e-21,1.228886e-15,1.228887e-15,2.460233e-05,30
2.000,15,fire,3,rise,1.168125e-21,1.228887e-15,1.228888e-15,2.460234e-05,30
2.000,15,fire,3,write,nan,nan,nan,nan,0
2.000,15,fire,3,fall,1.694301e-21,1.228995e-15,1.228996e-15,2.460451e-05,30
2.000,15,fire,4,rise,1.699357e-21,1.228996e-15,1.228998e-15,2.460454e-05,30
2.000,15,fire,4,write,nan,nan,nan,nan,0
2.000,15,fire,4,fall,2.194000e-21,1.229142e-15,1.229144e-15,2.460746e-05,30
2.000,15,fire,5,rise,2.198785e-21,1.229144e-15,1.229146e-15,2.460750e-05,30
2.000,15,fire,5,write,nan,nan,nan,nan,0
2.000,15,fire,5,fall,2.725560e-21,1.229326e-15,1.229329e-15,2.461115e-05,30
2.000,15,fire,6,rise,2.731720e-21,1.229328e-15,1.229331e-15,2.461119e-05,30
2.000,15,fire,6,write,nan,nan,nan,nan,0
2.000,15,fire,6,fall,3.816968e-21,1.229561e-15,1.229565e-15,2.461587e-05,30
2.000,15,fire,7,rise,3.828709e-21,1.229564e-15,1.229568e-15,2.461592e-05,30
2.000,15,fire,7,write,nan,nan,nan,nan,0
2.000,15,fire,7,fall,4.970098e-21,1.229870e-15,1.229875e-15,2.462205e-05,30
2.000,15,fire,8,rise,4.980993e-21,1.229873e-15,1.229878e-15,2.462212e-05,30
2.000,15,fire,8,write,nan,nan,nan,nan,0
2.000,15,fire,8,fall,6.055372e-21,1.230248e-15,1.230254e-15,2.462962e-05,30
2.000,15,fire,9,rise,6.065633e-21,1.230252e-15,1.230258e-15,2.462970e-05,30
2.000,15,fire,9,write,nan,nan,nan,nan,0
2.000,15,fire,9,fall,-2.649889e-16,5.494249e-16,2.844360e-16,2.958140e-08,30
2.000,15,burst_read,0,burst_read,nan,nan,nan,nan,0
2.000,15,erase,0,rise,3.805356e-16,2.985177e-18,3.835208e-16,5.573931e-10,30
2.000,15,erase,0,hold,4.028320e-15,1.703507e-17,4.045355e-15,1.320273e-11,40
2.000,15,erase,0,fall,-1.592883e-15,1.357659e-19,-1.592747e-15,8.902820e-08,31
2.000,15,relax,0,hold,-5.532481e-17,-2.426506e-18,-5.775132e-17,-3.458301e-14,70
2.000,16,fire,1,rise,2.652906e-16,5.418376e-16,8.071282e-16,2.442388e-05,30
2.000,16,fire,1,write,nan,nan,nan,nan,0
2.000,16,fire,1,fall,5.966040e-22,1.229037e-15,1.229037e-15,2.460534e-05,30
2.000,16,fire,2,rise,6.021833e-22,1.229037e-15,1.229038e-15,2.460535e-05,30
2.000,16,fire,2,write,nan,nan,nan,nan,0
2.000,16,fire,2,fall,1.152488e-21,1.229104e-15,1.229105e-15,2.460669e-05,30
2.000,16,fire,3,rise,1.157801e-21,1.229105e-15,1.229106e-15,2.460671e-05,30
2.000,16,fire,3,write,nan,nan,nan,nan,0
2.000,16,fire,3,fall,1.679362e-21,1.229211e-15,1.229213e-15,2.460885e-05,30
2.000,16,fire,4,rise,1.684374e-21,1.229213e-15,1.229214e-15,2.460888e-05,30
2.000,16,fire,4,write,nan,nan,nan,nan,0
2.000,16,fire,4,fall,2.174628e-21,1.229357e-15,1.229359e-15,2.461177e-05,30
2.000,16,fire,5,rise,2.179368e-21,1.229359e-15,1.229361e-15,2.461180e-05,30
2.000,16,fire,5,write,nan,nan,nan,nan,0
2.000,16,fire,5,fall,2.696386e-21,1.229539e-15,1.229542e-15,2.461542e-05,30
2.000,16,fire,6,rise,2.702405e-21,1.229541e-15,1.229544e-15,2.461546e-05,30
2.000,16,fire,6,write,nan,nan,nan,nan,0
2.000,16,fire,6,fall,3.757700e-21,1.229771e-15,1.229774e-15,2.462006e-05,30
2.000,16,fire,7,rise,3.769405e-21,1.229773e-15,1.229777e-15,2.462011e-05,30
2.000,16,fire,7,write,nan,nan,nan,nan,0
2.000,16,fire,7,fall,4.907695e-21,1.230075e-15,1.230080e-15,2.462615e-05,30
2.000,16,fire,8,rise,4.918585e-21,1.230078e-15,1.230083e-15,2.462622e-05,30
2.000,16,fire,8,write,nan,nan,nan,nan,0
2.000,16,fire,8,fall,5.995604e-21,1.230448e-15,1.230454e-15,2.463363e-05,30
2.000,16,fire,9,rise,6.005915e-21,1.230452e-15,1.230458e-15,2.463371e-05,30
2.000,16,fire,9,write,nan,nan,nan,nan,0
2.000,16,fire,9,fall,-2.650456e-16,5.498911e-16,2.848455e-16,2.958256e-08,30
2.000,16,burst_read,0,burst_read,nan,nan,nan,nan,0
2.000,16,erase,0,rise,3.543538e-16,2.837138e-18,3.571909e-16,4.900653e-08,30
2.000,16,erase,0,hold,4.071809e-15,1.721570e-17,4.089025e-15,1.334842e-11,40
2.000,16,erase,0,fall,-1.574913e-15,8.585187e-20,-1.574827e-15,8.915751e-08,31
2.000,16,relax,0,hold,-5.516096e-17,-2.418878e-18,-5.757984e-17,-3.482824e-14,70
2.000,17,fire,1,rise,2.652098e-16,5.408587e-16,8.060686e-16,2.441542e-05,30
2.000,17,fire,1,write,nan,nan,nan,nan,0
2.000,17,fire,1,fall,6.056858e-22,1.228614e-15,1.228615e-15,2.459689e-05,30
2.000,17,fire,2,rise,6.113514e-22,1.228615e-15,1.228615e-15,2.459690e-05,30
2.000,17,fire,2,write,nan,nan,nan,nan,0
2.000,17,fire,2,fall,1.170088e-21,1.228683e-15,1.228684e-15,2.459826e-05,30
2.000,17,fire,3,rise,1.175482e-21,1.228684e-15,1.228685e-15,2.459828e-05,30
2.000,17,fire,3,write,nan,nan,nan,nan,0
2.000,17,fire,3,fall,1.704887e-21,1.228793e-15,1.228794e-15,2.460047e-05,30
2.000,17,fire,4,rise,1.709974e-21,1.228794e-15,1.228796e-15,2.460049e-05,30
2.000,17,fire,4,write,nan,nan,nan,nan,0
2.000,17,fire,4,fall,2.207671e-21,1.228941e-15,1.228944e-15,2.460345e-05,30
2.000,17,fire,5,rise,2.212493e-21,1.228943e-15,1.228945e-15,2.460348e-05,30
2.000,17,fire,5,write,nan,nan,nan,nan,0
2.000,17,fire,5,fall,2.746272e-21,1.229127e-15,1.229130e-15,2.460717e-05,30
2.000,17,fire,6,rise,2.752578e-21,1.229129e-15,1.229132e-15,2.460721e-05,30
2.000,17,fire,6,write,nan,nan,nan,nan,0
2.000,17,fire,6,fall,3.869053e-21,1.229366e-15,1.229370e-15,2.461196e-05,30
2.000,17,fire,7,rise,3.880820e-21,1.229369e-15,1.229373e-15,2.461201e-05,30
2.000,17,fire,7,write,nan,nan,nan,nan,0
2.000,17,fire,7,fall,5.025098e-21,1.229679e-15,1.229684e-15,2.461823e-05,30
2.000,17,fire,8,rise,5.036028e-21,1.229682e-15,1.229687e-15,2.461830e-05,30
2.000,17,fire,8,write,nan,nan,nan,nan,0
2.000,17,fire,8,fall,6.110166e-21,1.230061e-15,1.230067e-15,2.462588e-05,30
2.000,17,fire,9,rise,6.120392e-21,1.230065e-15,1.230071e-15,2.462596e-05,30
2.000,17,fire,9,write,nan,nan,nan,nan,0
2.000,17,fire,9,fall,-2.649352e-16,5.489772e-16,2.840420e-16,2.958053e-08,30
2.000,17,burst_read,0,burst_read,nan,nan,nan,nan,0
2.000,17,erase,0,rise,3.543254e-16,2.836914e-18,3.571624e-16,4.900443e-08,30
2.000,17,erase,0,hold,3.883188e-15,1.642486e-17,3.899613e-15,1.338897e-11,39
2.000,17,erase,0,fall,-1.575027e-15,8.600275e-20,-1.574941e-15,8.915375e-08,31
2.000,17,relax,0,hold,-5.524388e-17,-2.423287e-18,-5.766717e-17,-3.487801e-14,70
2.000,18,fire,1,rise,2.651950e-16,5.406557e-16,8.058508e-16,2.441377e-05,30
2.000,18,fire,1,write,nan,nan,nan,nan,0
2.000,18,fire,1,fall,6.047860e-22,1.228532e-15,1.228533e-15,2.459524e-05,30
2.000,18,fire,2,rise,6.104426e-22,1.228533e-15,1.228533e-15,2.459525e-05,30
2.000,18,fire,2,write,nan,nan,nan,nan,0
2.000,18,fire,2,fall,1.168290e-21,1.228601e-15,1.228602e-15,2.459662e-05,30
2.000,18,fire,3,rise,1.435886e-19,1.228651e-13,1.228653e-13,2.459877e-05,30
2.000,18,fire,3,write,nan,nan,nan,nan,0
2.000,18,fire,3,fall,2.189795e-21,1.228854e-15,1.228856e-15,2.460170e-05,30
2.000,18,fire,4,rise,2.194606e-21,1.228856e-15,1.228858e-15,2.460173e-05,30
2.000,18,fire,4,write,nan,nan,nan,nan,0
2.000,18,fire,4,fall,2.725628e-21,1.229038e-15,1.229041e-15,2.460539e-05,30
2.000,18,fire,5,rise,2.731876e-21,1.229040e-15,1.229043e-15,2.460543e-05,30
2.000,18,fire,5,write,nan,nan,nan,nan,0
2.000,18,fire,5,fall,3.845845e-21,1.229276e-15,1.229280e-15,2.461015e-05,30
2.000,18,fire,6,rise,3.857634e-21,1.229279e-15,1.229282e-15,2.461021e-05,30
2.000,18,fire,6,write,nan,nan,nan,nan,0
2.000,18,fire,6,fall,5.004456e-21,1.229587e-15,1.229592e-15,2.461640e-05,30
2.000,18,fire,7,rise,5.015422e-21,1.229591e-15,1.229596e-15,2.461646e-05,30
2.000,18,fire,7,write,nan,nan,nan,nan,0
2.000,18,fire,7,fall,6.098629e-21,1.229968e-15,1.229975e-15,2.462403e-05,30
2.000,18,fire,8,rise,6.108951e-21,1.229973e-15,1.229979e-15,2.462412e-05,30
2.000,18,fire,8,write,nan,nan,nan,nan,0
2.000,18,fire,8,fall,7.103429e-21,1.230415e-15,1.230422e-15,2.463297e-05,30
2.000,18,fire,9,rise,7.112812e-21,1.230419e-15,1.230426e-15,2.463307e-05,30
2.000,18,fire,9,write,nan,nan,nan,nan,0
2.000,18,fire,9,fall,-2.650563e-16,5.500400e-16,2.849837e-16,2.958406e-08,30
2.000,18,burst_read,0,burst_read,nan,nan,nan,nan,0
2.000,18,erase,0,rise,3.543826e-16,2.837374e-18,3.572200e-16,4.900860e-08,30
2.000,18,erase,0,hold,3.890811e-15,1.645621e-17,3.907267e-15,1.347213e-11,39
2.000,18,erase,0,fall,-1.602781e-15,1.706893e-19,-1.602610e-15,8.917818e-08,32
2.000,18,relax,0,hold,-5.468368e-17,-2.393565e-18,-5.707724e-17,-3.463446e-14,70
2.000,19,fire,1,rise,2.651462e-16,5.398323e-16,8.049784e-16,2.440734e-05,30
2.000,19,fire,1,write,nan,nan,nan,nan,0
2.000,19,fire,1,fall,4.529842e-22,1.228203e-15,1.228204e-15,2.458866e-05,30
2.000,19,fire,2,rise,4.572062e-22,1.228204e-15,1.228204e-15,2.458866e-05,30
2.000,19,fire,2,write,nan,nan,nan,nan,0
2.000,19,fire,2,fall,8.742925e-22,1.228252e-15,1.228253e-15,2.458963e-05,30
2.000,19,fire,3,rise,8.783260e-22,1.228252e-15,1.228253e-15,2.458964e-05,30
2.000,19,fire,3,write,nan,nan,nan,nan,0
2.000,19,fire,3,fall,1.274858e-21,1.228329e-15,1.228331e-15,2.459119e-05,30
2.000,19,fire,4,rise,1.278674e-21,1.228330e-15,1.228332e-15,2.459121e-05,30
2.000,19,fire,4,write,nan,nan,nan,nan,0
2.000,19,fire,4,fall,1.653258e-21,1.228435e-15,1.228436e-15,2.459330e-05,30
2.000,19,fire,5,rise,1.656916e-21,1.228436e-15,1.228437e-15,2.459332e-05,30
2.000,19,fire,5,write,nan,nan,nan,nan,0
2.000,19,fire,5,fall,2.094557e-21,1.228567e-15,1.228569e-15,2.459595e-05,30
2.000,19,fire,6,rise,2.100471e-21,1.228568e-15,1.228570e-15,2.459597e-05,30
2.000,19,fire,6,write,nan,nan,nan,nan,0
2.000,19,fire,6,fall,3.182158e-21,1.228747e-15,1.228750e-15,2.459956e-05,30
2.000,19,fire,7,rise,3.192971e-21,1.228749e-15,1.228752e-15,2.459960e-05,30
2.000,19,fire,7,write,nan,nan,nan,nan,0
2.000,19,fire,7,fall,4.266496e-21,1.228993e-15,1.228998e-15,2.460450e-05,30
2.000,19,fire,8,rise,4.277382e-21,1.228996e-15,1.229000e-15,2.460455e-05,30
2.000,19,fire,8,write,nan,nan,nan,nan,0
2.000,19,fire,8,fall,5.832094e-21,1.229327e-15,1.229333e-15,2.461118e-05,30
2.000,19,fire,9,rise,5.847394e-21,1.229331e-15,1.229336e-15,2.461126e-05,30
2.000,19,fire,9,write,nan,nan,nan,nan,0
2.000,19,fire,9,fall,-2.647184e-16,5.472313e-16,2.825130e-16,2.957715e-08,30
2.000,19,burst_read,0,burst_read,nan,nan,nan,nan,0
2.000,19,erase,0,rise,3.542756e-16,2.836530e-18,3.571121e-16,4.900085e-08,30
2.000,19,erase,0,hold,3.908435e-15,1.652965e-17,3.924964e-15,1.346858e-11,39
2.000,19,erase,0,fall,-1.575203e-15,8.629410e-20,-1.575117e-15,8.914604e-08,31
2.000,19,relax,0,hold,-5.504350e-17,-2.414733e-18,-5.745824e-17,-3.453245e-14,70
2.000,20,fire,1,rise,2.651977e-16,5.404875e-16,8.056852e-16,2.441259e-05,30
2.000,20,fire,1,write,nan,nan,nan,nan,0
2.000,20,fire,1,fall,4.539521e-22,1.228466e-15,1.228466e-15,2.459391e-05,30
2.000,20,fire,2,rise,4.581834e-22,1.228466e-15,1.228467e-15,2.459392e-05,30
2.000,20,fire,2,write,nan,nan,nan,nan,0
2.000,20,fire,2,fall,8.762018e-22,1.228514e-15,1.228515e-15,2.459489e-05,30
2.000,20,fire,3,rise,8.802445e-22,1.228515e-15,1.228516e-15,2.459490e-05,30
2.000,20,fire,3,write,nan,nan,nan,nan,0
2.000,20,fire,3,fall,1.277694e-21,1.228592e-15,1.228593e-15,2.459644e-05,30
2.000,20,fire,4,rise,1.281520e-21,1.228593e-15,1.228594e-15,2.459646e-05,30
2.000,20,fire,4,write,nan,nan,nan,nan,0
2.000,20,fire,4,fall,1.656689e-21,1.228697e-15,1.228699e-15,2.459855e-05,30
2.000,20,fire,5,rise,1.660343e-21,1.228698e-15,1.228700e-15,2.459858e-05,30
2.000,20,fire,5,write,nan,nan,nan,nan,0
2.000,20,fire,5,fall,2.085527e-21,1.228829e-15,1.228831e-15,2.460120e-05,30
2.000,20,fire,6,rise,2.090930e-21,1.228831e-15,1.228833e-15,2.460123e-05,30
2.000,20,fire,6,write,nan,nan,nan,nan,0
2.000,20,fire,6,fall,3.131154e-21,1.229006e-15,1.229009e-15,2.460475e-05,30
2.000,20,fire,7,rise,3.141946e-21,1.229008e-15,1.229011e-15,2.460479e-05,30
2.000,20,fire,7,write,nan,nan,nan,nan,0
2.000,20,fire,7,fall,4.210623e-21,1.229249e-15,1.229254e-15,2.460962e-05,30
2.000,20,fire,8,rise,4.221274e-21,1.229252e-15,1.229256e-15,2.460968e-05,30
2.000,20,fire,8,write,nan,nan,nan,nan,0
2.000,20,fire,8,fall,5.742802e-21,1.229577e-15,1.229582e-15,2.461619e-05,30
2.000,20,fire,9,rise,5.758045e-21,1.229580e-15,1.229586e-15,2.461626e-05,30
2.000,20,fire,9,write,nan,nan,nan,nan,0
2.000,20,fire,9,fall,-2.647880e-16,5.478336e-16,2.830456e-16,2.957883e-08,30
2.000,20,burst_read,0,burst_read,nan,nan,nan,nan,0
2.000,20,erase,0,rise,3.542984e-16,2.836713e-18,3.571351e-16,4.900251e-08,30
2.000,20,erase,0,hold,3.921566e-15,1.658418e-17,3.938150e-15,1.351459e-11,39
2.000,20,erase,0,fall,-1.652411e-15,-9.624298e-19,-1.653374e-15,1.051912e-09,30
2.000,20,relax,0,hold,-5.554353e-17,-2.448657e-18,-5.799219e-17,-3.447208e-14,70
2.025,1,fire,1,rise,2.873570e-16,7.634364e-16,1.050793e-15,2.598629e-05,30
2.025,1,fire,1,write,3.720146e-15,1.308059e-13,1.345260e-13,2.617053e-05,11
2.025,1,fire,1,fall,5.341642e-22,1.307218e-15,1.307219e-15,2.617054e-05,30
2.025,1,fire,2,rise,5.395029e-22,1.307219e-15,1.307219e-15,2.617054e-05,30
2.025,1,fire,2,write,8.085397e-20,1.308543e-13,1.308544e-13,2.617126e-05,11
2.025,1,fire,2,fall,1.073721e-21,1.307255e-15,1.307256e-15,2.617127e-05,30
2.025,1,fire,3,rise,1.078949e-21,1.307255e-15,1.307256e-15,2.617128e-05,30
2.025,1,fire,3,write,1.355309e-19,1.308592e-13,1.308593e-13,2.617248e-05,11
2.025,1,fire,3,fall,1.701498e-21,1.307316e-15,1.307317e-15,2.617249e-05,30
2.025,1,fire,4,rise,1.710977e-21,1.307316e-15,1.307318e-15,2.617251e-05,30
2.025,1,fire,4,write,2.237452e-19,1.308671e-13,1.308673e-13,2.617448e-05,11
2.025,1,fire,4,fall,2.790680e-21,1.307416e-15,1.307419e-15,2.617451e-05,30
2.025,1,fire,5,rise,2.802169e-21,1.307417e-15,1.307420e-15,2.617453e-05,30
2.025,1,fire,5,write,3.380457e-19,1.308796e-13,1.308800e-13,2.617749e-05,11
2.025,1,fire,5,fall,3.941672e-21,1.307566e-15,1.307570e-15,2.617752e-05,30
2.025,1,fire,6,rise,3.952668e-21,1.307568e-15,1.307572e-15,2.617755e-05,30
2.025,1,fire,6,write,4.502450e-19,1.308971e-13,1.308976e-13,2.618145e-05,11
2.025,1,fire,6,fall,5.030460e-21,1.307765e-15,1.307770e-15,2.618150e-05,30
2.025,1,fire,7,rise,5.040802e-21,1.307767e-15,1.307772e-15,2.618154e-05,30
2.025,1,fire,7,write,5.557925e-19,1.309193e-13,1.309199e-13,2.618633e-05,11
2.025,1,fire,7,fall,6.049947e-21,1.308008e-15,1.308014e-15,2.618638e-05,30
2.025,1,fire,8,rise,6.059588e-21,1.308011e-15,1.308017e-15,2.618643e-05,30
2.025,1,fire,8,write,6.541869e-19,1.309458e-13,1.309465e-13,2.619204e-05,11
2.025,1,fire,8,fall,6.996196e-21,1.308294e-15,1.308301e-15,2.619209e-05,30
2.025,1,fire,9,rise,7.005106e-21,1.308297e-15,1.308304e-15,2.619215e-05,30
2.025,1,fire,9,write,7.451238e-19,1.309764e-13,1.309771e-13,2.619851e-05,11
2.025,1,fire,9,fall,-2.888688e-16,7.823887e-16,4.935199e-16,3.060913e-08,30
2.025,1,burst_read,0,burst_read,7.667809e-17,3.824803e-18,8.050290e-17,-2.645672e-13,21
2.025,1,erase,0,rise,3.647099e-16,2.915453e-18,3.676254e-16,5.040054e-09,30
2.025,1,erase,0,hold,1.148574e-14,4.804761e-17,1.153379e-14,1.465755e-11,41
2.025,1,erase,0,fall,-1.593138e-15,4.126339e-19,-1.592726e-15,1.073231e-08,32
2.025,1,relax,0,hold,-1.981238e-14,2.664589e-16,-1.954592e-14,-3.583721e-14,71
2.025,2,fire,1,rise,2.710364e-16,5.276983e-16,7.987348e-16,2.436033e-05,30
2.025,2,fire,1,write,3.691561e-15,1.226703e-13,1.263619e-13,2.454343e-05,11
2.025,2,fire,1,fall,4.585739e-22,1.225945e-15,1.225945e-15,2.454344e-05,30
2.025,2,fire,2,rise,4.628569e-22,1.225945e-15,1.225945e-15,2.454344e-05,30
2.025,2,fire,2,write,6.767451e-20,1.227194e-13,1.227195e-13,2.454441e-05,11
2.025,2,fire,2,fall,8.857196e-22,1.225994e-15,1.225994e-15,2.454442e-05,30
2.025,2,fire,3,rise,8.898065e-22,1.225994e-15,1.225995e-15,2.454443e-05,30
2.025,2,fire,3,write,1.095197e-19,1.227258e-13,1.227259e-13,2.454598e-05,11
2.025,2,fire,3,fall,1.303866e-21,1.226072e-15,1.226074e-15,2.454600e-05,30
2.025,2,fire,4,rise,1.308582e-21,1.226073e-15,1.226074e-15,2.454602e-05,30
2.025,2,fire,4,write,1.795660e-19,1.227356e-13,1.227358e-13,2.454847e-05,11
2.025,2,fire,4,fall,2.459066e-21,1.226197e-15,1.226199e-15,2.454850e-05,30
2.025,2,fire,5,rise,2.472778e-21,1.226199e-15,1.226201e-15,2.454853e-05,30
2.025,2,fire,5,write,3.154495e-19,1.227522e-13,1.227525e-13,2.455262e-05,11
2.025,2,fire,5,fall,3.814675e-21,1.226404e-15,1.226408e-15,2.455266e-05,30
2.025,2,fire,6,rise,3.827536e-21,1.226407e-15,1.226411e-15,2.455271e-05,30
2.025,2,fire,6,write,4.467867e-19,1.227770e-13,1.227775e-13,2.455835e-05,11
2.025,2,fire,6,fall,5.082885e-21,1.226691e-15,1.226696e-15,2.455841e-05,30
2.025,2,fire,7,rise,5.095230e-21,1.226694e-15,1.226699e-15,2.455848e-05,30
2.025,2,fire,7,write,5.978964e-19,1.228103e-13,1.228109e-13,2.456609e-05,11
2.025,2,fire,7,fall,6.928120e-21,1.227078e-15,1.227085e-15,2.456618e-05,30
2.025,2,fire,8,rise,6.947017e-21,1.227083e-15,1.227090e-15,2.456626e-05,30
2.025,2,fire,8,write,7.882000e-19,1.228560e-13,1.228567e-13,2.457654e-05,11
2.025,2,fire,8,fall,8.771112e-21,1.227601e-15,1.227610e-15,2.457665e-05,30
2.025,2,fire,9,rise,8.788405e-21,1.227607e-15,1.227615e-15,2.457677e-05,30
2.025,2,fire,9,write,9.647949e-19,1.229147e-13,1.229157e-13,2.458949e-05,11
2.025,2,fire,9,fall,-2.700189e-16,5.373374e-16,2.673186e-16,2.983396e-08,30
2.025,2,burst_read,0,burst_read,7.464121e-17,3.727141e-18,7.836835e-17,-4.248683e-13,21
2.025,2,erase,0,rise,3.561421e-16,2.845814e-18,3.589879e-16,4.957880e-09,30
2.025,2,erase,0,hold,1.145317e-14,4.796170e-17,1.150113e-14,1.279114e-11,41
2.025,2,erase,0,fall,-1.630519e-15,3.806308e-19,-1.630138e-15,1.008227e-08,31
2.025,2,relax,0,hold,-1.990897e-14,2.494833e-16,-1.965948e-14,-3.414944e-14,71
2.025,3,fire,1,rise,2.726160e-16,5.499602e-16,8.225762e-16,2.453492e-05,30
2.025,3,fire,1,write,2.358755e-20,1.112307e-13,1.112307e-13,2.471813e-05,10
2.025,3,fire,1,fall,4.663646e-22,1.234671e-15,1.234671e-15,2.471814e-05,30
2.025,3,fire,2,rise,4.707165e-22,1.234671e-15,1.234672e-15,2.471815e-05,30
2.025,3,fire,2,write,6.272178e-20,1.112336e-13,1.112337e-13,2.471905e-05,10
2.025,3,fire,2,fall,9.009007e-22,1.234719e-15,1.234719e-15,2.471910e-05,30
2.025,3,fire,3,rise,9.050633e-22,1.234719e-15,1.234720e-15,2.471911e-05,30
2.025,3,fire,3,write,1.001833e-19,1.112391e-13,1.112392e-13,2.472052e-05,10
2.025,3,fire,3,fall,1.314512e-21,1.234795e-15,1.234796e-15,2.472063e-05,30
2.025,3,fire,4,rise,1.318455e-21,1.234796e-15,1.234797e-15,2.472065e-05,30
2.025,3,fire,4,write,1.357085e-19,1.112471e-13,1.112472e-13,2.472252e-05,10
2.025,3,fire,4,fall,1.704996e-21,1.234899e-15,1.234900e-15,2.472270e-05,30
2.025,3,fire,5,rise,1.708752e-21,1.234900e-15,1.234901e-15,2.472273e-05,30
2.025,3,fire,5,write,1.703479e-19,1.112573e-13,1.112575e-13,2.472502e-05,10
2.025,3,fire,5,fall,2.154214e-20,1.235035e-14,1.235037e-14,2.472556e-05,30
2.025,3,fire,6,rise,2.183209e-21,1.235042e-15,1.235045e-15,2.472559e-05,30
2.025,3,fire,6,write,2.326996e-19,1.112716e-13,1.112718e-13,2.472860e-05,10
2.025,3,fire,6,fall,3.188393e-21,1.235215e-15,1.235218e-15,2.472904e-05,30
2.025,3,fire,7,rise,3.199454e-21,1.235217e-15,1.235220e-15,2.472908e-05,30
2.025,3,fire,7,write,2.986138e-19,9.892481e-14,9.892511e-14,2.473313e-05,9
2.025,3,fire,7,fall,4.301149e-21,1.235452e-15,1.235457e-15,2.473381e-05,30
2.025,3,fire,8,rise,4.312274e-21,1.235455e-15,1.235459e-15,2.473386e-05,30
2.025,3,fire,8,write,3.996760e-19,9.894618e-14,9.894658e-14,2.473914e-05,9
2.025,3,fire,8,fall,5.859118e-21,1.235772e-15,1.235778e-15,2.474022e-05,30
2.025,3,fire,9,rise,5.874746e-21,1.235776e-15,1.235782e-15,2.474029e-05,30
2.025,3,fire,9,write,5.248415e-19,9.897515e-14,9.897568e-14,2.474720e-05,9
2.025,3,fire,9,fall,-2.724302e-16,5.575978e-16,2.851677e-16,2.987986e-08,30
2.025,3,burst_read,0,burst_read,-2.621761e-20,-1.300551e-21,-2.751816e-20,-3.199223e-13,17
2.025,3,erase,0,rise,3.567634e-16,2.850828e-18,3.596143e-16,4.962264e-09,30
2.025,3,erase,0,hold,3.924505e-15,1.660379e-17,3.941108e-15,1.287747e-11,40
2.025,3,erase,0,fall,-1.628988e-15,3.796240e-19,-1.628609e-15,1.008977e-08,31
2.025,3,relax,0,hold,-5.299800e-17,-2.215895e-18,-5.521389e-17,-3.418154e-14,70
2.025,4,fire,1,rise,2.725785e-16,5.493999e-16,8.219784e-16,2.453037e-05,30
2.025,4,fire,1,write,1.670901e-20,9.885332e-14,9.885334e-14,2.471348e-05,9
2.025,4,fire,1,fall,4.857998e-21,1.234445e-14,1.234446e-14,2.471365e-05,30
2.025,4,fire,2,rise,5.096410e-22,1.234447e-15,1.234448e-15,2.471366e-05,30
2.025,4,fire,2,write,5.506098e-20,9.885604e-14,9.885610e-14,2.471442e-05,9
2.025,4,fire,2,fall,9.379592e-22,1.234497e-15,1.234498e-15,2.471466e-05,30
2.025,4,fire,3,rise,9.421018e-22,1.234498e-15,1.234499e-15,2.471467e-05,30
2.025,4,fire,3,write,7.876457e-20,8.650355e-14,8.650363e-14,2.471585e-05,8
2.025,4,fire,3,fall,1.349406e-21,1.234576e-15,1.234577e-15,2.471624e-05,30
2.025,4,fire,4,rise,1.353327e-21,1.234577e-15,1.234578e-15,2.471626e-05,30
2.025,4,fire,4,write,1.063385e-19,8.650980e-14,8.650990e-14,2.471782e-05,8
2.025,4,fire,4,fall,1.738492e-21,1.234682e-15,1.234684e-15,2.471837e-05,30
2.025,4,fire,5,rise,1.742274e-21,1.234683e-15,1.234685e-15,2.471839e-05,30
2.025,4,fire,5,write,1.334011e-19,8.651782e-14,8.651796e-14,2.472029e-05,8
2.025,4,fire,5,fall,2.187823e-21,1.234814e-15,1.234817e-15,2.472102e-05,30
2.025,4,fire,6,rise,2.193397e-21,1.234816e-15,1.234818e-15,2.472105e-05,30
2.025,4,fire,6,write,1.779441e-19,8.652785e-14,8.652803e-14,2.472345e-05,8
2.025,4,fire,6,fall,3.282980e-20,1.234999e-14,1.235003e-14,2.472492e-05,30
2.025,4,fire,7,rise,3.343421e-21,1.235011e-15,1.235014e-15,2.472496e-05,30
2.025,4,fire,7,write,2.629860e-19,8.654321e-14,8.654347e-14,2.472832e-05,8
2.025,4,fire,7,fall,4.458026e-21,1.235255e-15,1.235259e-15,2.472985e-05,30
2.025,4,fire,8,rise,4.470614e-21,1.235258e-15,1.235262e-15,2.472991e-05,30
2.025,4,fire,8,write,3.529778e-19,8.656204e-14,8.656239e-14,2.473429e-05,8
2.025,4,fire,8,fall,6.082422e-21,1.235590e-15,1.235596e-15,2.473657e-05,30
2.025,4,fire,9,rise,6.097910e-21,1.235594e-15,1.235600e-15,2.473665e-05,30
2.025,4,fire,9,write,4.013425e-19,7.421922e-14,7.421962e-14,2.474233e-05,7
2.025,4,fire,9,fall,-2.723796e-16,5.571738e-16,2.847941e-16,2.987897e-08,30
2.025,4,burst_read,0,burst_read,-2.191265e-20,-1.087153e-21,-2.299980e-20,-3.302171e-13,14
2.025,4,erase,0,rise,3.567524e-16,2.850739e-18,3.596032e-16,4.962185e-09,30
2.025,4,erase,0,hold,3.934644e-15,1.664587e-17,3.951290e-15,1.291459e-11,40
2.025,4,erase,0,fall,-1.628936e-15,3.797829e-19,-1.628557e-15,1.009146e-08,31
2.025,4,relax,0,hold,-5.332315e-17,-2.250031e-18,-5.557319e-17,-3.420525e-14,70
2.025,5,fire,1,rise,2.725678e-16,5.492488e-16,8.218166e-16,2.452920e-05,30
2.025,5,fire,1,write,1.093834e-20,7.413641e-14,7.413642e-14,2.471223e-05,7
2.025,5,fire,1,fall,4.661603e-22,1.234385e-15,1.234386e-15,2.471242e-05,30
2.025,5,fire,2,rise,4.705102e-22,1.234386e-15,1.234386e-15,2.471243e-05,30
2.025,5,fire,2,write,3.719795e-20,7.413807e-14,7.413811e-14,2.471296e-05,7
2.025,5,fire,2,fall,9.192143e-21,1.234436e-14,1.234437e-14,2.471349e-05,30
2.025,5,fire,3,rise,9.419915e-22,1.234439e-15,1.234440e-15,2.471350e-05,30
2.025,5,fire,3,write,6.482706e-20,7.414189e-14,7.414196e-14,2.471442e-05,7
2.025,5,fire,3,fall,1.349242e-21,1.234517e-15,1.234519e-15,2.471507e-05,30
2.025,5,fire,4,rise,1.353162e-21,1.234518e-15,1.234520e-15,2.471509e-05,30
2.025,5,fire,4,write,8.860607e-20,7.414707e-14,7.414716e-14,2.471630e-05,7
2.025,5,fire,4,fall,1.738310e-21,1.234623e-15,1.234625e-15,2.471720e-05,30
2.025,5,fire,5,rise,1.742092e-21,1.234625e-15,1.234626e-15,2.471722e-05,30
2.025,5,fire,5,write,9.396681e-20,6.179513e-14,6.179522e-14,2.471869e-05,6
2.025,5,fire,5,fall,2.189532e-21,1.234756e-15,1.234758e-15,2.471985e-05,30
2.025,5,fire,6,rise,2.195151e-21,1.234757e-15,1.234760e-15,2.471988e-05,30
2.025,5,fire,6,write,1.240922e-19,6.180217e-14,6.180230e-14,2.472170e-05,6
2.025,5,fire,6,fall,3.245782e-21,1.234932e-15,1.234936e-15,2.472339e-05,30
2.025,5,fire,7,rise,3.256832e-21,1.234934e-15,1.234938e-15,2.472343e-05,30
2.025,5,fire,7,write,1.797588e-19,6.181185e-14,6.181202e-14,2.472589e-05,6
2.025,5,fire,7,fall,4.418195e-20,1.235186e-14,1.235190e-14,2.472872e-05,30
2.025,5,fire,8,rise,4.485903e-21,1.235201e-15,1.235205e-15,2.472877e-05,30
2.025,5,fire,8,write,2.482256e-19,6.182622e-14,6.182647e-14,2.473207e-05,6
2.025,5,fire,8,fall,6.103156e-21,1.235534e-15,1.235540e-15,2.473546e-05,30
2.025,5,fire,9,rise,6.118647e-21,1.235538e-15,1.235544e-15,2.473554e-05,30
2.025,5,fire,9,write,3.272423e-19,6.184428e-14,6.184461e-14,2.473982e-05,6
2.025,5,fire,9,fall,-2.723635e-16,5.570337e-16,2.846703e-16,2.987872e-08,30
2.025,5,burst_read,0,burst_read,-1.694425e-20,-8.406431e-22,-1.778489e-20,-3.329525e-13,11
2.025,5,erase,0,rise,3.567489e-16,2.850711e-18,3.595996e-16,4.962160e-09,30
2.025,5,erase,0,hold,3.945062e-15,1.668915e-17,3.961751e-15,1.294862e-11,40
2.025,5,erase,0,fall,-1.614704e-15,3.317221e-19,-1.614373e-15,1.009137e-08,31
2.025,5,relax,0,hold,-5.362391e-17,-2.280373e-18,-5.590428e-17,-3.422119e-14,70
2.025,6,fire,1,rise,2.725622e-16,5.491648e-16,8.217270e-16,2.452854e-05,30
2.025,6,fire,1,write,3.694438e-15,6.173291e-14,6.542735e-14,2.471151e-05,6
2.025,6,fire,1,fall,4.661303e-22,1.234353e-15,1.234353e-15,2.471177e-05,30
2.025,6,fire,2,rise,4.704800e-22,1.234353e-15,1.234353e-15,2.471177e-05,30
2.025,6,fire,2,write,2.377112e-20,4.942396e-14,4.942399e-14,2.471215e-05,5
2.025,6,fire,2,fall,9.004258e-22,1.234400e-15,1.234401e-15,2.471272e-05,30
2.025,6,fire,3,rise,9.045859e-22,1.234401e-15,1.234402e-15,2.471273e-05,30
2.025,6,fire,3,write,4.060363e-20,4.942615e-14,4.942619e-14,2.471336e-05,5
2.025,6,fire,3,fall,1.331525e-20,1.234481e-14,1.234482e-14,2.471442e-05,30
2.025,6,fire,4,rise,1.353076e-21,1.234486e-15,1.234487e-15,2.471444e-05,30
2.025,6,fire,4,write,5.815013e-20,4.942982e-14,4.942988e-14,2.471531e-05,5
2.025,6,fire,4,fall,1.738220e-21,1.234591e-15,1.234592e-15,2.471654e-05,30
2.025,6,fire,5,rise,1.742001e-21,1.234592e-15,1.234594e-15,2.471657e-05,30
2.025,6,fire,5,write,7.338968e-20,4.943424e-14,4.943432e-14,2.471762e-05,5
2.025,6,fire,5,fall,2.190443e-21,1.234723e-15,1.234725e-15,2.471920e-05,30
2.025,6,fire,6,rise,2.196121e-21,1.234725e-15,1.234727e-15,2.471923e-05,30
2.025,6,fire,6,write,9.492931e-20,4.943973e-14,4.943982e-14,2.472050e-05,5
2.025,6,fire,6,fall,3.252822e-21,1.234900e-15,1.234903e-15,2.472274e-05,30
2.025,6,fire,7,rise,3.263873e-21,1.234902e-15,1.234905e-15,2.472279e-05,30
2.025,6,fire,7,write,1.061045e-19,3.708572e-14,3.708583e-14,2.472449e-05,4
2.025,6,fire,7,fall,4.371954e-21,1.235142e-15,1.235146e-15,2.472759e-05,30
2.025,6,fire,8,rise,4.383668e-21,1.235144e-15,1.235149e-15,2.472764e-05,30
2.025,6,fire,8,write,1.414443e-19,3.709332e-14,3.709346e-14,2.472977e-05,4
2.025,6,fire,8,fall,6.045003e-20,1.235486e-14,1.235492e-14,2.473484e-05,30
2.025,6,fire,9,rise,6.130243e-21,1.235507e-15,1.235513e-15,2.473491e-05,30
2.025,6,fire,9,write,1.939939e-19,3.710488e-14,3.710508e-14,2.473783e-05,4
2.025,6,fire,9,fall,-2.723543e-16,5.569551e-16,2.846008e-16,2.987860e-08,30
2.025,6,burst_read,0,burst_read,7.478467e-17,3.734277e-18,7.851895e-17,-3.353956e-13,8
2.025,6,erase,0,rise,3.567471e-16,2.850697e-18,3.595978e-16,4.962147e-09,30
2.025,6,erase,0,hold,3.955679e-15,1.673324e-17,3.972412e-15,1.298283e-11,40
2.025,6,erase,0,fall,-1.614718e-15,3.317420e-19,-1.614386e-15,1.009135e-08,31
2.025,6,relax,0,hold,-5.387196e-17,-2.305582e-18,-5.617755e-17,-3.424070e-14,70
2.025,7,fire,1,rise,2.725552e-16,5.490652e-16,8.216205e-16,2.452776e-05,30
2.025,7,fire,1,write,3.195487e-21,3.706598e-14,3.706598e-14,2.471068e-05,4
2.025,7,fire,1,fall,4.660961e-22,1.234313e-15,1.234314e-15,2.471098e-05,30
2.025,7,fire,2,rise,4.704454e-22,1.234314e-15,1.234314e-15,2.471099e-05,30
2.025,7,fire,2,write,1.640342e-20,3.706666e-14,3.706668e-14,2.471122e-05,4
2.025,7,fire,2,fall,9.003592e-22,1.234361e-15,1.234362e-15,2.471194e-05,30
2.025,7,fire,3,rise,9.045191e-22,1.234362e-15,1.234362e-15,2.471195e-05,30
2.025,7,fire,3,write,2.909070e-20,3.706821e-14,3.706824e-14,2.471234e-05,4
2.025,7,fire,3,fall,1.313674e-21,1.234437e-15,1.234439e-15,2.471347e-05,30
2.025,7,fire,4,rise,1.317614e-21,1.234438e-15,1.234440e-15,2.471349e-05,30
2.025,7,fire,4,write,2.783196e-20,2.471382e-14,2.471385e-14,2.471401e-05,3
2.025,7,fire,4,fall,1.721174e-20,1.234546e-14,1.234548e-14,2.471576e-05,30
2.025,7,fire,5,rise,1.741894e-21,1.234553e-15,1.234554e-15,2.471578e-05,30
2.025,7,fire,5,write,3.621926e-20,2.471619e-14,2.471622e-14,2.471643e-05,3
2.025,7,fire,5,fall,2.191607e-21,1.234684e-15,1.234686e-15,2.471841e-05,30
2.025,7,fire,6,rise,2.197344e-21,1.234685e-15,1.234688e-15,2.471844e-05,30
2.025,7,fire,6,write,4.623128e-20,2.471889e-14,2.471893e-14,2.471919e-05,3
2.025,7,fire,6,fall,3.260965e-21,1.234861e-15,1.234865e-15,2.472197e-05,30
2.025,7,fire,7,rise,3.272016e-21,1.234863e-15,1.234867e-15,2.472201e-05,30
2.025,7,fire,7,write,6.848119e-20,2.472256e-14,2.472263e-14,2.472299e-05,3
2.025,7,fire,7,fall,4.380735e-21,1.235103e-15,1.235108e-15,2.472682e-05,30
2.025,7,fire,8,rise,4.392518e-21,1.235106e-15,1.235111e-15,2.472688e-05,30
2.025,7,fire,8,write,9.107151e-20,2.472749e-14,2.472758e-14,2.472805e-05,3
2.025,7,fire,8,fall,5.988538e-21,1.235432e-15,1.235438e-15,2.473341e-05,30
2.025,7,fire,9,rise,6.004157e-21,1.235436e-15,1.235442e-15,2.473348e-05,30
2.025,7,fire,9,write,6.235670e-20,1.236728e-14,1.236734e-14,2.473495e-05,2
2.025,7,fire,9,fall,-2.723343e-16,5.512340e-15,5.240005e-15,2.987535e-09,30
2.025,7,burst_read,0,burst_read,-5.041877e-21,-2.501257e-22,-5.292002e-21,-3.324966e-13,4
2.025,7,erase,0,rise,3.567443e-16,2.850674e-18,3.595949e-16,4.962129e-09,30
2.025,7,erase,0,hold,3.966494e-15,1.677817e-17,3.983272e-15,1.301375e-11,40
2.025,7,erase,0,fall,-1.629062e-15,3.797343e-19,-1.628683e-15,1.008968e-08,31
2.025,7,relax,0,hold,-5.409749e-17,-2.327640e-18,-5.642513e-17,-3.431148e-14,70
2.025,8,fire,1,rise,2.725569e-16,5.490583e-16,8.216151e-16,2.452778e-05,30
2.025,8,fire,1,write,9.186961e-22,1.235533e-14,1.235533e-14,2.471067e-05,2
2.025,8,fire,1,fall,5.480847e-22,1.234318e-15,1.234318e-15,2.471107e-05,30
2.025,8,fire,2,rise,5.532155e-22,1.234318e-15,1.234319e-15,2.471108e-05,30
2.025,8,fire,2,write,6.126640e-21,1.235558e-14,1.235559e-14,2.471121e-05,2
2.025,8,fire,2,fall,1.059940e-21,1.234375e-15,1.234376e-15,2.471223e-05,30
2.025,8,fire,3,rise,1.064839e-21,1.234376e-15,1.234377e-15,2.471224e-05,30
2.025,8,fire,3,write,1.112421e-20,1.235619e-14,1.235620e-14,2.471245e-05,2
2.025,8,fire,3,fall,1.546253e-21,1.234468e-15,1.234469e-15,2.471408e-05,30
2.025,8,fire,4,rise,1.550884e-21,1.234469e-15,1.234470e-15,2.471410e-05,30
2.025,8,fire,4,write,1.587132e-20,1.235713e-14,1.235714e-14,2.471436e-05,2
2.025,8,fire,4,fall,2.004756e-21,1.234593e-15,1.234595e-15,2.471659e-05,30
2.025,8,fire,5,rise,2.029072e-20,1.234601e-14,1.234603e-14,2.471687e-05,30
2.025,8,fire,5,write,0.000000e+00,0.000000e+00,0.000000e+00,nan,1
2.025,8,fire,5,fall,2.526918e-20,1.234756e-14,1.234758e-14,2.472001e-05,30
2.025,8,fire,6,rise,2.560627e-21,1.234765e-15,1.234768e-15,2.472004e-05,30
2.025,8,fire,6,write,2.599961e-20,1.236011e-14,1.236014e-14,2.472040e-05,2
2.025,8,fire,6,fall,3.678678e-21,1.234972e-15,1.234976e-15,2.472420e-05,30
2.025,8,fire,7,rise,3.690270e-21,1.234975e-15,1.234978e-15,2.472424e-05,30
2.025,8,fire,7,write,0.000000e+00,0.000000e+00,0.000000e+00,nan,1
2.025,8,fire,7,fall,4.828043e-21,1.235250e-15,1.235255e-15,2.472976e-05,30
2.025,8,fire,8,rise,4.838911e-21,1.235253e-15,1.235258e-15,2.472982e-05,30
2.025,8,fire,8,write,0.000000e+00,0.000000e+00,0.000000e+00,nan,1
2.025,8,fire,8,fall,6.191196e-21,1.235605e-15,1.235611e-15,2.473687e-05,30
2.025,8,fire,9,rise,6.204380e-21,1.235609e-15,1.235615e-15,2.473695e-05,30
2.025,8,fire,9,write,0.000000e+00,0.000000e+00,0.000000e+00,nan,1
2.025,8,fire,9,fall,-2.723800e-16,5.571127e-16,2.847326e-16,2.988003e-08,30
2.025,8,burst_read,0,burst_read,0.000000e+00,0.000000e+00,0.000000e+00,nan,1
2.025,8,erase,0,rise,3.567642e-16,2.850833e-18,3.596150e-16,4.962287e-09,30
2.025,8,erase,0,hold,3.977102e-15,1.682228e-17,3.993924e-15,1.304986e-11,40
2.025,8,erase,0,fall,-1.629015e-15,3.796558e-19,-1.628636e-15,1.008943e-08,31
2.025,8,relax,0,hold,-5.427059e-17,-2.345469e-18,-5.661606e-17,-3.442877e-14,70
2.025,9,fire,1,rise,2.725506e-16,5.489780e-16,8.215286e-16,2.452716e-05,30
2.025,9,fire,1,write,0.000000e+00,0.000000e+00,0.000000e+00,nan,1
2.025,9,fire,1,fall,5.780922e-21,1.234289e-14,1.234290e-14,2.471054e-05,30
2.025,9,fire,2,rise,6.064909e-22,1.234292e-15,1.234292e-15,2.471055e-05,30
2.025,9,fire,2,write,0.000000e+00,0.000000e+00,0.000000e+00,nan,1
2.025,9,fire,2,fall,1.115980e-21,1.234354e-15,1.234355e-15,2.471179e-05,30
2.025,9,fire,3,rise,1.120901e-21,1.234354e-15,1.234356e-15,2.471181e-05,30
2.025,9,fire,3,write,nan,nan,nan,nan,0
2.025,9,fire,3,fall,1.604156e-21,1.234452e-15,1.234453e-15,2.471376e-05,30
2.025,9,fire,4,rise,1.608802e-21,1.234453e-15,1.234455e-15,2.471378e-05,30
2.025,9,fire,4,write,nan,nan,nan,nan,0
2.025,9,fire,4,fall,2.064531e-21,1.234583e-15,1.234586e-15,2.471640e-05,30
2.025,9,fire,5,rise,2.068983e-21,1.234585e-15,1.234587e-15,2.471643e-05,30
2.025,9,fire,5,write,nan,nan,nan,nan,0
2.025,9,fire,5,fall,2.585200e-21,1.234748e-15,1.234750e-15,2.471969e-05,30
2.025,9,fire,6,rise,2.591596e-21,1.234749e-15,1.234752e-15,2.471972e-05,30
2.025,9,fire,6,write,nan,nan,nan,nan,0
2.025,9,fire,6,fall,3.776919e-20,1.234973e-14,1.234977e-14,2.472444e-05,30
2.025,9,fire,7,rise,3.840357e-21,1.234987e-15,1.234991e-15,2.472449e-05,30
2.025,9,fire,7,write,nan,nan,nan,nan,0
2.025,9,fire,7,fall,5.004824e-21,1.235275e-15,1.235280e-15,2.473027e-05,30
2.025,9,fire,8,rise,5.018121e-21,1.235278e-15,1.235283e-15,2.473033e-05,30
2.025,9,fire,8,write,nan,nan,nan,nan,0
2.025,9,fire,8,fall,6.358957e-21,1.235645e-15,1.235652e-15,2.473768e-05,30
2.025,9,fire,9,rise,6.371674e-21,1.235649e-15,1.235656e-15,2.473776e-05,30
2.025,9,fire,9,write,nan,nan,nan,nan,0
2.025,9,fire,9,fall,-2.724044e-16,5.572853e-16,2.848809e-16,2.987868e-08,30
2.025,9,burst_read,0,burst_read,nan,nan,nan,nan,0
2.025,9,erase,0,rise,3.567478e-16,2.850702e-18,3.595985e-16,4.962154e-09,30
2.025,9,erase,0,hold,3.987037e-15,1.686345e-17,4.003901e-15,1.308764e-11,40
2.025,9,erase,0,fall,-1.614673e-15,3.317036e-19,-1.614341e-15,1.009149e-08,31
2.025,9,relax,0,hold,-5.437637e-17,-2.357662e-18,-5.673403e-17,-3.431813e-14,70
2.025,10,fire,1,rise,2.725275e-16,5.486838e-16,8.212113e-16,2.452466e-05,30
2.025,10,fire,1,write,nan,nan,nan,nan,0
2.025,10,fire,1,fall,4.671612e-22,1.234159e-15,1.234159e-15,2.470788e-05,30
2.025,10,fire,2,rise,4.715211e-22,1.234159e-15,1.234159e-15,2.470789e-05,30
2.025,10,fire,2,write,nan,nan,nan,nan,0
2.025,10,fire,2,fall,9.212449e-21,1.234209e-14,1.234210e-14,2.470895e-05,30
2.025,10,fire,3,rise,9.440734e-22,1.234213e-15,1.234213e-15,2.470897e-05,30
2.025,10,fire,3,write,nan,nan,nan,nan,0
2.025,10,fire,3,fall,1.352226e-21,1.234291e-15,1.234292e-15,2.471054e-05,30
2.025,10,fire,4,rise,1.356154e-21,1.234292e-15,1.234293e-15,2.471056e-05,30
2.025,10,fire,4,write,nan,nan,nan,nan,0
2.025,10,fire,4,fall,1.742315e-21,1.234397e-15,1.234399e-15,2.471267e-05,30
2.025,10,fire,5,rise,1.746115e-21,1.234398e-15,1.234400e-15,2.471269e-05,30
2.025,10,fire,5,write,nan,nan,nan,nan,0
2.025,10,fire,5,fall,2.201766e-21,1.234530e-15,1.234532e-15,2.471533e-05,30
2.025,10,fire,6,rise,2.207713e-21,1.234532e-15,1.234534e-15,2.471536e-05,30
2.025,10,fire,6,write,nan,nan,nan,nan,0
2.025,10,fire,6,fall,3.295949e-21,1.234709e-15,1.234713e-15,2.471893e-05,30
2.025,10,fire,7,rise,3.307010e-21,1.234711e-15,1.234715e-15,2.471897e-05,30
2.025,10,fire,7,write,nan,nan,nan,nan,0
2.025,10,fire,7,fall,4.476375e-20,1.234966e-14,1.234970e-14,2.472432e-05,30
2.025,10,fire,8,rise,4.554957e-21,1.234981e-15,1.234986e-15,2.472437e-05,30
2.025,10,fire,8,write,nan,nan,nan,nan,0
2.025,10,fire,8,fall,6.184010e-21,1.235320e-15,1.235327e-15,2.473118e-05,30
2.025,10,fire,9,rise,6.199473e-21,1.235324e-15,1.235331e-15,2.473126e-05,30
2.025,10,fire,9,write,nan,nan,nan,nan,0
2.025,10,fire,9,fall,-2.723003e-16,5.565013e-16,2.842010e-16,2.987788e-08,30
2.025,10,burst_read,0,burst_read,nan,nan,nan,nan,0
2.025,10,erase,0,rise,3.567369e-16,2.850614e-18,3.595876e-16,4.962074e-09,30
2.025,10,erase,0,hold,3.997400e-15,1.690649e-17,4.014307e-15,1.311991e-11,40
2.025,10,erase,0,fall,-1.614734e-15,3.317459e-19,-1.614402e-15,1.009120e-08,31
2.025,10,relax,0,hold,-5.450291e-17,-2.369915e-18,-5.687283e-17,-3.434702e-14,70
2.025,11,fire,1,rise,2.725181e-16,5.485562e-16,8.210744e-16,2.452367e-05,30
2.025,11,fire,1,write,nan,nan,nan,nan,0
2.025,11,fire,1,fall,4.659078e-22,1.234109e-15,1.234109e-15,2.470689e-05,30
2.025,11,fire,2,rise,4.702555e-22,1.234109e-15,1.234110e-15,2.470690e-05,30
2.025,11,fire,2,write,nan,nan,nan,nan,0
2.025,11,fire,2,fall,8.999893e-22,1.234157e-15,1.234158e-15,2.470785e-05,30
2.025,11,fire,3,rise,9.041473e-22,1.234157e-15,1.234158e-15,2.470786e-05,30
2.025,11,fire,3,write,nan,nan,nan,nan,0
2.025,11,fire,3,fall,1.330851e-20,1.234237e-14,1.234239e-14,2.470954e-05,30
2.025,11,fire,4,rise,1.352389e-21,1.234242e-15,1.234244e-15,2.470956e-05,30
2.025,11,fire,4,write,nan,nan,nan,nan,0
2.025,11,fire,4,fall,1.737513e-21,1.234347e-15,1.234349e-15,2.471167e-05,30
2.025,11,fire,5,rise,1.741314e-21,1.234349e-15,1.234350e-15,2.471170e-05,30
2.025,11,fire,5,write,nan,nan,nan,nan,0
2.025,11,fire,5,fall,2.198225e-21,1.234480e-15,1.234482e-15,2.471433e-05,30
2.025,11,fire,6,rise,2.204266e-21,1.234482e-15,1.234484e-15,2.471436e-05,30
2.025,11,fire,6,write,nan,nan,nan,nan,0
2.025,11,fire,6,fall,3.300635e-21,1.234660e-15,1.234663e-15,2.471793e-05,30
2.025,11,fire,7,rise,3.311688e-21,1.234662e-15,1.234665e-15,2.471797e-05,30
2.025,11,fire,7,write,nan,nan,nan,nan,0
2.025,11,fire,7,fall,4.425877e-21,1.234904e-15,1.234909e-15,2.472284e-05,30
2.025,11,fire,8,rise,4.438299e-21,1.234907e-15,1.234911e-15,2.472289e-05,30
2.025,11,fire,8,write,nan,nan,nan,nan,0
2.025,11,fire,8,fall,6.130184e-20,1.235255e-14,1.235261e-14,2.473022e-05,30
2.025,11,fire,9,rise,6.215412e-21,1.235276e-15,1.235283e-15,2.473030e-05,30
2.025,11,fire,9,write,nan,nan,nan,nan,0
2.025,11,fire,9,fall,-2.722866e-16,5.563831e-16,2.840966e-16,2.987756e-08,30
2.025,11,burst_read,0,burst_read,nan,nan,nan,nan,0
2.025,11,erase,0,rise,3.567327e-16,2.850582e-18,3.595832e-16,4.962043e-09,30
2.025,11,erase,0,hold,4.007930e-15,1.695020e-17,4.024880e-15,1.315422e-11,40
2.025,11,erase,0,fall,-1.614728e-15,3.317283e-19,-1.614397e-15,1.009112e-08,31
2.025,11,relax,0,hold,-5.460364e-17,-2.379822e-18,-5.698347e-17,-3.438342e-14,70
2.025,12,fire,1,rise,2.725058e-16,5.483941e-16,8.208999e-16,2.452235e-05,30
2.025,12,fire,1,write,nan,nan,nan,nan,0
2.025,12,fire,1,fall,4.732747e-22,1.234043e-15,1.234044e-15,2.470557e-05,30
2.025,12,fire,2,rise,4.776940e-22,1.234044e-15,1.234044e-15,2.470558e-05,30
2.025,12,fire,2,write,nan,nan,nan,nan,0
2.025,12,fire,2,fall,9.144996e-22,1.234092e-15,1.234093e-15,2.470655e-05,30
2.025,12,fire,3,rise,9.187259e-22,1.234092e-15,1.234093e-15,2.470656e-05,30
2.025,12,fire,3,write,nan,nan,nan,nan,0
2.025,12,fire,3,fall,1.334399e-21,1.234169e-15,1.234171e-15,2.470810e-05,30
2.025,12,fire,4,rise,1.356420e-20,1.234174e-14,1.234176e-14,2.470828e-05,30
2.025,12,fire,4,write,nan,nan,nan,nan,0
2.025,12,fire,4,fall,1.744685e-20,1.234278e-14,1.234280e-14,2.471040e-05,30
2.025,12,fire,5,rise,1.765773e-21,1.234285e-15,1.234287e-15,2.471042e-05,30
2.025,12,fire,5,write,nan,nan,nan,nan,0
2.025,12,fire,5,fall,2.228862e-21,1.234418e-15,1.234420e-15,2.471309e-05,30
2.025,12,fire,6,rise,2.235007e-21,1.234419e-15,1.234422e-15,2.471312e-05,30
2.025,12,fire,6,write,nan,nan,nan,nan,0
2.025,12,fire,6,fall,3.341497e-21,1.234600e-15,1.234603e-15,2.471673e-05,30
2.025,12,fire,7,rise,3.352610e-21,1.234602e-15,1.234605e-15,2.471677e-05,30
2.025,12,fire,7,write,nan,nan,nan,nan,0
2.025,12,fire,7,fall,4.460267e-21,1.234847e-15,1.234851e-15,2.472168e-05,30
2.025,12,fire,8,rise,4.472632e-21,1.234849e-15,1.234854e-15,2.472174e-05,30
2.025,12,fire,8,write,nan,nan,nan,nan,0
2.025,12,fire,8,fall,6.081886e-21,1.235182e-15,1.235188e-15,2.472841e-05,30
2.025,12,fire,9,rise,6.097356e-21,1.235186e-15,1.235192e-15,2.472848e-05,30
2.025,12,fire,9,write,nan,nan,nan,nan,0
2.025,12,fire,9,fall,-2.722599e-16,5.506089e-15,5.233829e-15,2.987460e-09,30
2.025,12,burst_read,0,burst_read,nan,nan,nan,nan,0
2.025,12,erase,0,rise,3.567317e-16,2.850581e-18,3.595823e-16,4.962049e-09,30
2.025,12,erase,0,hold,4.017514e-15,1.698999e-17,4.034504e-15,1.318263e-11,40
2.025,12,erase,0,fall,-1.614832e-15,3.316646e-19,-1.614500e-15,1.008937e-08,31
2.025,12,relax,0,hold,-5.466942e-17,-2.386895e-18,-5.705632e-17,-3.461314e-14,70
2.025,13,fire,1,rise,2.725142e-16,5.484483e-16,8.209625e-16,2.452302e-05,30
2.025,13,fire,1,write,nan,nan,nan,nan,0
2.025,13,fire,1,fall,6.360113e-22,1.234084e-15,1.234085e-15,2.470640e-05,30
2.025,13,fire,2,rise,6.419664e-22,1.234085e-15,1.234085e-15,2.470640e-05,30
2.025,13,fire,2,write,nan,nan,nan,nan,0
2.025,13,fire,2,fall,1.229422e-21,1.234154e-15,1.234155e-15,2.470779e-05,30
2.025,13,fire,3,rise,1.235095e-21,1.234155e-15,1.234156e-15,2.470781e-05,30
2.025,13,fire,3,write,nan,nan,nan,nan,0
2.025,13,fire,3,fall,1.791987e-21,1.234265e-15,1.234267e-15,2.471003e-05,30
2.025,13,fire,4,rise,1.797339e-21,1.234267e-15,1.234269e-15,2.471006e-05,30
2.025,13,fire,4,write,nan,nan,nan,nan,0
2.025,13,fire,4,fall,2.321325e-21,1.234417e-15,1.234419e-15,2.471306e-05,30
2.025,13,fire,5,rise,2.326409e-21,1.234418e-15,1.234421e-15,2.471309e-05,30
2.025,13,fire,5,write,nan,nan,nan,nan,0
2.025,13,fire,5,fall,2.926495e-20,1.234615e-14,1.234618e-14,2.471722e-05,30
2.025,13,fire,6,rise,2.965910e-21,1.234626e-15,1.234629e-15,2.471726e-05,30
2.025,13,fire,6,write,nan,nan,nan,nan,0
2.025,13,fire,6,fall,4.191461e-21,1.234874e-15,1.234879e-15,2.472224e-05,30
2.025,13,fire,7,rise,4.203599e-21,1.234877e-15,1.234881e-15,2.472229e-05,30
2.025,13,fire,7,write,nan,nan,nan,nan,0
2.025,13,fire,7,fall,5.399797e-21,1.235199e-15,1.235204e-15,2.472874e-05,30
2.025,13,fire,8,rise,5.411287e-21,1.235202e-15,1.235208e-15,2.472881e-05,30
2.025,13,fire,8,write,nan,nan,nan,nan,0
2.025,13,fire,8,fall,6.522027e-21,1.235593e-15,1.235600e-15,2.473664e-05,30
2.025,13,fire,9,rise,6.532540e-21,1.235597e-15,1.235604e-15,2.473672e-05,30
2.025,13,fire,9,write,nan,nan,nan,nan,0
2.025,13,fire,9,fall,-2.723871e-16,5.570786e-16,2.846915e-16,2.987881e-08,30
2.025,13,burst_read,0,burst_read,nan,nan,nan,nan,0
2.025,13,erase,0,rise,3.567503e-16,2.850710e-18,3.596010e-16,4.962172e-09,30
2.025,13,erase,0,hold,4.029025e-15,1.703793e-17,4.046063e-15,1.322404e-11,40
2.025,13,erase,0,fall,-1.628927e-15,3.795716e-19,-1.628548e-15,1.008982e-08,31
2.025,13,relax,0,hold,-5.477455e-17,-2.395672e-18,-5.717022e-17,-3.443682e-14,70
2.025,14,fire,1,rise,2.724855e-16,5.481247e-16,8.206102e-16,2.452006e-05,30
2.025,14,fire,1,write,nan,nan,nan,nan,0
2.025,14,fire,1,fall,4.742281e-22,1.233929e-15,1.233929e-15,2.470329e-05,30
2.025,14,fire,2,rise,4.786567e-22,1.233929e-15,1.233930e-15,2.470329e-05,30
2.025,14,fire,2,write,nan,nan,nan,nan,0
2.025,14,fire,2,fall,9.163727e-22,1.233977e-15,1.233978e-15,2.470426e-05,30
2.025,14,fire,3,rise,9.206077e-22,1.233978e-15,1.233979e-15,2.470427e-05,30
2.025,14,fire,3,write,nan,nan,nan,nan,0
2.025,14,fire,3,fall,1.337129e-21,1.234055e-15,1.234057e-15,2.470582e-05,30
2.025,14,fire,4,rise,1.341139e-21,1.234056e-15,1.234058e-15,2.470584e-05,30
2.025,14,fire,4,write,nan,nan,nan,nan,0
2.025,14,fire,4,fall,1.734738e-21,1.234161e-15,1.234163e-15,2.470794e-05,30
2.025,14,fire,5,rise,1.738582e-21,1.234162e-15,1.234164e-15,2.470796e-05,30
2.025,14,fire,5,write,nan,nan,nan,nan,0
2.025,14,fire,5,fall,2.188622e-21,1.234293e-15,1.234295e-15,2.471059e-05,30
2.025,14,fire,6,rise,2.194366e-21,1.234295e-15,1.234297e-15,2.471062e-05,30
2.025,14,fire,6,write,nan,nan,nan,nan,0
2.025,14,fire,6,fall,3.274208e-21,1.234471e-15,1.234474e-15,2.471416e-05,30
2.025,14,fire,7,rise,3.285391e-21,1.234473e-15,1.234476e-15,2.471420e-05,30
2.025,14,fire,7,write,nan,nan,nan,nan,0
2.025,14,fire,7,fall,4.389632e-21,1.234715e-15,1.234719e-15,2.471904e-05,30
2.025,14,fire,8,rise,4.401233e-21,1.234717e-15,1.234722e-15,2.471909e-05,30
2.025,14,fire,8,write,nan,nan,nan,nan,0
2.025,14,fire,8,fall,5.996762e-21,1.235044e-15,1.235050e-15,2.472565e-05,30
2.025,14,fire,9,rise,6.012314e-21,1.235048e-15,1.235054e-15,2.472573e-05,30
2.025,14,fire,9,write,nan,nan,nan,nan,0
2.025,14,fire,9,fall,-2.722137e-16,5.557689e-16,2.835553e-16,2.987667e-08,30
2.025,14,burst_read,0,burst_read,nan,nan,nan,nan,0
2.025,14,erase,0,rise,3.543269e-16,2.836946e-18,3.571638e-16,4.900466e-08,30
2.025,14,erase,0,hold,4.045204e-15,1.710497e-17,4.062309e-15,1.326557e-11,40
2.025,14,erase,0,fall,-1.589640e-15,1.316809e-19,-1.589508e-15,8.919713e-08,31
2.025,14,relax,0,hold,-5.489366e-17,-2.404497e-18,-5.729816e-17,-3.471417e-14,70
2.025,15,fire,1,rise,2.724798e-16,5.479962e-16,8.204760e-16,2.451928e-05,30
2.025,15,fire,1,write,nan,nan,nan,nan,0
2.025,15,fire,1,fall,6.343374e-22,1.233897e-15,1.233898e-15,2.470265e-05,30
2.025,15,fire,2,rise,6.402776e-22,1.233897e-15,1.233898e-15,2.470266e-05,30
2.025,15,fire,2,write,nan,nan,nan,nan,0
2.025,15,fire,2,fall,1.226292e-21,1.233966e-15,1.233967e-15,2.470404e-05,30
2.025,15,fire,3,rise,1.231951e-21,1.233967e-15,1.233968e-15,2.470406e-05,30
2.025,15,fire,3,write,nan,nan,nan,nan,0
2.025,15,fire,3,fall,1.787509e-21,1.234077e-15,1.234079e-15,2.470627e-05,30
2.025,15,fire,4,rise,1.792849e-21,1.234079e-15,1.234080e-15,2.470629e-05,30
2.025,15,fire,4,write,nan,nan,nan,nan,0
2.025,15,fire,4,fall,2.315687e-21,1.234228e-15,1.234230e-15,2.470928e-05,30
2.025,15,fire,5,rise,2.320761e-21,1.234230e-15,1.234232e-15,2.470932e-05,30
2.025,15,fire,5,write,nan,nan,nan,nan,0
2.025,15,fire,5,fall,2.893252e-21,1.234416e-15,1.234419e-15,2.471306e-05,30
2.025,15,fire,6,rise,2.900256e-21,1.234418e-15,1.234421e-15,2.471310e-05,30
2.025,15,fire,6,write,nan,nan,nan,nan,0
2.025,15,fire,6,fall,4.106115e-21,1.234660e-15,1.234665e-15,2.471796e-05,30
2.025,15,fire,7,rise,4.118328e-21,1.234663e-15,1.234667e-15,2.471801e-05,30
2.025,15,fire,7,write,nan,nan,nan,nan,0
2.025,15,fire,7,fall,5.313003e-21,1.234979e-15,1.234985e-15,2.472435e-05,30
2.025,15,fire,8,rise,5.324469e-21,1.234983e-15,1.234988e-15,2.472442e-05,30
2.025,15,fire,8,write,nan,nan,nan,nan,0
2.025,15,fire,8,fall,6.444623e-21,1.235368e-15,1.235375e-15,2.473214e-05,30
2.025,15,fire,9,rise,6.455239e-21,1.235372e-15,1.235379e-15,2.473222e-05,30
2.025,15,fire,9,write,nan,nan,nan,nan,0
2.025,15,fire,9,fall,-2.723179e-16,5.565039e-16,2.841860e-16,2.987780e-08,30
2.025,15,burst_read,0,burst_read,nan,nan,nan,nan,0
2.025,15,erase,0,rise,3.805328e-16,2.985156e-18,3.835179e-16,5.573854e-10,30
2.025,15,erase,0,hold,4.027097e-15,1.702993e-17,4.044127e-15,1.321095e-11,40
2.025,15,erase,0,fall,-1.592654e-15,1.359525e-19,-1.592518e-15,8.907513e-08,31
2.025,15,relax,0,hold,-5.524222e-17,-2.424511e-18,-5.766673e-17,-3.456822e-14,70
2.025,16,fire,1,rise,2.725248e-16,5.484936e-16,8.210185e-16,2.452355e-05,30
2.025,16,fire,1,write,nan,nan,nan,nan,0
2.025,16,fire,1,fall,6.301466e-22,1.234110e-15,1.234111e-15,2.470691e-05,30
2.025,16,fire,2,rise,6.360468e-22,1.234111e-15,1.234111e-15,2.470692e-05,30
2.025,16,fire,2,write,nan,nan,nan,nan,0
2.025,16,fire,2,fall,1.218143e-21,1.234179e-15,1.234180e-15,2.470829e-05,30
2.025,16,fire,3,rise,1.223765e-21,1.234180e-15,1.234181e-15,2.470831e-05,30
2.025,16,fire,3,write,nan,nan,nan,nan,0
2.025,16,fire,3,fall,1.775673e-21,1.234289e-15,1.234291e-15,2.471050e-05,30
2.025,16,fire,4,rise,1.780977e-21,1.234290e-15,1.234292e-15,2.471053e-05,30
2.025,16,fire,4,write,nan,nan,nan,nan,0
2.025,16,fire,4,fall,2.300279e-21,1.234438e-15,1.234441e-15,2.471350e-05,30
2.025,16,fire,5,rise,2.305308e-21,1.234440e-15,1.234442e-15,2.471353e-05,30
2.025,16,fire,5,write,nan,nan,nan,nan,0
2.025,16,fire,5,fall,2.867206e-21,1.234625e-15,1.234628e-15,2.471724e-05,30
2.025,16,fire,6,rise,2.873959e-21,1.234627e-15,1.234630e-15,2.471728e-05,30
2.025,16,fire,6,write,nan,nan,nan,nan,0
2.025,16,fire,6,fall,4.051590e-21,1.234866e-15,1.234870e-15,2.472207e-05,30
2.025,16,fire,7,rise,4.063774e-21,1.234869e-15,1.234873e-15,2.472212e-05,30
2.025,16,fire,7,write,nan,nan,nan,nan,0
2.025,16,fire,7,fall,5.256821e-21,1.235181e-15,1.235186e-15,2.472838e-05,30
2.025,16,fire,8,rise,5.268290e-21,1.235184e-15,1.235190e-15,2.472845e-05,30
2.025,16,fire,8,write,nan,nan,nan,nan,0
2.025,16,fire,8,fall,6.387959e-21,1.235565e-15,1.235572e-15,2.473609e-05,30
2.025,16,fire,9,rise,6.398579e-21,1.235570e-15,1.235576e-15,2.473617e-05,30
2.025,16,fire,9,write,nan,nan,nan,nan,0
2.025,16,fire,9,fall,-2.723753e-16,5.569714e-16,2.845961e-16,2.987903e-08,30
2.025,16,burst_read,0,burst_read,nan,nan,nan,nan,0
2.025,16,erase,0,rise,3.543626e-16,2.837212e-18,3.571998e-16,4.900723e-08,30
2.025,16,erase,0,hold,4.070563e-15,1.721045e-17,4.087774e-15,1.335648e-11,40
2.025,16,erase,0,fall,-1.574691e-15,8.608234e-20,-1.574605e-15,8.920476e-08,31
2.025,16,relax,0,hold,-5.507627e-17,-2.416670e-18,-5.749294e-17,-3.481591e-14,70
2.025,17,fire,1,rise,2.724434e-16,5.475188e-16,8.199622e-16,2.451530e-05,30
2.025,17,fire,1,write,nan,nan,nan,nan,0
2.025,17,fire,1,fall,6.371423e-22,1.233698e-15,1.233699e-15,2.469867e-05,30
2.025,17,fire,2,rise,6.431085e-22,1.233699e-15,1.233699e-15,2.469868e-05,30
2.025,17,fire,2,write,nan,nan,nan,nan,0
2.025,17,fire,2,fall,1.231635e-21,1.233768e-15,1.233769e-15,2.470007e-05,30
2.025,17,fire,3,rise,1.237318e-21,1.233769e-15,1.233770e-15,2.470009e-05,30
2.025,17,fire,3,write,nan,nan,nan,nan,0
2.025,17,fire,3,fall,1.795177e-21,1.233880e-15,1.233882e-15,2.470232e-05,30
2.025,17,fire,4,rise,1.800538e-21,1.233881e-15,1.233883e-15,2.470234e-05,30
2.025,17,fire,4,write,nan,nan,nan,nan,0
2.025,17,fire,4,fall,2.325587e-21,1.234032e-15,1.234034e-15,2.470535e-05,30
2.025,17,fire,5,rise,2.330681e-21,1.234033e-15,1.234036e-15,2.470539e-05,30
2.025,17,fire,5,write,nan,nan,nan,nan,0
2.025,17,fire,5,fall,2.911554e-21,1.234221e-15,1.234224e-15,2.470916e-05,30
2.025,17,fire,6,rise,2.918907e-21,1.234223e-15,1.234226e-15,2.470920e-05,30
2.025,17,fire,6,write,nan,nan,nan,nan,0
2.025,17,fire,6,fall,4.152965e-21,1.234469e-15,1.234473e-15,2.471412e-05,30
2.025,17,fire,7,rise,4.165197e-21,1.234472e-15,1.234476e-15,2.471418e-05,30
2.025,17,fire,7,write,nan,nan,nan,nan,0
2.025,17,fire,7,fall,5.364300e-21,1.234792e-15,1.234797e-15,2.472059e-05,30
2.025,17,fire,8,rise,5.375841e-21,1.234795e-15,1.234801e-15,2.472066e-05,30
2.025,17,fire,8,write,nan,nan,nan,nan,0
2.025,17,fire,8,fall,6.496864e-21,1.235184e-15,1.235191e-15,2.472846e-05,30
2.025,17,fire,9,rise,6.507480e-21,1.235189e-15,1.235195e-15,2.472854e-05,30
2.025,17,fire,9,write,nan,nan,nan,nan,0
2.025,17,fire,9,fall,-2.722638e-16,5.560578e-16,2.837940e-16,2.987696e-08,30
2.025,17,burst_read,0,burst_read,nan,nan,nan,nan,0
2.025,17,erase,0,rise,3.543329e-16,2.836981e-18,3.571699e-16,4.900507e-08,30
2.025,17,erase,0,hold,3.881986e-15,1.641978e-17,3.898406e-15,1.339687e-11,39
2.025,17,erase,0,fall,-1.589638e-15,1.317381e-19,-1.589506e-15,8.920086e-08,31
2.025,17,relax,0,hold,-5.515780e-17,-2.420912e-18,-5.757871e-17,-3.486014e-14,70
2.025,18,fire,1,rise,2.724287e-16,5.473174e-16,8.197460e-16,2.451370e-05,30
2.025,18,fire,1,write,nan,nan,nan,nan,0
2.025,18,fire,1,fall,6.389099e-22,1.233619e-15,1.233619e-15,2.469707e-05,30
2.025,18,fire,2,rise,6.448934e-22,1.233619e-15,1.233620e-15,2.469708e-05,30
2.025,18,fire,2,write,nan,nan,nan,nan,0
2.025,18,fire,2,fall,1.235131e-21,1.233689e-15,1.233690e-15,2.469848e-05,30
2.025,18,fire,3,rise,1.518366e-19,1.233741e-13,1.233742e-13,2.470068e-05,30
2.025,18,fire,3,write,nan,nan,nan,nan,0
2.025,18,fire,3,fall,2.316956e-21,1.233948e-15,1.233950e-15,2.470368e-05,30
2.025,18,fire,4,rise,2.322075e-21,1.233949e-15,1.233952e-15,2.470371e-05,30
2.025,18,fire,4,write,nan,nan,nan,nan,0
2.025,18,fire,4,fall,2.901496e-21,1.234137e-15,1.234140e-15,2.470747e-05,30
2.025,18,fire,5,rise,2.908791e-21,1.234139e-15,1.234142e-15,2.470751e-05,30
2.025,18,fire,5,write,nan,nan,nan,nan,0
2.025,18,fire,5,fall,4.142894e-21,1.234384e-15,1.234388e-15,2.471242e-05,30
2.025,18,fire,6,rise,4.155167e-21,1.234387e-15,1.234391e-15,2.471247e-05,30
2.025,18,fire,6,write,nan,nan,nan,nan,0
2.025,18,fire,6,fall,5.355682e-21,1.234706e-15,1.234711e-15,2.471887e-05,30
2.025,18,fire,7,rise,5.367205e-21,1.234710e-15,1.234715e-15,2.471894e-05,30
2.025,18,fire,7,write,nan,nan,nan,nan,0
2.025,18,fire,7,fall,6.490256e-21,1.235098e-15,1.235105e-15,2.472674e-05,30
2.025,18,fire,8,rise,6.500893e-21,1.235103e-15,1.235109e-15,2.472682e-05,30
2.025,18,fire,8,write,nan,nan,nan,nan,0
2.025,18,fire,8,fall,7.525671e-21,1.235555e-15,1.235563e-15,2.473589e-05,30
2.025,18,fire,9,rise,7.535343e-21,1.235560e-15,1.235568e-15,2.473598e-05,30
2.025,18,fire,9,write,nan,nan,nan,nan,0
2.025,18,fire,9,fall,-2.723925e-16,5.571748e-16,2.847823e-16,2.988085e-08,30
2.025,18,burst_read,0,burst_read,nan,nan,nan,nan,0
2.025,18,erase,0,rise,3.543944e-16,2.837478e-18,3.572319e-16,4.900960e-08,30
2.025,18,erase,0,hold,3.889534e-15,1.645082e-17,3.905984e-15,1.348117e-11,39
2.025,18,erase,0,fall,-1.573637e-15,8.648673e-20,-1.573551e-15,8.938360e-08,31
2.025,18,relax,0,hold,-5.458735e-17,-2.390968e-18,-5.697832e-17,-3.460511e-14,70
2.025,19,fire,1,rise,2.723766e-16,5.464609e-16,8.188375e-16,2.450711e-05,30
2.025,19,fire,1,write,nan,nan,nan,nan,0
2.025,19,fire,1,fall,4.653087e-22,1.233281e-15,1.233282e-15,2.469032e-05,30
2.025,19,fire,2,rise,4.696504e-22,1.233281e-15,1.233282e-15,2.469032e-05,30
2.025,19,fire,2,write,nan,nan,nan,nan,0
2.025,19,fire,2,fall,8.987503e-22,1.233329e-15,1.233330e-15,2.469128e-05,30
2.025,19,fire,3,rise,9.029018e-22,1.233330e-15,1.233330e-15,2.469129e-05,30
2.025,19,fire,3,write,nan,nan,nan,nan,0
2.025,19,fire,3,fall,1.311181e-21,1.233406e-15,1.233407e-15,2.469282e-05,30
2.025,19,fire,4,rise,1.315112e-21,1.233407e-15,1.233408e-15,2.469283e-05,30
2.025,19,fire,4,write,nan,nan,nan,nan,0
2.025,19,fire,4,fall,1.701658e-21,1.233510e-15,1.233512e-15,2.469490e-05,30
2.025,19,fire,5,rise,1.705468e-21,1.233511e-15,1.233513e-15,2.469493e-05,30
2.025,19,fire,5,write,nan,nan,nan,nan,0
2.025,19,fire,5,fall,2.201324e-21,1.233641e-15,1.233643e-15,2.469753e-05,30
2.025,19,fire,6,rise,2.212294e-21,1.233643e-15,1.233645e-15,2.469756e-05,30
2.025,19,fire,6,write,nan,nan,nan,nan,0
2.025,19,fire,6,fall,3.372073e-21,1.233824e-15,1.233828e-15,2.470121e-05,30
2.025,19,fire,7,rise,3.383229e-21,1.233827e-15,1.233830e-15,2.470125e-05,30
2.025,19,fire,7,write,nan,nan,nan,nan,0
2.025,19,fire,7,fall,4.542358e-21,1.234074e-15,1.234079e-15,2.470622e-05,30
2.025,19,fire,8,rise,4.559146e-21,1.234077e-15,1.234082e-15,2.470628e-05,30
2.025,19,fire,8,write,nan,nan,nan,nan,0
2.025,19,fire,8,fall,6.223107e-21,1.234420e-15,1.234426e-15,2.471315e-05,30
2.025,19,fire,9,rise,6.238887e-21,1.234424e-15,1.234430e-15,2.471323e-05,30
2.025,19,fire,9,write,nan,nan,nan,nan,0
2.025,19,fire,9,fall,-2.720311e-16,5.542064e-16,2.821753e-16,2.987346e-08,30
2.025,19,burst_read,0,burst_read,nan,nan,nan,nan,0
2.025,19,erase,0,rise,3.542820e-16,2.836583e-18,3.571186e-16,4.900135e-08,30
2.025,19,erase,0,hold,3.907231e-15,1.652460e-17,3.923756e-15,1.347618e-11,39
2.025,19,erase,0,fall,-1.574993e-15,8.653888e-20,-1.574906e-15,8.919265e-08,31
2.025,19,relax,0,hold,-5.495388e-17,-2.412590e-18,-5.736647e-17,-3.449876e-14,70
2.025,20,fire,1,rise,2.724300e-16,5.471330e-16,8.195629e-16,2.451239e-05,30
2.025,20,fire,1,write,nan,nan,nan,nan,0
2.025,20,fire,1,fall,4.663449e-22,1.233545e-15,1.233546e-15,2.469561e-05,30
2.025,20,fire,2,rise,4.706965e-22,1.233546e-15,1.233546e-15,2.469561e-05,30
2.025,20,fire,2,write,nan,nan,nan,nan,0
2.025,20,fire,2,fall,9.007962e-22,1.233593e-15,1.233594e-15,2.469657e-05,30
2.025,20,fire,3,rise,9.049575e-22,1.233594e-15,1.233595e-15,2.469658e-05,30
2.025,20,fire,3,write,nan,nan,nan,nan,0
2.025,20,fire,3,fall,1.314223e-21,1.233670e-15,1.233671e-15,2.469811e-05,30
2.025,20,fire,4,rise,1.318163e-21,1.233671e-15,1.233672e-15,2.469812e-05,30
2.025,20,fire,4,write,nan,nan,nan,nan,0
2.025,20,fire,4,fall,1.705225e-21,1.233774e-15,1.233776e-15,2.470019e-05,30
2.025,20,fire,5,rise,1.709024e-21,1.233775e-15,1.233777e-15,2.470022e-05,30
2.025,20,fire,5,write,nan,nan,nan,nan,0
2.025,20,fire,5,fall,2.170669e-21,1.233905e-15,1.233907e-15,2.470282e-05,30
2.025,20,fire,6,rise,2.177570e-21,1.233906e-15,1.233909e-15,2.470285e-05,30
2.025,20,fire,6,write,nan,nan,nan,nan,0
2.025,20,fire,6,fall,3.319174e-21,1.234085e-15,1.234089e-15,2.470643e-05,30
2.025,20,fire,7,rise,3.330308e-21,1.234087e-15,1.234091e-15,2.470648e-05,30
2.025,20,fire,7,write,nan,nan,nan,nan,0
2.025,20,fire,7,fall,4.460572e-21,1.234332e-15,1.234336e-15,2.471137e-05,30
2.025,20,fire,8,rise,4.476076e-21,1.234334e-15,1.234339e-15,2.471143e-05,30
2.025,20,fire,8,write,nan,nan,nan,nan,0
2.025,20,fire,8,fall,6.129646e-21,1.234671e-15,1.234677e-15,2.471817e-05,30
2.025,20,fire,9,rise,6.145366e-21,1.234675e-15,1.234681e-15,2.471825e-05,30
2.025,20,fire,9,write,nan,nan,nan,nan,0
2.025,20,fire,9,fall,-2.721029e-16,5.548217e-16,2.827189e-16,2.987520e-08,30
2.025,20,burst_read,0,burst_read,nan,nan,nan,nan,0
2.025,20,erase,0,rise,3.543054e-16,2.836771e-18,3.571422e-16,4.900306e-08,30
2.025,20,erase,0,hold,3.920360e-15,1.657912e-17,3.936939e-15,1.352220e-11,39
2.025,20,erase,0,fall,-1.652194e-15,-9.610850e-19,-1.653155e-15,1.052489e-09,30
2.025,20,relax,0,hold,-5.545601e-17,-2.446567e-18,-5.790258e-17,-3.445618e-14,70
2.050,1,fire,1,rise,2.947521e-16,7.686405e-16,1.063393e-15,2.604837e-05,30
2.050,1,fire,1,write,3.804393e-15,1.311251e-13,1.349295e-13,2.623447e-05,11
2.050,1,fire,1,fall,5.481915e-22,1.310412e-15,1.310412e-15,2.623448e-05,30
2.050,1,fire,2,rise,5.536727e-22,1.310412e-15,1.310413e-15,2.623448e-05,30
2.050,1,fire,2,write,8.300046e-20,1.311740e-13,1.311741e-13,2.623519e-05,11
2.050,1,fire,2,fall,1.102471e-21,1.310448e-15,1.310449e-15,2.623520e-05,30
2.050,1,fire,3,rise,1.107845e-21,1.310449e-15,1.310450e-15,2.623521e-05,30
2.050,1,fire,3,write,1.396781e-19,1.311788e-13,1.311790e-13,2.623641e-05,11
2.050,1,fire,3,fall,1.767337e-21,1.310509e-15,1.310511e-15,2.623642e-05,30
2.050,1,fire,4,rise,1.777306e-21,1.310510e-15,1.310511e-15,2.623644e-05,30
2.050,1,fire,4,write,2.325659e-19,1.311867e-13,1.311870e-13,2.623842e-05,11
2.050,1,fire,4,fall,2.900275e-21,1.310610e-15,1.310613e-15,2.623844e-05,30
2.050,1,fire,5,rise,2.912134e-21,1.310611e-15,1.310614e-15,2.623847e-05,30
2.050,1,fire,5,write,3.507873e-19,1.311993e-13,1.311997e-13,2.624143e-05,11
2.050,1,fire,5,fall,4.085807e-21,1.310760e-15,1.310764e-15,2.624146e-05,30
2.050,1,fire,6,rise,4.097133e-21,1.310762e-15,1.310766e-15,2.624150e-05,30
2.050,1,fire,6,write,4.663539e-19,1.312169e-13,1.312173e-13,2.624540e-05,11
2.050,1,fire,6,fall,5.207555e-21,1.310959e-15,1.310964e-15,2.624545e-05,30
2.050,1,fire,7,rise,5.218213e-21,1.310961e-15,1.310966e-15,2.624549e-05,30
2.050,1,fire,7,write,5.751247e-19,1.312391e-13,1.312396e-13,2.625027e-05,11
2.050,1,fire,7,fall,6.258431e-21,1.311203e-15,1.311209e-15,2.625033e-05,30
2.050,1,fire,8,rise,6.268371e-21,1.311205e-15,1.311211e-15,2.625038e-05,30
2.050,1,fire,8,write,6.765698e-19,1.312656e-13,1.312663e-13,2.625598e-05,11
2.050,1,fire,8,fall,7.234209e-21,1.311488e-15,1.311495e-15,2.625604e-05,30
2.050,1,fire,9,rise,7.243398e-21,1.311491e-15,1.311498e-15,2.625610e-05,30
2.050,1,fire,9,write,7.703601e-19,1.312961e-13,1.312969e-13,2.626245e-05,11
2.050,1,fire,9,fall,-2.962798e-16,7.878334e-16,4.915536e-16,3.091312e-08,30
2.050,1,burst_read,0,burst_read,7.743955e-17,3.862772e-18,8.130233e-17,-2.705443e-13,21
2.050,1,erase,0,rise,3.647150e-16,2.915494e-18,3.676305e-16,5.040119e-09,30
2.050,1,erase,0,hold,1.148568e-14,4.804728e-17,1.153373e-14,1.466324e-11,41
2.050,1,erase,0,fall,-1.600346e-15,4.338254e-19,-1.599912e-15,1.070737e-08,34
2.050,1,relax,0,hold,-1.980666e-14,2.658364e-16,-1.954082e-14,-3.585679e-14,71
2.050,2,fire,1,rise,2.783505e-16,5.343441e-16,8.126946e-16,2.446109e-05,30
2.050,2,fire,1,write,3.776070e-15,1.231831e-13,1.269592e-13,2.464608e-05,11
2.050,2,fire,1,fall,4.709213e-22,1.231072e-15,1.231072e-15,2.464608e-05,30
2.050,2,fire,2,rise,4.753242e-22,1.231072e-15,1.231072e-15,2.464609e-05,30
2.050,2,fire,2,write,6.952664e-20,1.232326e-13,1.232327e-13,2.464704e-05,11
2.050,2,fire,2,fall,9.102174e-22,1.231120e-15,1.231121e-15,2.464705e-05,30
2.050,2,fire,3,rise,9.144224e-22,1.231121e-15,1.231122e-15,2.464707e-05,30
2.050,2,fire,3,write,1.126360e-19,1.232389e-13,1.232390e-13,2.464860e-05,11
2.050,2,fire,3,fall,1.344257e-21,1.231198e-15,1.231199e-15,2.464862e-05,30
2.050,2,fire,4,rise,1.349129e-21,1.231199e-15,1.231200e-15,2.464863e-05,30
2.050,2,fire,4,write,1.893683e-19,1.232487e-13,1.232489e-13,2.465111e-05,11
2.050,2,fire,4,fall,2.591782e-21,1.231324e-15,1.231326e-15,2.465115e-05,30
2.050,2,fire,5,rise,2.605910e-21,1.231326e-15,1.231328e-15,2.465118e-05,30
2.050,2,fire,5,write,3.308543e-19,1.232655e-13,1.232658e-13,2.465529e-05,11
2.050,2,fire,5,fall,3.988963e-21,1.231533e-15,1.231537e-15,2.465534e-05,30
2.050,2,fire,6,rise,4.002220e-21,1.231535e-15,1.231539e-15,2.465538e-05,30
2.050,2,fire,6,write,4.663428e-19,1.232904e-13,1.232909e-13,2.466104e-05,11
2.050,2,fire,6,fall,5.312817e-21,1.231820e-15,1.231826e-15,2.466110e-05,30
2.050,2,fire,7,rise,5.329267e-21,1.231824e-15,1.231829e-15,2.466117e-05,30
2.050,2,fire,7,write,6.314988e-19,1.233241e-13,1.233248e-13,2.466894e-05,11
2.050,2,fire,7,fall,7.307324e-21,1.232216e-15,1.232223e-15,2.466903e-05,30
2.050,2,fire,8,rise,7.326798e-21,1.232220e-15,1.232228e-15,2.466912e-05,30
2.050,2,fire,8,write,8.291000e-19,1.233706e-13,1.233715e-13,2.467955e-05,11
2.050,2,fire,8,fall,9.208489e-21,1.232746e-15,1.232756e-15,2.467966e-05,30
2.050,2,fire,9,rise,9.226401e-21,1.232752e-15,1.232761e-15,2.467978e-05,30
2.050,2,fire,9,write,1.011310e-18,1.234301e-13,1.234311e-13,2.469263e-05,11
2.050,2,fire,9,fall,-2.774271e-16,5.443916e-16,2.669645e-16,3.012980e-08,30
2.050,2,burst_read,0,burst_read,7.538045e-17,3.764053e-18,7.914450e-17,-4.386406e-13,21
2.050,2,erase,0,rise,3.561474e-16,2.845857e-18,3.589932e-16,4.957913e-09,30
2.050,2,erase,0,hold,1.145199e-14,4.795672e-17,1.149995e-14,1.279962e-11,41
2.050,2,erase,0,fall,-1.616180e-15,3.333468e-19,-1.615847e-15,1.008784e-08,31
2.050,2,relax,0,hold,-1.990839e-14,2.496190e-16,-1.965877e-14,-3.411658e-14,71
2.050,3,fire,1,rise,2.799437e-16,5.565089e-16,8.364526e-16,2.463157e-05,30
2.050,3,fire,1,write,2.420604e-20,1.116741e-13,1.116741e-13,2.481667e-05,10
2.050,3,fire,1,fall,4.788880e-22,1.239593e-15,1.239594e-15,2.481668e-05,30
2.050,3,fire,2,rise,4.833617e-22,1.239593e-15,1.239594e-15,2.481669e-05,30
2.050,3,fire,2,write,6.443558e-20,1.116770e-13,1.116771e-13,2.481758e-05,10
2.050,3,fire,2,fall,9.257806e-22,1.239640e-15,1.239641e-15,2.481762e-05,30
2.050,3,fire,3,rise,9.300634e-22,1.239641e-15,1.239642e-15,2.481764e-05,30
2.050,3,fire,3,write,1.029787e-19,1.116825e-13,1.116826e-13,2.481904e-05,10
2.050,3,fire,3,fall,1.351496e-21,1.239716e-15,1.239717e-15,2.481914e-05,30
2.050,3,fire,4,rise,1.355556e-21,1.239716e-15,1.239718e-15,2.481916e-05,30
2.050,3,fire,4,write,1.395575e-19,1.116904e-13,1.116905e-13,2.482101e-05,10
2.050,3,fire,4,fall,1.754038e-21,1.239818e-15,1.239820e-15,2.482119e-05,30
2.050,3,fire,5,rise,1.757912e-21,1.239819e-15,1.239821e-15,2.482122e-05,30
2.050,3,fire,5,write,1.756697e-19,1.117005e-13,1.117007e-13,2.482349e-05,10
2.050,3,fire,5,fall,2.234706e-20,1.239953e-14,1.239955e-14,2.482403e-05,30
2.050,3,fire,6,rise,2.267038e-21,1.239961e-15,1.239963e-15,2.482405e-05,30
2.050,3,fire,6,write,2.468458e-19,1.117148e-13,1.117150e-13,2.482712e-05,10
2.050,3,fire,6,fall,3.379909e-21,1.240136e-15,1.240139e-15,2.482756e-05,30
2.050,3,fire,7,rise,3.391317e-21,1.240138e-15,1.240141e-15,2.482760e-05,30
2.050,3,fire,7,write,3.156065e-19,9.931903e-14,9.931934e-14,2.483171e-05,9
2.050,3,fire,7,fall,4.552479e-21,1.240377e-15,1.240381e-15,2.483240e-05,30
2.050,3,fire,8,rise,4.566334e-21,1.240380e-15,1.240384e-15,2.483245e-05,30
2.050,3,fire,8,write,4.284368e-19,9.934093e-14,9.934136e-14,2.483792e-05,9
2.050,3,fire,8,fall,6.252062e-21,1.240708e-15,1.240714e-15,2.483903e-05,30
2.050,3,fire,9,rise,6.268174e-21,1.240712e-15,1.240718e-15,2.483911e-05,30
2.050,3,fire,9,write,5.580256e-19,9.937082e-14,9.937138e-14,2.484621e-05,9
2.050,3,fire,9,fall,-2.798402e-16,5.644786e-16,2.846383e-16,3.017630e-08,30
2.050,3,burst_read,0,burst_read,-2.729733e-20,-1.354449e-21,-2.865178e-20,-3.332936e-13,17
2.050,3,erase,0,rise,3.567699e-16,2.850881e-18,3.596207e-16,4.962311e-09,30
2.050,3,erase,0,hold,3.923340e-15,1.659890e-17,3.939939e-15,1.288558e-11,40
2.050,3,erase,0,fall,-1.614511e-15,3.319833e-19,-1.614179e-15,1.009509e-08,31
2.050,3,relax,0,hold,-5.295648e-17,-2.218730e-18,-5.517521e-17,-3.415149e-14,70
2.050,4,fire,1,rise,2.799062e-16,5.559591e-16,8.358653e-16,2.462718e-05,30
2.050,4,fire,1,write,1.714178e-20,9.924811e-14,9.924813e-14,2.481218e-05,9
2.050,4,fire,1,fall,4.988693e-21,1.239375e-14,1.239375e-14,2.481234e-05,30
2.050,4,fire,2,rise,5.233789e-22,1.239377e-15,1.239377e-15,2.481235e-05,30
2.050,4,fire,2,write,5.656467e-20,9.925080e-14,9.925085e-14,2.481310e-05,9
2.050,4,fire,2,fall,9.639140e-22,1.239426e-15,1.239427e-15,2.481334e-05,30
2.050,4,fire,3,rise,9.681766e-22,1.239427e-15,1.239428e-15,2.481335e-05,30
2.050,4,fire,3,write,8.096354e-20,8.684891e-14,8.684899e-14,2.481452e-05,8
2.050,4,fire,3,fall,1.387430e-21,1.239504e-15,1.239506e-15,2.481491e-05,30
2.050,4,fire,4,rise,1.391467e-21,1.239505e-15,1.239506e-15,2.481492e-05,30
2.050,4,fire,4,write,1.093558e-19,8.685509e-14,8.685520e-14,2.481647e-05,8
2.050,4,fire,4,fall,1.788962e-21,1.239609e-15,1.239611e-15,2.481701e-05,30
2.050,4,fire,5,rise,1.792884e-21,1.239610e-15,1.239612e-15,2.481703e-05,30
2.050,4,fire,5,write,1.376208e-19,8.686303e-14,8.686317e-14,2.481892e-05,8
2.050,4,fire,5,fall,2.273957e-21,1.239740e-15,1.239743e-15,2.481964e-05,30
2.050,4,fire,6,rise,2.280421e-21,1.239742e-15,1.239744e-15,2.481967e-05,30
2.050,4,fire,6,write,1.890650e-19,8.687309e-14,8.687328e-14,2.482211e-05,8
2.050,4,fire,6,fall,3.475924e-20,1.239929e-14,1.239932e-14,2.482360e-05,30
2.050,4,fire,7,rise,3.538363e-21,1.239940e-15,1.239944e-15,2.482365e-05,30
2.050,4,fire,7,write,2.778064e-19,8.688869e-14,8.688897e-14,2.482705e-05,8
2.050,4,fire,7,fall,4.776228e-21,1.240188e-15,1.240193e-15,2.482862e-05,30
2.050,4,fire,8,rise,4.793453e-21,1.240191e-15,1.240196e-15,2.482868e-05,30
2.050,4,fire,8,write,3.784111e-19,8.690801e-14,8.690839e-14,2.483322e-05,8
2.050,4,fire,8,fall,6.480098e-21,1.240535e-15,1.240541e-15,2.483557e-05,30
2.050,4,fire,9,rise,6.496065e-21,1.240539e-15,1.240545e-15,2.483565e-05,30
2.050,4,fire,9,write,4.263430e-19,7.451648e-14,7.451690e-14,2.484148e-05,7
2.050,4,fire,9,fall,-2.797911e-16,5.640692e-16,2.842781e-16,3.017543e-08,30
2.050,4,burst_read,0,burst_read,-2.279870e-20,-1.131387e-21,-2.393009e-20,-3.437435e-13,14
2.050,4,erase,0,rise,3.567592e-16,2.850794e-18,3.596100e-16,4.962234e-09,30
2.050,4,erase,0,hold,3.933464e-15,1.664091e-17,3.950105e-15,1.292281e-11,40
2.050,4,erase,0,fall,-1.614450e-15,3.321323e-19,-1.614118e-15,1.009682e-08,31
2.050,4,relax,0,hold,-5.327770e-17,-2.252941e-18,-5.553064e-17,-3.417160e-14,70
2.050,5,fire,1,rise,2.798954e-16,5.558022e-16,8.356976e-16,2.462599e-05,30
2.050,5,fire,1,write,1.121914e-20,7.443243e-14,7.443244e-14,2.481091e-05,7
2.050,5,fire,1,fall,4.786834e-22,1.239314e-15,1.239314e-15,2.481109e-05,30
2.050,5,fire,2,rise,4.831550e-22,1.239314e-15,1.239315e-15,2.481110e-05,30
2.050,5,fire,2,write,3.820943e-20,7.443408e-14,7.443412e-14,2.481163e-05,7
2.050,5,fire,2,fall,9.446328e-21,1.239364e-14,1.239365e-14,2.481215e-05,30
2.050,5,fire,3,rise,9.680692e-22,1.239367e-15,1.239368e-15,2.481216e-05,30
2.050,5,fire,3,write,6.663365e-20,7.443785e-14,7.443792e-14,2.481307e-05,7
2.050,5,fire,3,fall,1.387269e-21,1.239445e-15,1.239446e-15,2.481371e-05,30
2.050,5,fire,4,rise,1.391306e-21,1.239445e-15,1.239447e-15,2.481373e-05,30
2.050,5,fire,4,write,9.111584e-20,7.444297e-14,7.444307e-14,2.481493e-05,7
2.050,5,fire,4,fall,1.788795e-21,1.239549e-15,1.239551e-15,2.481582e-05,30
2.050,5,fire,5,rise,1.792717e-21,1.239551e-15,1.239552e-15,2.481584e-05,30
2.050,5,fire,5,write,9.688920e-20,6.204165e-14,6.204175e-14,2.481730e-05,6
2.050,5,fire,5,fall,2.276988e-21,1.239681e-15,1.239683e-15,2.481845e-05,30
2.050,5,fire,6,rise,2.283732e-21,1.239682e-15,1.239685e-15,2.481848e-05,30
2.050,5,fire,6,write,1.320817e-19,6.204871e-14,6.204884e-14,2.482033e-05,6
2.050,5,fire,6,fall,3.437764e-21,1.239860e-15,1.239864e-15,2.482205e-05,30
2.050,5,fire,7,rise,3.449182e-21,1.239862e-15,1.239866e-15,2.482209e-05,30
2.050,5,fire,7,write,1.899999e-19,6.205854e-14,6.205873e-14,2.482458e-05,6
2.050,5,fire,7,fall,4.720169e-20,1.240118e-14,1.240122e-14,2.482746e-05,30
2.050,5,fire,8,rise,4.814752e-21,1.240133e-15,1.240138e-15,2.482752e-05,30
2.050,5,fire,8,write,2.663567e-19,6.207326e-14,6.207352e-14,2.483095e-05,6
2.050,5,fire,8,fall,6.502087e-21,1.240478e-15,1.240485e-15,2.483444e-05,30
2.050,5,fire,9,rise,6.518058e-21,1.240482e-15,1.240489e-15,2.483452e-05,30
2.050,5,fire,9,write,3.478838e-19,6.209189e-14,6.209224e-14,2.483892e-05,6
2.050,5,fire,9,fall,-2.797742e-16,5.639237e-16,2.841495e-16,3.017518e-08,30
2.050,5,burst_read,0,burst_read,-1.762711e-20,-8.747328e-22,-1.850185e-20,-3.465242e-13,11
2.050,5,erase,0,rise,3.567556e-16,2.850766e-18,3.596064e-16,4.962209e-09,30
2.050,5,erase,0,hold,3.943879e-15,1.668417e-17,3.960563e-15,1.295681e-11,40
2.050,5,erase,0,fall,-1.614473e-15,3.321561e-19,-1.614141e-15,1.009672e-08,31
2.050,5,relax,0,hold,-5.357112e-17,-2.282527e-18,-5.585364e-17,-3.418761e-14,70
2.050,6,fire,1,rise,2.798897e-16,5.557182e-16,8.356079e-16,2.462534e-05,30
2.050,6,fire,1,write,3.778922e-15,6.197916e-14,6.575808e-14,2.481020e-05,6
2.050,6,fire,1,fall,4.787963e-22,1.239282e-15,1.239282e-15,2.481045e-05,30
2.050,6,fire,2,rise,4.832691e-22,1.239282e-15,1.239283e-15,2.481046e-05,30
2.050,6,fire,2,write,2.442366e-20,4.962132e-14,4.962135e-14,2.481083e-05,5
2.050,6,fire,2,fall,9.255856e-22,1.239329e-15,1.239330e-15,2.481139e-05,30
2.050,6,fire,3,rise,9.298673e-22,1.239329e-15,1.239330e-15,2.481141e-05,30
2.050,6,fire,3,write,4.174454e-20,4.962349e-14,4.962353e-14,2.481202e-05,5
2.050,6,fire,3,fall,1.369451e-20,1.239408e-14,1.239410e-14,2.481307e-05,30
2.050,6,fire,4,rise,1.391649e-21,1.239413e-15,1.239415e-15,2.481309e-05,30
2.050,6,fire,4,write,5.981429e-20,4.962712e-14,4.962718e-14,2.481395e-05,5
2.050,6,fire,4,fall,1.789264e-21,1.239517e-15,1.239519e-15,2.481517e-05,30
2.050,6,fire,5,rise,1.793187e-21,1.239519e-15,1.239520e-15,2.481520e-05,30
2.050,6,fire,5,write,7.562283e-20,4.963149e-14,4.963157e-14,2.481624e-05,5
2.050,6,fire,5,fall,2.279386e-21,1.239649e-15,1.239651e-15,2.481781e-05,30
2.050,6,fire,6,rise,2.286243e-21,1.239650e-15,1.239653e-15,2.481784e-05,30
2.050,6,fire,6,write,1.008294e-19,4.963697e-14,4.963707e-14,2.481913e-05,5
2.050,6,fire,6,fall,3.445746e-21,1.239829e-15,1.239832e-15,2.482142e-05,30
2.050,6,fire,7,rise,3.457165e-21,1.239831e-15,1.239834e-15,2.482146e-05,30
2.050,6,fire,7,write,1.121991e-19,3.723376e-14,3.723387e-14,2.482319e-05,4
2.050,6,fire,7,fall,4.654818e-21,1.240074e-15,1.240079e-15,2.482633e-05,30
2.050,6,fire,8,rise,4.671936e-21,1.240077e-15,1.240081e-15,2.482639e-05,30
2.050,6,fire,8,write,1.519785e-19,3.724151e-14,3.724167e-14,2.482860e-05,4
2.050,6,fire,8,fall,6.442313e-20,1.240431e-14,1.240437e-14,2.483383e-05,30
2.050,6,fire,9,rise,6.530169e-21,1.240452e-15,1.240459e-15,2.483391e-05,30
2.050,6,fire,9,write,2.063088e-19,3.725345e-14,3.725366e-14,2.483691e-05,4
2.050,6,fire,9,fall,-2.797650e-16,5.638455e-16,2.840805e-16,3.017508e-08,30
2.050,6,burst_read,0,burst_read,7.552639e-17,3.771315e-18,7.929770e-17,-3.489933e-13,8
2.050,6,erase,0,rise,3.567539e-16,2.850754e-18,3.596047e-16,4.962198e-09,30
2.050,6,erase,0,hold,3.954492e-15,1.672825e-17,3.971220e-15,1.299102e-11,40
2.050,6,erase,0,fall,-1.614486e-15,3.321752e-19,-1.614154e-15,1.009671e-08,31
2.050,6,relax,0,hold,-5.381226e-17,-2.307048e-18,-5.611931e-17,-3.420657e-14,70
2.050,7,fire,1,rise,2.798827e-16,5.556187e-16,8.355014e-16,2.462457e-05,30
2.050,7,fire,1,write,3.273826e-21,3.721403e-14,3.721403e-14,2.480938e-05,4
2.050,7,fire,1,fall,4.786176e-22,1.239243e-15,1.239244e-15,2.480968e-05,30
2.050,7,fire,2,rise,4.830887e-22,1.239244e-15,1.239244e-15,2.480968e-05,30
2.050,7,fire,2,write,1.684705e-20,3.721471e-14,3.721472e-14,2.480992e-05,4
2.050,7,fire,2,fall,9.252330e-22,1.239290e-15,1.239291e-15,2.481062e-05,30
2.050,7,fire,3,rise,9.295130e-22,1.239291e-15,1.239292e-15,2.481064e-05,30
2.050,7,fire,3,write,2.989714e-20,3.721624e-14,3.721627e-14,2.481102e-05,4
2.050,7,fire,3,fall,1.350647e-21,1.239366e-15,1.239367e-15,2.481214e-05,30
2.050,7,fire,4,rise,1.354703e-21,1.239367e-15,1.239368e-15,2.481216e-05,30
2.050,7,fire,4,write,2.861766e-20,2.481248e-14,2.481251e-14,2.481267e-05,3
2.050,7,fire,4,fall,1.771004e-20,1.239474e-14,1.239475e-14,2.481440e-05,30
2.050,7,fire,5,rise,1.792526e-21,1.239480e-15,1.239482e-15,2.481443e-05,30
2.050,7,fire,5,write,3.729662e-20,2.481483e-14,2.481487e-14,2.481507e-05,3
2.050,7,fire,5,fall,2.280892e-21,1.239610e-15,1.239613e-15,2.481704e-05,30
2.050,7,fire,6,rise,2.287922e-21,1.239612e-15,1.239614e-15,2.481707e-05,30
2.050,7,fire,6,write,4.910397e-20,2.481752e-14,2.481757e-14,2.481783e-05,3
2.050,7,fire,6,fall,3.453281e-21,1.239791e-15,1.239794e-15,2.482066e-05,30
2.050,7,fire,7,rise,3.464700e-21,1.239793e-15,1.239796e-15,2.482070e-05,30
2.050,7,fire,7,write,7.244302e-20,2.482126e-14,2.482133e-14,2.482169e-05,3
2.050,7,fire,7,fall,4.667836e-21,1.240036e-15,1.240041e-15,2.482558e-05,30
2.050,7,fire,8,rise,4.685007e-21,1.240039e-15,1.240044e-15,2.482564e-05,30
2.050,7,fire,8,write,9.777483e-20,2.482627e-14,2.482637e-14,2.482686e-05,3
2.050,7,fire,8,fall,6.383669e-21,1.240377e-15,1.240383e-15,2.483240e-05,30
2.050,7,fire,9,rise,6.399772e-21,1.240380e-15,1.240387e-15,2.483248e-05,30
2.050,7,fire,9,write,6.638681e-20,1.241679e-14,1.241686e-14,2.483399e-05,2
2.050,7,fire,9,fall,-2.797436e-16,5.580386e-15,5.300642e-15,3.017168e-09,30
2.050,7,burst_read,0,burst_read,-5.245960e-21,-2.603130e-22,-5.506273e-21,-3.460600e-13,4
2.050,7,erase,0,rise,3.567510e-16,2.850730e-18,3.596017e-16,4.962177e-09,30
2.050,7,erase,0,hold,3.965307e-15,1.677318e-17,3.982080e-15,1.302185e-11,40
2.050,7,erase,0,fall,-1.614590e-15,3.321107e-19,-1.614257e-15,1.009501e-08,31
2.050,7,relax,0,hold,-5.403325e-17,-2.328648e-18,-5.636190e-17,-3.426681e-14,70
2.050,8,fire,1,rise,2.798835e-16,5.556040e-16,8.354875e-16,2.462451e-05,30
2.050,8,fire,1,write,9.321290e-22,1.240464e-14,1.240464e-14,2.480929e-05,2
2.050,8,fire,1,fall,5.578657e-22,1.239244e-15,1.239244e-15,2.480969e-05,30
2.050,8,fire,2,rise,5.630942e-22,1.239244e-15,1.239245e-15,2.480969e-05,30
2.050,8,fire,2,write,6.236780e-21,1.240489e-14,1.240490e-14,2.480982e-05,2
2.050,8,fire,2,fall,1.079736e-21,1.239300e-15,1.239301e-15,2.481081e-05,30
2.050,8,fire,3,rise,1.084733e-21,1.239300e-15,1.239302e-15,2.481083e-05,30
2.050,8,fire,3,write,1.133272e-20,1.240548e-14,1.240549e-14,2.481104e-05,2
2.050,8,fire,3,fall,1.576040e-21,1.239390e-15,1.239392e-15,2.481262e-05,30
2.050,8,fire,4,rise,1.580768e-21,1.239391e-15,1.239393e-15,2.481264e-05,30
2.050,8,fire,4,write,1.617775e-20,1.240640e-14,1.240641e-14,2.481290e-05,2
2.050,8,fire,4,fall,2.044832e-21,1.239512e-15,1.239514e-15,2.481508e-05,30
2.050,8,fire,5,rise,2.069871e-20,1.239520e-14,1.239522e-14,2.481535e-05,30
2.050,8,fire,5,write,0.000000e+00,0.000000e+00,0.000000e+00,nan,1
2.050,8,fire,5,fall,2.600316e-20,1.239672e-14,1.239674e-14,2.481842e-05,30
2.050,8,fire,6,rise,2.639452e-21,1.239681e-15,1.239684e-15,2.481846e-05,30
2.050,8,fire,6,write,2.699041e-20,1.240932e-14,1.240934e-14,2.481881e-05,2
2.050,8,fire,6,fall,3.858216e-21,1.239889e-15,1.239892e-15,2.482262e-05,30
2.050,8,fire,7,rise,3.870151e-21,1.239891e-15,1.239895e-15,2.482267e-05,30
2.050,8,fire,7,write,0.000000e+00,0.000000e+00,0.000000e+00,nan,1
2.050,8,fire,7,fall,5.063958e-21,1.240166e-15,1.240171e-15,2.482819e-05,30
2.050,8,fire,8,rise,5.078917e-21,1.240169e-15,1.240174e-15,2.482825e-05,30
2.050,8,fire,8,write,0.000000e+00,0.000000e+00,0.000000e+00,nan,1
2.050,8,fire,8,fall,6.555756e-21,1.240528e-15,1.240534e-15,2.483543e-05,30
2.050,8,fire,9,rise,6.569749e-21,1.240532e-15,1.240538e-15,2.483551e-05,30
2.050,8,fire,9,write,0.000000e+00,0.000000e+00,0.000000e+00,nan,1
2.050,8,fire,9,fall,-2.797839e-16,5.639506e-16,2.841667e-16,3.017665e-08,30
2.050,8,burst_read,0,burst_read,0.000000e+00,0.000000e+00,0.000000e+00,nan,1
2.050,8,erase,0,rise,3.567711e-16,2.850900e-18,3.596220e-16,4.962349e-09,30
2.050,8,erase,0,hold,3.975927e-15,1.681728e-17,3.992745e-15,1.305777e-11,40
2.050,8,erase,0,fall,-1.614543e-15,3.320236e-19,-1.614211e-15,1.009471e-08,31
2.050,8,relax,0,hold,-5.420586e-17,-2.346389e-18,-5.655225e-17,-3.442961e-14,70
2.050,9,fire,1,rise,2.798799e-16,5.555518e-16,8.354317e-16,2.462418e-05,30
2.050,9,fire,1,write,0.000000e+00,0.000000e+00,0.000000e+00,nan,1
2.050,9,fire,1,fall,6.152921e-21,1.239231e-14,1.239231e-14,2.480947e-05,30
2.050,9,fire,2,rise,6.455552e-22,1.239233e-15,1.239234e-15,2.480948e-05,30
2.050,9,fire,2,write,0.000000e+00,0.000000e+00,0.000000e+00,nan,1
2.050,9,fire,2,fall,1.188592e-21,1.239297e-15,1.239298e-15,2.481076e-05,30
2.050,9,fire,3,rise,1.193838e-21,1.239298e-15,1.239299e-15,2.481078e-05,30
2.050,9,fire,3,write,nan,nan,nan,nan,0
2.050,9,fire,3,fall,1.709046e-21,1.239399e-15,1.239400e-15,2.481280e-05,30
2.050,9,fire,4,rise,1.713999e-21,1.239400e-15,1.239402e-15,2.481282e-05,30
2.050,9,fire,4,write,nan,nan,nan,nan,0
2.050,9,fire,4,fall,2.200675e-21,1.239535e-15,1.239537e-15,2.481553e-05,30
2.050,9,fire,5,rise,2.205444e-21,1.239536e-15,1.239539e-15,2.481556e-05,30
2.050,9,fire,5,write,nan,nan,nan,nan,0
2.050,9,fire,5,fall,2.779229e-21,1.239705e-15,1.239708e-15,2.481894e-05,30
2.050,9,fire,6,rise,2.787724e-21,1.239707e-15,1.239710e-15,2.481897e-05,30
2.050,9,fire,6,write,nan,nan,nan,nan,0
2.050,9,fire,6,fall,4.090559e-20,1.239943e-14,1.239947e-14,2.482393e-05,30
2.050,9,fire,7,rise,4.156827e-21,1.239957e-15,1.239961e-15,2.482399e-05,30
2.050,9,fire,7,write,nan,nan,nan,nan,0
2.050,9,fire,7,fall,5.415567e-21,1.240258e-15,1.240263e-15,2.483002e-05,30
2.050,9,fire,8,rise,5.429533e-21,1.240261e-15,1.240267e-15,2.483009e-05,30
2.050,9,fire,8,write,nan,nan,nan,nan,0
2.050,9,fire,8,fall,6.783510e-21,1.240642e-15,1.240649e-15,2.483772e-05,30
2.050,9,fire,9,rise,6.796324e-21,1.240646e-15,1.240653e-15,2.483780e-05,30
2.050,9,fire,9,write,nan,nan,nan,nan,0
2.050,9,fire,9,fall,-2.798335e-16,5.643106e-16,2.844771e-16,3.017506e-08,30
2.050,9,burst_read,0,burst_read,nan,nan,nan,nan,0
2.050,9,erase,0,rise,3.567560e-16,2.850755e-18,3.596067e-16,4.962199e-09,30
2.050,9,erase,0,hold,3.985817e-15,1.685840e-17,4.002675e-15,1.309617e-11,40
2.050,9,erase,0,fall,-1.628705e-15,3.802609e-19,-1.628325e-15,1.009693e-08,31
2.050,9,relax,0,hold,-5.430345e-17,-2.357616e-18,-5.666107e-17,-3.427851e-14,70
2.050,10,fire,1,rise,2.798544e-16,5.552337e-16,8.350881e-16,2.462150e-05,30
2.050,10,fire,1,write,nan,nan,nan,nan,0
2.050,10,fire,1,fall,4.793339e-22,1.239090e-15,1.239090e-15,2.480660e-05,30
2.050,10,fire,2,rise,4.838121e-22,1.239090e-15,1.239091e-15,2.480661e-05,30
2.050,10,fire,2,write,nan,nan,nan,nan,0
2.050,10,fire,2,fall,9.459573e-21,1.239140e-14,1.239141e-14,2.480766e-05,30
2.050,10,fire,3,rise,9.694271e-22,1.239143e-15,1.239144e-15,2.480767e-05,30
2.050,10,fire,3,write,nan,nan,nan,nan,0
2.050,10,fire,3,fall,1.389208e-21,1.239221e-15,1.239222e-15,2.480923e-05,30
2.050,10,fire,4,rise,1.393250e-21,1.239222e-15,1.239223e-15,2.480925e-05,30
2.050,10,fire,4,write,nan,nan,nan,nan,0
2.050,10,fire,4,fall,1.791499e-21,1.239326e-15,1.239327e-15,2.481134e-05,30
2.050,10,fire,5,rise,1.795426e-21,1.239327e-15,1.239329e-15,2.481136e-05,30
2.050,10,fire,5,write,nan,nan,nan,nan,0
2.050,10,fire,5,fall,2.295808e-21,1.239458e-15,1.239460e-15,2.481398e-05,30
2.050,10,fire,6,rise,2.305324e-21,1.239459e-15,1.239461e-15,2.481401e-05,30
2.050,10,fire,6,write,nan,nan,nan,nan,0
2.050,10,fire,6,fall,3.486984e-21,1.239640e-15,1.239643e-15,2.481763e-05,30
2.050,10,fire,7,rise,3.498409e-21,1.239642e-15,1.239645e-15,2.481767e-05,30
2.050,10,fire,7,write,nan,nan,nan,nan,0
2.050,10,fire,7,fall,4.803011e-20,1.239900e-14,1.239905e-14,2.482312e-05,30
2.050,10,fire,8,rise,4.898299e-21,1.239916e-15,1.239921e-15,2.482318e-05,30
2.050,10,fire,8,write,nan,nan,nan,nan,0
2.050,10,fire,8,fall,6.584359e-21,1.240267e-15,1.240274e-15,2.483022e-05,30
2.050,10,fire,9,rise,6.600309e-21,1.240271e-15,1.240278e-15,2.483030e-05,30
2.050,10,fire,9,write,nan,nan,nan,nan,0
2.050,10,fire,9,fall,-2.797101e-16,5.633885e-16,2.836784e-16,3.017433e-08,30
2.050,10,burst_read,0,burst_read,nan,nan,nan,nan,0
2.050,10,erase,0,rise,3.567434e-16,2.850670e-18,3.595941e-16,4.962123e-09,30
2.050,10,erase,0,hold,3.996194e-15,1.690141e-17,4.013095e-15,1.312801e-11,40
2.050,10,erase,0,fall,-1.614502e-15,3.321804e-19,-1.614170e-15,1.009656e-08,31
2.050,10,relax,0,hold,-5.442866e-17,-2.369741e-18,-5.679840e-17,-3.431387e-14,70
2.050,11,fire,1,rise,2.798448e-16,5.551062e-16,8.349510e-16,2.462054e-05,30
2.050,11,fire,1,write,nan,nan,nan,nan,0
2.050,11,fire,1,fall,4.784232e-22,1.239042e-15,1.239042e-15,2.480564e-05,30
2.050,11,fire,2,rise,4.828925e-22,1.239042e-15,1.239042e-15,2.480565e-05,30
2.050,11,fire,2,write,nan,nan,nan,nan,0
2.050,11,fire,2,fall,9.248499e-22,1.239089e-15,1.239090e-15,2.480659e-05,30
2.050,11,fire,3,rise,9.291280e-22,1.239089e-15,1.239090e-15,2.480660e-05,30
2.050,11,fire,3,write,nan,nan,nan,nan,0
2.050,11,fire,3,fall,1.368328e-20,1.239168e-14,1.239170e-14,2.480826e-05,30
2.050,11,fire,4,rise,1.390505e-21,1.239173e-15,1.239175e-15,2.480828e-05,30
2.050,11,fire,4,write,nan,nan,nan,nan,0
2.050,11,fire,4,fall,1.788021e-21,1.239277e-15,1.239279e-15,2.481037e-05,30
2.050,11,fire,5,rise,1.791940e-21,1.239278e-15,1.239280e-15,2.481039e-05,30
2.050,11,fire,5,write,nan,nan,nan,nan,0
2.050,11,fire,5,fall,2.299648e-21,1.239409e-15,1.239411e-15,2.481301e-05,30
2.050,11,fire,6,rise,2.310347e-21,1.239411e-15,1.239413e-15,2.481304e-05,30
2.050,11,fire,6,write,nan,nan,nan,nan,0
2.050,11,fire,6,fall,3.494059e-21,1.239592e-15,1.239595e-15,2.481667e-05,30
2.050,11,fire,7,rise,3.505479e-21,1.239594e-15,1.239597e-15,2.481671e-05,30
2.050,11,fire,7,write,nan,nan,nan,nan,0
2.050,11,fire,7,fall,4.739431e-21,1.239840e-15,1.239845e-15,2.482166e-05,30
2.050,11,fire,8,rise,4.756789e-21,1.239843e-15,1.239848e-15,2.482171e-05,30
2.050,11,fire,8,write,nan,nan,nan,nan,0
2.050,11,fire,8,fall,6.529522e-20,1.240203e-14,1.240210e-14,2.482929e-05,30
2.050,11,fire,9,rise,6.617384e-21,1.240225e-15,1.240232e-15,2.482937e-05,30
2.050,11,fire,9,write,nan,nan,nan,nan,0
2.050,11,fire,9,fall,-2.796966e-16,5.632721e-16,2.835755e-16,3.017400e-08,30
2.050,11,burst_read,0,burst_read,nan,nan,nan,nan,0
2.050,11,erase,0,rise,3.567392e-16,2.850636e-18,3.595899e-16,4.962091e-09,30
2.050,11,erase,0,hold,4.006719e-15,1.694511e-17,4.023664e-15,1.316232e-11,40
2.050,11,erase,0,fall,-1.614496e-15,3.321621e-19,-1.614164e-15,1.009649e-08,31
2.050,11,relax,0,hold,-5.452557e-17,-2.379055e-18,-5.690463e-17,-3.434998e-14,70
2.050,12,fire,1,rise,2.798323e-16,5.549434e-16,8.347757e-16,2.461924e-05,30
2.050,12,fire,1,write,nan,nan,nan,nan,0
2.050,12,fire,1,fall,4.821094e-22,1.238977e-15,1.238977e-15,2.480434e-05,30
2.050,12,fire,2,rise,4.866146e-22,1.238977e-15,1.238977e-15,2.480435e-05,30
2.050,12,fire,2,write,nan,nan,nan,nan,0
2.050,12,fire,2,fall,9.321204e-22,1.239024e-15,1.239025e-15,2.480529e-05,30
2.050,12,fire,3,rise,9.364328e-22,1.239025e-15,1.239026e-15,2.480531e-05,30
2.050,12,fire,3,write,nan,nan,nan,nan,0
2.050,12,fire,3,fall,1.360737e-21,1.239100e-15,1.239102e-15,2.480682e-05,30
2.050,12,fire,4,rise,1.383224e-20,1.239105e-14,1.239107e-14,2.480700e-05,30
2.050,12,fire,4,write,nan,nan,nan,nan,0
2.050,12,fire,4,fall,1.780536e-20,1.239208e-14,1.239209e-14,2.480908e-05,30
2.050,12,fire,5,rise,1.802242e-21,1.239214e-15,1.239216e-15,2.480910e-05,30
2.050,12,fire,5,write,nan,nan,nan,nan,0
2.050,12,fire,5,fall,2.316165e-21,1.239345e-15,1.239348e-15,2.481173e-05,30
2.050,12,fire,6,rise,2.327141e-21,1.239347e-15,1.239349e-15,2.481176e-05,30
2.050,12,fire,6,write,nan,nan,nan,nan,0
2.050,12,fire,6,fall,3.515152e-21,1.239529e-15,1.239532e-15,2.481541e-05,30
2.050,12,fire,7,rise,3.526585e-21,1.239531e-15,1.239534e-15,2.481545e-05,30
2.050,12,fire,7,write,nan,nan,nan,nan,0
2.050,12,fire,7,fall,4.759778e-21,1.239779e-15,1.239783e-15,2.482042e-05,30
2.050,12,fire,8,rise,4.777074e-21,1.239781e-15,1.239786e-15,2.482048e-05,30
2.050,12,fire,8,write,nan,nan,nan,nan,0
2.050,12,fire,8,fall,6.471108e-21,1.240125e-15,1.240131e-15,2.482737e-05,30
2.050,12,fire,9,rise,6.487150e-21,1.240129e-15,1.240135e-15,2.482744e-05,30
2.050,12,fire,9,write,nan,nan,nan,nan,0
2.050,12,fire,9,fall,-2.796669e-16,5.574018e-15,5.294351e-15,3.017054e-09,30
2.050,12,burst_read,0,burst_read,nan,nan,nan,nan,0
2.050,12,erase,0,rise,3.567362e-16,2.850603e-18,3.595868e-16,4.962064e-09,30
2.050,12,erase,0,hold,4.016813e-15,1.698711e-17,4.033800e-15,1.319087e-11,40
2.050,12,erase,0,fall,-1.628853e-15,3.801563e-19,-1.628473e-15,1.009458e-08,31
2.050,12,relax,0,hold,-5.459257e-17,-2.386246e-18,-5.697882e-17,-3.458325e-14,70
2.050,13,fire,1,rise,2.798429e-16,5.550180e-16,8.348609e-16,2.462007e-05,30
2.050,13,fire,1,write,nan,nan,nan,nan,0
2.050,13,fire,1,fall,6.739410e-22,1.239027e-15,1.239027e-15,2.480534e-05,30
2.050,13,fire,2,rise,6.802607e-22,1.239027e-15,1.239028e-15,2.480535e-05,30
2.050,13,fire,2,write,nan,nan,nan,nan,0
2.050,13,fire,2,fall,1.303866e-21,1.239098e-15,1.239099e-15,2.480677e-05,30
2.050,13,fire,3,rise,1.309890e-21,1.239099e-15,1.239100e-15,2.480679e-05,30
2.050,13,fire,3,write,nan,nan,nan,nan,0
2.050,13,fire,3,fall,1.901338e-21,1.239212e-15,1.239214e-15,2.480906e-05,30
2.050,13,fire,4,rise,1.907023e-21,1.239213e-15,1.239215e-15,2.480909e-05,30
2.050,13,fire,4,write,nan,nan,nan,nan,0
2.050,13,fire,4,fall,2.464248e-21,1.239367e-15,1.239369e-15,2.481216e-05,30
2.050,13,fire,5,rise,2.469674e-21,1.239368e-15,1.239371e-15,2.481220e-05,30
2.050,13,fire,5,write,nan,nan,nan,nan,0
2.050,13,fire,5,fall,3.136412e-20,1.239570e-14,1.239573e-14,2.481643e-05,30
2.050,13,fire,6,rise,3.198759e-21,1.239582e-15,1.239585e-15,2.481648e-05,30
2.050,13,fire,6,write,nan,nan,nan,nan,0
2.050,13,fire,6,fall,4.517508e-21,1.239840e-15,1.239845e-15,2.482165e-05,30
2.050,13,fire,7,rise,4.530181e-21,1.239843e-15,1.239848e-15,2.482171e-05,30
2.050,13,fire,7,write,nan,nan,nan,nan,0
2.050,13,fire,7,fall,5.771354e-21,1.240175e-15,1.240181e-15,2.482837e-05,30
2.050,13,fire,8,rise,5.783185e-21,1.240179e-15,1.240185e-15,2.482845e-05,30
2.050,13,fire,8,write,nan,nan,nan,nan,0
2.050,13,fire,8,fall,6.926902e-21,1.240580e-15,1.240587e-15,2.483648e-05,30
2.050,13,fire,9,rise,6.937727e-21,1.240584e-15,1.240591e-15,2.483656e-05,30
2.050,13,fire,9,write,nan,nan,nan,nan,0
2.050,13,fire,9,fall,-2.798115e-16,5.640681e-16,2.842566e-16,3.017583e-08,30
2.050,13,burst_read,0,burst_read,nan,nan,nan,nan,0
2.050,13,erase,0,rise,3.567616e-16,2.850818e-18,3.596124e-16,4.962273e-09,30
2.050,13,erase,0,hold,4.027795e-15,1.703269e-17,4.044828e-15,1.323260e-11,40
2.050,13,erase,0,fall,-1.614424e-15,3.319104e-19,-1.614092e-15,1.009520e-08,31
2.050,13,relax,0,hold,-5.469150e-17,-2.394180e-18,-5.708568e-17,-3.441777e-14,70
2.050,14,fire,1,rise,2.798108e-16,5.546646e-16,8.344754e-16,2.461690e-05,30
2.050,14,fire,1,write,nan,nan,nan,nan,0
2.050,14,fire,1,fall,4.822063e-22,1.238860e-15,1.238861e-15,2.480201e-05,30
2.050,14,fire,2,rise,4.867126e-22,1.238860e-15,1.238861e-15,2.480201e-05,30
2.050,14,fire,2,write,nan,nan,nan,nan,0
2.050,14,fire,2,fall,9.323118e-22,1.238908e-15,1.238909e-15,2.480296e-05,30
2.050,14,fire,3,rise,9.366250e-22,1.238908e-15,1.238909e-15,2.480297e-05,30
2.050,14,fire,3,write,nan,nan,nan,nan,0
2.050,14,fire,3,fall,1.361004e-21,1.238984e-15,1.238985e-15,2.480449e-05,30
2.050,14,fire,4,rise,1.365091e-21,1.238985e-15,1.238986e-15,2.480451e-05,30
2.050,14,fire,4,write,nan,nan,nan,nan,0
2.050,14,fire,4,fall,1.766996e-21,1.239087e-15,1.239089e-15,2.480656e-05,30
2.050,14,fire,5,rise,1.770943e-21,1.239088e-15,1.239090e-15,2.480659e-05,30
2.050,14,fire,5,write,nan,nan,nan,nan,0
2.050,14,fire,5,fall,2.255425e-21,1.239218e-15,1.239220e-15,2.480918e-05,30
2.050,14,fire,6,rise,2.262584e-21,1.239219e-15,1.239221e-15,2.480920e-05,30
2.050,14,fire,6,write,nan,nan,nan,nan,0
2.050,14,fire,6,fall,3.441494e-21,1.239397e-15,1.239400e-15,2.481277e-05,30
2.050,14,fire,7,rise,3.452995e-21,1.239399e-15,1.239403e-15,2.481282e-05,30
2.050,14,fire,7,write,nan,nan,nan,nan,0
2.050,14,fire,7,fall,4.661366e-21,1.239643e-15,1.239647e-15,2.481770e-05,30
2.050,14,fire,8,rise,4.678646e-21,1.239645e-15,1.239650e-15,2.481775e-05,30
2.050,14,fire,8,write,nan,nan,nan,nan,0
2.050,14,fire,8,fall,6.382257e-21,1.239983e-15,1.239990e-15,2.482453e-05,30
2.050,14,fire,9,rise,6.398406e-21,1.239987e-15,1.239993e-15,2.482460e-05,30
2.050,14,fire,9,write,nan,nan,nan,nan,0
2.050,14,fire,9,fall,-2.796191e-16,5.626283e-16,2.830092e-16,3.017273e-08,30
2.050,14,burst_read,0,burst_read,nan,nan,nan,nan,0
2.050,14,erase,0,rise,3.543310e-16,2.836971e-18,3.571679e-16,4.900488e-08,30
2.050,14,erase,0,hold,4.043993e-15,1.709997e-17,4.061093e-15,1.327314e-11,40
2.050,14,erase,0,fall,-1.574606e-15,8.642599e-20,-1.574520e-15,8.924367e-08,31
2.050,14,relax,0,hold,-5.481326e-17,-2.403538e-18,-5.721680e-17,-3.468020e-14,70
2.050,15,fire,1,rise,2.798081e-16,5.545659e-16,8.343740e-16,2.461640e-05,30
2.050,15,fire,1,write,nan,nan,nan,nan,0
2.050,15,fire,1,fall,6.692825e-22,1.238843e-15,1.238844e-15,2.480167e-05,30
2.050,15,fire,2,rise,6.755582e-22,1.238844e-15,1.238844e-15,2.480168e-05,30
2.050,15,fire,2,write,nan,nan,nan,nan,0
2.050,15,fire,2,fall,1.294847e-21,1.238914e-15,1.238915e-15,2.480309e-05,30
2.050,15,fire,3,rise,1.300829e-21,1.238915e-15,1.238916e-15,2.480311e-05,30
2.050,15,fire,3,write,nan,nan,nan,nan,0
2.050,15,fire,3,fall,1.888208e-21,1.239027e-15,1.239029e-15,2.480536e-05,30
2.050,15,fire,4,rise,1.893854e-21,1.239029e-15,1.239030e-15,2.480539e-05,30
2.050,15,fire,4,write,nan,nan,nan,nan,0
2.050,15,fire,4,fall,2.447398e-21,1.239181e-15,1.239183e-15,2.480844e-05,30
2.050,15,fire,5,rise,2.452795e-21,1.239183e-15,1.239185e-15,2.480848e-05,30
2.050,15,fire,5,write,nan,nan,nan,nan,0
2.050,15,fire,5,fall,3.084525e-21,1.239373e-15,1.239376e-15,2.481230e-05,30
2.050,15,fire,6,rise,3.094871e-21,1.239375e-15,1.239379e-15,2.481234e-05,30
2.050,15,fire,6,write,nan,nan,nan,nan,0
2.050,15,fire,6,fall,4.412431e-21,1.239627e-15,1.239631e-15,2.481738e-05,30
2.050,15,fire,7,rise,4.425140e-21,1.239630e-15,1.239634e-15,2.481744e-05,30
2.050,15,fire,7,write,nan,nan,nan,nan,0
2.050,15,fire,7,fall,5.668895e-21,1.239956e-15,1.239961e-15,2.482397e-05,30
2.050,15,fire,8,rise,5.680868e-21,1.239959e-15,1.239965e-15,2.482404e-05,30
2.050,15,fire,8,write,nan,nan,nan,nan,0
2.050,15,fire,8,fall,6.841706e-21,1.240354e-15,1.240361e-15,2.483196e-05,30
2.050,15,fire,9,rise,6.852697e-21,1.240359e-15,1.240366e-15,2.483205e-05,30
2.050,15,fire,9,write,nan,nan,nan,nan,0
2.050,15,fire,9,fall,-2.797406e-16,5.634830e-16,2.837424e-16,3.017452e-08,30
2.050,15,burst_read,0,burst_read,nan,nan,nan,nan,0
2.050,15,erase,0,rise,3.805313e-16,2.985155e-18,3.835165e-16,5.573800e-10,30
2.050,15,erase,0,hold,4.025872e-15,1.702474e-17,4.042897e-15,1.321940e-11,40
2.050,15,erase,0,fall,-1.592418e-15,1.361264e-19,-1.592282e-15,8.912182e-08,31
2.050,15,relax,0,hold,-5.515815e-17,-2.423001e-18,-5.758115e-17,-3.456143e-14,70
2.050,16,fire,1,rise,2.798519e-16,5.550461e-16,8.348980e-16,2.462044e-05,30
2.050,16,fire,1,write,nan,nan,nan,nan,0
2.050,16,fire,1,fall,6.641348e-22,1.239045e-15,1.239045e-15,2.480570e-05,30
2.050,16,fire,2,rise,6.703612e-22,1.239045e-15,1.239046e-15,2.480571e-05,30
2.050,16,fire,2,write,nan,nan,nan,nan,0
2.050,16,fire,2,fall,1.284817e-21,1.239115e-15,1.239116e-15,2.480711e-05,30
2.050,16,fire,3,rise,1.290753e-21,1.239115e-15,1.239117e-15,2.480713e-05,30
2.050,16,fire,3,write,nan,nan,nan,nan,0
2.050,16,fire,3,fall,1.873619e-21,1.239227e-15,1.239229e-15,2.480936e-05,30
2.050,16,fire,4,rise,1.879222e-21,1.239228e-15,1.239230e-15,2.480939e-05,30
2.050,16,fire,4,write,nan,nan,nan,nan,0
2.050,16,fire,4,fall,2.428341e-21,1.239379e-15,1.239381e-15,2.481241e-05,30
2.050,16,fire,5,rise,2.433691e-21,1.239381e-15,1.239383e-15,2.481244e-05,30
2.050,16,fire,5,write,nan,nan,nan,nan,0
2.050,16,fire,5,fall,3.048290e-21,1.239570e-15,1.239573e-15,2.481623e-05,30
2.050,16,fire,6,rise,3.056466e-21,1.239572e-15,1.239575e-15,2.481627e-05,30
2.050,16,fire,6,write,nan,nan,nan,nan,0
2.050,16,fire,6,fall,4.353017e-21,1.239819e-15,1.239824e-15,2.482124e-05,30
2.050,16,fire,7,rise,4.365691e-21,1.239822e-15,1.239827e-15,2.482129e-05,30
2.050,16,fire,7,write,nan,nan,nan,nan,0
2.050,16,fire,7,fall,5.608947e-21,1.240144e-15,1.240150e-15,2.482774e-05,30
2.050,16,fire,8,rise,5.620912e-21,1.240147e-15,1.240153e-15,2.482781e-05,30
2.050,16,fire,8,write,nan,nan,nan,nan,0
2.050,16,fire,8,fall,6.783836e-21,1.240539e-15,1.240545e-15,2.483565e-05,30
2.050,16,fire,9,rise,6.794851e-21,1.240543e-15,1.240550e-15,2.483573e-05,30
2.050,16,fire,9,write,nan,nan,nan,nan,0
2.050,16,fire,9,fall,-2.797957e-16,5.639307e-16,2.841350e-16,3.017571e-08,30
2.050,16,burst_read,0,burst_read,nan,nan,nan,nan,0
2.050,16,erase,0,rise,3.543718e-16,2.837296e-18,3.572091e-16,4.900804e-08,30
2.050,16,erase,0,hold,4.069322e-15,1.720520e-17,4.086528e-15,1.336460e-11,40
2.050,16,erase,0,fall,-1.589289e-15,1.317487e-19,-1.589157e-15,8.925159e-08,31
2.050,16,relax,0,hold,-5.499019e-17,-2.414829e-18,-5.740501e-17,-3.480501e-14,70
2.050,17,fire,1,rise,2.797703e-16,5.540799e-16,8.338502e-16,2.461242e-05,30
2.050,17,fire,1,write,nan,nan,nan,nan,0
2.050,17,fire,1,fall,6.745037e-22,1.238644e-15,1.238645e-15,2.479769e-05,30
2.050,17,fire,2,rise,6.808289e-22,1.238645e-15,1.238646e-15,2.479770e-05,30
2.050,17,fire,2,write,nan,nan,nan,nan,0
2.050,17,fire,2,fall,1.304947e-21,1.238716e-15,1.238717e-15,2.479912e-05,30
2.050,17,fire,3,rise,1.310975e-21,1.238717e-15,1.238718e-15,2.479914e-05,30
2.050,17,fire,3,write,nan,nan,nan,nan,0
2.050,17,fire,3,fall,1.902853e-21,1.238830e-15,1.238832e-15,2.480142e-05,30
2.050,17,fire,4,rise,1.908542e-21,1.238832e-15,1.238833e-15,2.480145e-05,30
2.050,17,fire,4,write,nan,nan,nan,nan,0
2.050,17,fire,4,fall,2.466417e-21,1.238985e-15,1.238988e-15,2.480453e-05,30
2.050,17,fire,5,rise,2.471872e-21,1.238987e-15,1.238989e-15,2.480456e-05,30
2.050,17,fire,5,write,nan,nan,nan,nan,0
2.050,17,fire,5,fall,3.132649e-21,1.239180e-15,1.239183e-15,2.480843e-05,30
2.050,17,fire,6,rise,3.145420e-21,1.239182e-15,1.239185e-15,2.480847e-05,30
2.050,17,fire,6,write,nan,nan,nan,nan,0
2.050,17,fire,6,fall,4.473032e-21,1.239438e-15,1.239442e-15,2.481359e-05,30
2.050,17,fire,7,rise,4.485777e-21,1.239440e-15,1.239445e-15,2.481365e-05,30
2.050,17,fire,7,write,nan,nan,nan,nan,0
2.050,17,fire,7,fall,5.732266e-21,1.239771e-15,1.239776e-15,2.482027e-05,30
2.050,17,fire,8,rise,5.744222e-21,1.239774e-15,1.239780e-15,2.482034e-05,30
2.050,17,fire,8,write,nan,nan,nan,nan,0
2.050,17,fire,8,fall,6.900285e-21,1.240174e-15,1.240181e-15,2.482835e-05,30
2.050,17,fire,9,rise,6.911229e-21,1.240178e-15,1.240185e-15,2.482843e-05,30
2.050,17,fire,9,write,nan,nan,nan,nan,0
2.050,17,fire,9,fall,-2.796857e-16,5.630329e-16,2.833472e-16,3.017369e-08,30
2.050,17,burst_read,0,burst_read,nan,nan,nan,nan,0
2.050,17,erase,0,rise,3.543440e-16,2.837074e-18,3.571810e-16,4.900597e-08,30
2.050,17,erase,0,hold,3.880784e-15,1.641473e-17,3.897199e-15,1.340514e-11,39
2.050,17,erase,0,fall,-1.574581e-15,8.645761e-20,-1.574495e-15,8.924793e-08,31
2.050,17,relax,0,hold,-5.506894e-17,-2.418852e-18,-5.748779e-17,-3.484745e-14,70
2.050,18,fire,1,rise,2.797552e-16,5.538781e-16,8.336334e-16,2.461085e-05,30
2.050,18,fire,1,write,nan,nan,nan,nan,0
2.050,18,fire,1,fall,6.716268e-22,1.238566e-15,1.238567e-15,2.479612e-05,30
2.050,18,fire,2,rise,6.779243e-22,1.238566e-15,1.238567e-15,2.479613e-05,30
2.050,18,fire,2,write,nan,nan,nan,nan,0
2.050,18,fire,2,fall,1.299309e-21,1.238637e-15,1.238638e-15,2.479755e-05,30
2.050,18,fire,3,rise,1.597613e-19,1.238690e-13,1.238692e-13,2.479978e-05,30
2.050,18,fire,3,write,nan,nan,nan,nan,0
2.050,18,fire,3,fall,2.439518e-21,1.238901e-15,1.238903e-15,2.480283e-05,30
2.050,18,fire,4,rise,2.444935e-21,1.238902e-15,1.238905e-15,2.480286e-05,30
2.050,18,fire,4,write,nan,nan,nan,nan,0
2.050,18,fire,4,fall,3.096978e-21,1.239093e-15,1.239096e-15,2.480669e-05,30
2.050,18,fire,5,rise,3.109614e-21,1.239095e-15,1.239098e-15,2.480673e-05,30
2.050,18,fire,5,write,nan,nan,nan,nan,0
2.050,18,fire,5,fall,4.437434e-21,1.239349e-15,1.239353e-15,2.481181e-05,30
2.050,18,fire,6,rise,4.450193e-21,1.239351e-15,1.239356e-15,2.481187e-05,30
2.050,18,fire,6,write,nan,nan,nan,nan,0
2.050,18,fire,6,fall,5.702362e-21,1.239680e-15,1.239685e-15,2.481845e-05,30
2.050,18,fire,7,rise,5.714457e-21,1.239683e-15,1.239689e-15,2.481852e-05,30
2.050,18,fire,7,write,nan,nan,nan,nan,0
2.050,18,fire,7,fall,6.883953e-21,1.240082e-15,1.240089e-15,2.482650e-05,30
2.050,18,fire,8,rise,6.895025e-21,1.240086e-15,1.240093e-15,2.482659e-05,30
2.050,18,fire,8,write,nan,nan,nan,nan,0
2.050,18,fire,8,fall,7.961558e-21,1.240548e-15,1.240556e-15,2.483585e-05,30
2.050,18,fire,9,rise,7.971618e-21,1.240553e-15,1.240561e-15,2.483595e-05,30
2.050,18,fire,9,write,nan,nan,nan,nan,0
2.050,18,fire,9,fall,-2.798193e-16,5.641872e-16,2.843679e-16,3.017752e-08,30
2.050,18,burst_read,0,burst_read,nan,nan,nan,nan,0
2.050,18,erase,0,rise,3.544053e-16,2.837565e-18,3.572429e-16,4.901042e-08,30
2.050,18,erase,0,hold,3.888256e-15,1.644544e-17,3.904701e-15,1.349023e-11,39
2.050,18,erase,0,fall,-1.588182e-15,1.319429e-19,-1.588050e-15,8.943333e-08,31
2.050,18,relax,0,hold,-5.449168e-17,-2.387967e-18,-5.687965e-17,-3.457163e-14,70
2.050,19,fire,1,rise,2.797008e-16,5.530014e-16,8.327021e-16,2.460422e-05,30
2.050,19,fire,1,write,nan,nan,nan,nan,0
2.050,19,fire,1,fall,4.778037e-22,1.238226e-15,1.238226e-15,2.478931e-05,30
2.050,19,fire,2,rise,4.822669e-22,1.238226e-15,1.238227e-15,2.478932e-05,30
2.050,19,fire,2,write,nan,nan,nan,nan,0
2.050,19,fire,2,fall,9.235672e-22,1.238273e-15,1.238274e-15,2.479026e-05,30
2.050,19,fire,3,rise,9.278385e-22,1.238274e-15,1.238275e-15,2.479027e-05,30
2.050,19,fire,3,write,nan,nan,nan,nan,0
2.050,19,fire,3,fall,1.348061e-21,1.238349e-15,1.238350e-15,2.479178e-05,30
2.050,19,fire,4,rise,1.352109e-21,1.238350e-15,1.238351e-15,2.479180e-05,30
2.050,19,fire,4,write,nan,nan,nan,nan,0
2.050,19,fire,4,fall,1.751051e-21,1.238452e-15,1.238454e-15,2.479385e-05,30
2.050,19,fire,5,rise,1.754988e-21,1.238453e-15,1.238455e-15,2.479387e-05,30
2.050,19,fire,5,write,nan,nan,nan,nan,0
2.050,19,fire,5,fall,2.352654e-21,1.238583e-15,1.238585e-15,2.479647e-05,30
2.050,19,fire,6,rise,2.364688e-21,1.238584e-15,1.238587e-15,2.479650e-05,30
2.050,19,fire,6,write,nan,nan,nan,nan,0
2.050,19,fire,6,fall,3.566635e-21,1.238770e-15,1.238773e-15,2.480021e-05,30
2.050,19,fire,7,rise,3.578153e-21,1.238772e-15,1.238775e-15,2.480026e-05,30
2.050,19,fire,7,write,nan,nan,nan,nan,0
2.050,19,fire,7,fall,4.886608e-21,1.239024e-15,1.239029e-15,2.480532e-05,30
2.050,19,fire,8,rise,4.904358e-21,1.239027e-15,1.239032e-15,2.480538e-05,30
2.050,19,fire,8,write,nan,nan,nan,nan,0
2.050,19,fire,8,fall,6.623826e-21,1.239381e-15,1.239388e-15,2.481248e-05,30
2.050,19,fire,9,rise,6.640096e-21,1.239385e-15,1.239392e-15,2.481256e-05,30
2.050,19,fire,9,write,nan,nan,nan,nan,0
2.050,19,fire,9,fall,-2.794381e-16,5.610872e-16,2.816491e-16,3.016979e-08,30
2.050,19,burst_read,0,burst_read,nan,nan,nan,nan,0
2.050,19,erase,0,rise,3.542886e-16,2.836637e-18,3.571253e-16,4.900187e-08,30
2.050,19,erase,0,hold,3.906027e-15,1.651953e-17,3.922546e-15,1.348387e-11,39
2.050,19,erase,0,fall,-1.589608e-15,1.322776e-19,-1.589476e-15,8.923921e-08,31
2.050,19,relax,0,hold,-5.486459e-17,-2.410119e-18,-5.727471e-17,-3.446124e-14,70
2.050,20,fire,1,rise,2.797560e-16,5.536894e-16,8.334454e-16,2.460953e-05,30
2.050,20,fire,1,write,nan,nan,nan,nan,0
2.050,20,fire,1,fall,4.786321e-22,1.238492e-15,1.238492e-15,2.479463e-05,30
2.050,20,fire,2,rise,4.831032e-22,1.238492e-15,1.238492e-15,2.479463e-05,30
2.050,20,fire,2,write,nan,nan,nan,nan,0
2.050,20,fire,2,fall,9.252032e-22,1.238539e-15,1.238540e-15,2.479558e-05,30
2.050,20,fire,3,rise,9.294825e-22,1.238539e-15,1.238540e-15,2.479559e-05,30
2.050,20,fire,3,write,nan,nan,nan,nan,0
2.050,20,fire,3,fall,1.350503e-21,1.238615e-15,1.238616e-15,2.479710e-05,30
2.050,20,fire,4,rise,1.354558e-21,1.238616e-15,1.238617e-15,2.479712e-05,30
2.050,20,fire,4,write,nan,nan,nan,nan,0
2.050,20,fire,4,fall,1.753718e-21,1.238718e-15,1.238719e-15,2.479916e-05,30
2.050,20,fire,5,rise,1.757660e-21,1.238719e-15,1.238721e-15,2.479919e-05,30
2.050,20,fire,5,write,nan,nan,nan,nan,0
2.050,20,fire,5,fall,2.301995e-21,1.238848e-15,1.238850e-15,2.480177e-05,30
2.050,20,fire,6,rise,2.313745e-21,1.238849e-15,1.238852e-15,2.480180e-05,30
2.050,20,fire,6,write,nan,nan,nan,nan,0
2.050,20,fire,6,fall,3.510237e-21,1.239031e-15,1.239035e-15,2.480545e-05,30
2.050,20,fire,7,rise,3.521728e-21,1.239033e-15,1.239037e-15,2.480550e-05,30
2.050,20,fire,7,write,nan,nan,nan,nan,0
2.050,20,fire,7,fall,4.794983e-21,1.239282e-15,1.239287e-15,2.481048e-05,30
2.050,20,fire,8,rise,4.812601e-21,1.239285e-15,1.239290e-15,2.481053e-05,30
2.050,20,fire,8,write,nan,nan,nan,nan,0
2.050,20,fire,8,fall,6.525584e-21,1.239633e-15,1.239639e-15,2.481751e-05,30
2.050,20,fire,9,rise,6.541797e-21,1.239637e-15,1.239643e-15,2.481759e-05,30
2.050,20,fire,9,write,nan,nan,nan,nan,0
2.050,20,fire,9,fall,-2.795120e-16,5.617147e-16,2.822028e-16,3.017155e-08,30
2.050,20,burst_read,0,burst_read,nan,nan,nan,nan,0
2.050,20,erase,0,rise,3.543124e-16,2.836826e-18,3.571492e-16,4.900359e-08,30
2.050,20,erase,0,hold,3.919151e-15,1.657404e-17,3.935725e-15,1.352987e-11,39
2.050,20,erase,0,fall,-1.651974e-15,-9.597292e-19,-1.652934e-15,1.053065e-09,30
2.050,20,relax,0,hold,-5.536787e-17,-2.444064e-18,-5.781194e-17,-3.440694e-14,70
