****************************************************************************
***                           Sentaurus Device                           ***
***                          Version V-2023.12                           ***
***                      (2.8515123, x86_64, Linux)                      ***
***                                                                      ***
***                       Copyright (C) 1994-2023                        ***
***                            Synopsys, Inc.                            ***
***                                                                      ***
***  This software and the associated documentation are confidential     ***
***  and proprietary to Synopsys, Inc.  Your use or disclosure of this   ***
***  software is subject to the terms and conditions of a written        ***
***  license agreement between you, or your company, and Synopsys, Inc.  ***
****************************************************************************

	Running on machine with the following configuration:
	Host Name: hostname1
	Operating System: Linux rel. 3.10.0-514.el7.x86_64 ver. #1 SMP Tue Nov 22 16:42:41 UTC 2016
	Machine Type: x86_64
	Process ID: 115646
	Number of processors: 16
	Domain Name: (none)
	Date: Tue Mar 24 21:19:55 2026  (BDT)

Tue Mar 24 21:19:55 2026: checked out 1 sdevice license(s)
Parsing circuit file /home/du/Sentaurus/sentaurus/V-2023.12/bin/../tcad/current/linux64/lib/sdevice/sd_hb_sRL.ccf
Parsing circuit file /home/du/Sentaurus/sentaurus/V-2023.12/bin/../tcad/current/linux64/lib/sdevice/sd_hb_vsource2.ccf
Parsing circuit file /home/du/Sentaurus/sentaurus/V-2023.12/bin/../tcad/current/linux64/lib/sdevice/sd_hb_vsource.ccf
Parsing circuit file /home/du/Sentaurus/sentaurus/V-2023.12/bin/../tcad/current/linux64/lib/sdevice/sd_SRL1.ccf
Parsing circuit file /home/du/Sentaurus/sentaurus/V-2023.12/bin/../tcad/current/linux64/lib/sdevice/sd_hb_isource.ccf
Parsing circuit file /home/du/Sentaurus/sentaurus/V-2023.12/bin/../tcad/current/linux64/lib/sdevice/sd_hb_pGC.ccf
Parsing circuit file /home/du/Sentaurus/sentaurus/V-2023.12/bin/../tcad/current/linux64/lib/sdevice/sd_hb_isource2.ccf
Parsing circuit file /home/du/Sentaurus/sentaurus/V-2023.12/bin/../tcad/current/linux64/lib/sdevice/bs_psource.ccf
Parsing circuit file /home/du/Sentaurus/sentaurus/V-2023.12/bin/../tcad/current/linux64/lib/scm/ferroelectric.ccf
Parsing circuit file /home/du/Sentaurus/sentaurus/V-2023.12/bin/../tcad/current/linux64/lib/scm/satinductor.ccf
Parsing circuit file /home/du/Sentaurus/sentaurus/V-2023.12/bin/../tcad/current/linux64/lib/scm/MOS_harness.ccf
Loading shared object file /home/du/Sentaurus/sentaurus/V-2023.12/bin/../tcad/current/linux64/lib/scm/MOS_harness.so.linux64
Loading shared object file /home/du/Sentaurus/sentaurus/V-2023.12/bin/../tcad/current/linux64/lib/scm/satinductor.so.linux64
Loading shared object file /home/du/Sentaurus/sentaurus/V-2023.12/bin/../tcad/current/linux64/lib/scm/ferroelectric.so.linux64
Loading shared object file /home/du/Sentaurus/sentaurus/V-2023.12/bin/../tcad/current/linux64/lib/sdevice/bs_psource.so.linux64
Loading shared object file /home/du/Sentaurus/sentaurus/V-2023.12/bin/../tcad/current/linux64/lib/sdevice/sd_hb_isource2.so.linux64
Loading shared object file /home/du/Sentaurus/sentaurus/V-2023.12/bin/../tcad/current/linux64/lib/sdevice/sd_hb_pGC.so.linux64
Loading shared object file /home/du/Sentaurus/sentaurus/V-2023.12/bin/../tcad/current/linux64/lib/sdevice/sd_hb_isource.so.linux64
Loading shared object file /home/du/Sentaurus/sentaurus/V-2023.12/bin/../tcad/current/linux64/lib/sdevice/sd_SRL1.so.linux64
Loading shared object file /home/du/Sentaurus/sentaurus/V-2023.12/bin/../tcad/current/linux64/lib/sdevice/sd_hb_vsource.so.linux64
Loading shared object file /home/du/Sentaurus/sentaurus/V-2023.12/bin/../tcad/current/linux64/lib/sdevice/sd_hb_vsource2.so.linux64
Loading shared object file /home/du/Sentaurus/sentaurus/V-2023.12/bin/../tcad/current/linux64/lib/sdevice/sd_hb_sRL.so.linux64
Tue Mar 24 21:19:55 2026: checked out 1 sdevice-traps license(s)

Input source: pp3_des.cmd

===============================

Output file: n3_des.log


GlobalParameter {
}
no ACExtract file

PMIPath file: /home/du/Sentaurus/sentaurus/V-2023.12/bin/../tcad/current/linux64/lib/sdevice-35.2.8515123 /home/du/Sentaurus/sentaurus/V-2023.12/bin/../tcad/current/linux64/lib/sdevice

CMIPath file: /home/du/Sentaurus/sentaurus/V-2023.12/bin/../tcad/current/linux64/lib/sdevice /home/du/Sentaurus/sentaurus/V-2023.12/bin/../tcad/current/linux64/lib/scm

SPICEPath file: /home/du/Sentaurus/sentaurus/V-2023.12/bin/../tcad/current/lib/sdevice-35.2.8515123/spice

no DevicePath file

no CIRCUITSAVENAME file

no CIRCUITLOADNAME file

Numerical parameters:
  Absolute error : 
    Poisson : 1.0000e-03
    eqPoisson : 1.0000e-03
    Electron : 1.0000e-05
    Hole : 1.0000e-05
    Photon-Rate-Equation : 1.0000e-07
    Photon-Phase-Equation : 1.0000e-05
    Rate-Stabilize-Equation : 1.0000e-07
    QW-Scattering-Equations : 1.0000e-05
    QW-eScattering-Equation : 1.0000e-05
    QW-hScattering-Equation : 1.0000e-05
    Optical Problem : 1.0000e-03
    Wavelength : 1.0000e-03
    Bandstructure : 1.0000e-03
    EmissionTable : 1.0000e-03
    DephasingRates : 1.0000e-03
    Photon Recycling : 1.0000e-03
    Electron-Temperature : 1.0000e-04
    Hole-Temperature : 1.0000e-04
    Lattice-Hole-Electron-Temperature : 1.0000e-03
    Circuit : 1.0000e-03
    TCircuit : 1.0000e-03
    Contact : 1.0000e-03
    TContact : 1.0000e-03
    Continuation : 1.0000e-03
    eLaplace : 1.0000e-03
    hLaplace : 1.0000e-03
    tLaplace : 1.0000e-03
    electron quasi-fermi-potential : 1.0000e-03
    hole quasi-fermi-potential : 1.0000e-03
    MonteCarlo : 1.0000e-03
    MCPoissonPDE : 1.0000e-03
    eQuantumPotential : 1.0000e-03
    hQuantumPotential : 1.0000e-03
    quasi-fermi-potential : 1.0000e-03
    ConductiveInsulator : 1.0000e-03
    ContactAndConductiveInsulator : 1.0000e-03
    SingletExciton : 1.0000e-05
    FEPolarization : 1.0000e-05
    FEPolarizationX : 1.0000e-05
    FEPolarizationY : 1.0000e-05
    FEPolarizationZ : 1.0000e-05
    FEPolDivFree : 1.0000e-03
    eHopping : 1.0000e-03
    hHopping : 1.0000e-03
    HydrogenAtom : 1.0000e-03
    HydrogenMolecule : 1.0000e-03
    HydrogenIon : 1.0000e-03
    HydrogenSpeciesA : 1.0000e-03
    HydrogenSpeciesB : 1.0000e-03
    HydrogenSpeciesC : 1.0000e-03
    HydrogenSiliconBondOccupation : 1.0000e-03
    TrapPDE : 1.0000e-03
    eSHEDistribution : 1.0000e-03
    hSHEDistribution : 1.0000e-03
    Landau-Lifshitz-Gilbert[theta] : 1.0000e-03
    Landau-Lifshitz-Gilbert[phi] : 1.0000e-03
    Landau-Lifshitz-Gilbert[x] : 1.0000e-03
    Landau-Lifshitz-Gilbert[y] : 1.0000e-03
    Landau-Lifshitz-Gilbert[z] : 1.0000e-03
    Mechanics : 1.0000e-03
    ExternalTransportSolver : 1.0000e-03
    ReactionDiffusionPDE : 1.0000e-03
    eDensity_Valley1 : 1.0000e-05
    eDensity_Valley2 : 1.0000e-05
    eDensity_Valley3 : 1.0000e-05
    eDensity_Valley4 : 1.0000e-05
    hDensity_Valley1 : 1.0000e-05
    hDensity_Valley2 : 1.0000e-05
    hDensity_Valley3 : 1.0000e-05
    hDensity_Valley4 : 1.0000e-05
    eMVTransitionRate : 1.0000e-05
    hMVTransitionRate : 1.0000e-05
  RelErrControl (Reference error): 
    Poisson : 0.025852
    eqPoisson : 1
    Electron : 1.0000e+10
    Hole : 1.0000e+10
    Photon-Rate-Equation : 1.0000e-07
    Photon-Phase-Equation : 1
    Rate-Stabilize-Equation : 1.0000e-07
    QW-Scattering-Equations : 1.0000e+10
    QW-eScattering-Equation : 1.0000e+10
    QW-hScattering-Equation : 1.0000e+10
    Optical Problem : 1
    Wavelength : 1
    Bandstructure : 1
    EmissionTable : 1
    DephasingRates : 1
    Photon Recycling : 1
    Electron-Temperature : 3.0000e+02
    Hole-Temperature : 3.0000e+02
    Lattice-Hole-Electron-Temperature : 3.0000e+02
    Circuit : 1
    TCircuit : 1
    Contact : 0.025852
    TContact : 1
    Continuation : 1
    eLaplace : 1
    hLaplace : 1
    tLaplace : 1
    electron quasi-fermi-potential : 0.025852
    hole quasi-fermi-potential : 0.025852
    MonteCarlo : 1
    MCPoissonPDE : 1
    eQuantumPotential : 0.025852
    hQuantumPotential : 0.025852
    quasi-fermi-potential : 0.025852
    ConductiveInsulator : 1
    ContactAndConductiveInsulator : 1
    SingletExciton : 1.0000e+10
    FEPolarization : 0.025852
    FEPolarizationX : 0.025852
    FEPolarizationY : 0.025852
    FEPolarizationZ : 0.025852
    FEPolDivFree : 1
    eHopping : 0.025852
    hHopping : 0.025852
    HydrogenAtom : 1.0000e+10
    HydrogenMolecule : 1.0000e+10
    HydrogenIon : 1.0000e+10
    HydrogenSpeciesA : 1.0000e+10
    HydrogenSpeciesB : 1.0000e+10
    HydrogenSpeciesC : 1.0000e+10
    HydrogenSiliconBondOccupation : 1
    TrapPDE : 1.0000e-05
    eSHEDistribution : 0.025852
    hSHEDistribution : 0.025852
    Landau-Lifshitz-Gilbert[theta] : 1
    Landau-Lifshitz-Gilbert[phi] : 1
    Landau-Lifshitz-Gilbert[x] : 1
    Landau-Lifshitz-Gilbert[y] : 1
    Landau-Lifshitz-Gilbert[z] : 1
    Mechanics : 1
    ExternalTransportSolver : 1
    ReactionDiffusionPDE : 1
    eDensity_Valley1 : 1.0000e+10
    eDensity_Valley2 : 1.0000e+10
    eDensity_Valley3 : 1.0000e+10
    eDensity_Valley4 : 1.0000e+10
    hDensity_Valley1 : 1.0000e+10
    hDensity_Valley2 : 1.0000e+10
    hDensity_Valley3 : 1.0000e+10
    hDensity_Valley4 : 1.0000e+10
    eMVTransitionRate : 1.0000e+10
    hMVTransitionRate : 1.0000e+10
  Relative error : 5 digits
  Without checked transient error
  Max. #iterations : 50
  LineSearchDamping=1
  #undamped iterations : 100
  No incomplete Newton
  transient method : Backward Euler
  Linear solver : blocked decomposition
  Linear solver for AC analysis : blocked decomposition
  Linear solver for SHEDistribution Model : Super
  use linear extrapolation in transient/quasistationary computations
  use complex supernodal in ac-analysis (if possible)
  do not use smoothed PDE's in transient/quasistationary computations
  use automatic coupling of contact/circuit stuff
  Spice temperature: 3.0015e+02
  Spice nominal temperature of parameter measurements: 3.0015e+02
  Spice minimum conductance gmin: 1.0000e-12
  Use 64 bit (double) normal precision floating point arithmetic.
  Mininum |rhs| : 1.0000e-05
  Maximum |rhs| (transient): 1.0000e+15
  Maximum |rhs| (non-transient): 1.0000e+100
  Maximum |rhs| factor : 1.0000e+10
  Maximum |rhs| factor1 : 1.0000e+100
  Lattice Temperature Range : (50,5.0000e+03)
  Carrier Temperature Range : (10,8.0000e+04)
  SHESORError : 0.0000e+00
  Simplified first order SHE of BTE will be solved
  SHERefinementCutoff : 20
  No user dependencies.
  Number of assembly threads: 1 (command line max_threads)
  Number of solver threads: 1 (command line max_threads)
  Thread stacksize: 1000000 bytes (default)
  Go serial if not enough parallel licenses are available.
  Model: Math  Switched on
    Parameter: FEPolarizationIP = 1

Default device parameters:
  Electrodes:
    "source_contact" : 0.0000e+00 V (Ohmic), area factor : 1
    "drain_contact" : 0.0000e+00 V (Ohmic), area factor : 1
    "gate_contact" : 0.0000e+00 V (Ohmic, WorkFunction = 4.35 eV), area factor : 1
  RayTrace Boundaries:
  Files:
    no Boundary file
    Grid file: n1_msh.tdr
    no Doping file
    no MobilityDoping file
    MIMCurrent file: pp3_des_mimcur_des.plt
    no MIMDefects file
    no InitialDefects file
    no CyclicNorm file
    no MIMBand file
    MIMSensitivity file: pp3_des_mimsa_des.tdr
    no Load file
    no Save file
    Plot file: n3_des.tdr
    no DevFieldsName file
    AutoNewtonPlot file: n3_des_%ld_des.tdr
    no Path file
    no Lifetime file
    no Temperature file
    Current file: n3_des.plt
    no PMIUserFields file
    no Extraction file
    ModelParameters file: sdevice_gaafet_lif.par
    ParameterPath directories: 
    no Piezo file
    no mcDOS file
    no ModeGain file
    no Optical emission table for stimulated emission file
    no Optical emission table for spontaneous emission file
    no Optical emission table for photon phase change coefficient file
    no EmissionTable file
    no DephasingRates file
    no OpticalFarField file
    no OpticalIntensityPattern file
    no SaveOpticalIntensityPattern file
    no IlluminationSpectrum file
    no SpectralPlot file
    no OpticalSolverInput file
    no OpticalGenerationInput file
    no OpticalGenerationOutuput file
    no OptGenTransientScaling file
    no MonteCarloInput file
    no MonteCarloOutput file
    no ACPlot file
-----------------------------------------------
  Numerical parameters:
    With avalanche derivatives
    Using New Plot Names
    Using old wavelength search algorithm
    Do not reinitialize quasi Fermi potentials in quasi-stationary simulations
    Ignore ionization integral constraints
    Without diagonal preconditioning
    With Scharfetter-Gummel Discretization
    Relative error : 5 digits
    Delta for numerical tunnelling derivatives : 1.0000e-03
    Linear solver (submethod) : Pardiso
    Do not compute breakdown paths, ionization integrals, and Off-state Breakdown Analysis (OBA)
    QuasiFermiPotential is used for Contact Equation
    With usage of best vertex in element (maximum element-vertex volume angle) for impact ionization models
    Model: Math  Switched on
      Parameter: ComputeGradQuasiFermiAtContacts = UseQuasiFermi
      Parameter: RefDens_eGradQuasiFermi_ElectricField_HFS = 1e+12 cm^-3
      Parameter: RefDens_hGradQuasiFermi_ElectricField_HFS = 1e+12 cm^-3
-----------------------------------------------
-----------------------------------------------
  Physical models:
    Without incomplete ionization
    Use Si parameters
    TATNonlocalPathNC = 0.0000e+00
    With SRH-Recombination
      Without field dependent lifetimes
      With doping dependent lifetimes
      With temperature dependent lifetimes (power law)
    Without CDL-Recombination
    With optical generation computation 
    With Band-to-Band Tunneling
      Hurkx model: A*D(n,p,T)*E^P*exp(-B(T)/E)
    With Auger-Recombination (without Generation)
    Without Radiative Recombination
    Without Surface-Recombination
    Without Trap-Assisted-Auger-Recombination
    PMI recombination models: none
    Without thermal resistance interfaces
    Without distributed resistance interfaces for electrons
    Without distributed resistance interfaces for holes
    Without Piezo
    Without Anisotropic Material Properties
    Without Avalanche-Generation 
    Without Alpha Particle
    Without Heavy Ion
    Without polarization
    Volume charge density: 0.0000e+00 cm^-3
    Device Temperature = 3.0000e+02 K
    Electron Quasi Fermi Potential: 0.0000e+00 V
    Hole Quasi Fermi Potential: 0.0000e+00 V
    Without MagneticField
    With SingletExciton Barrier Type
    Fermi Statistic 
    Intrinsic density models:
      default bandgap model
      Bandgap narrowing model: OldSlotboom with bandgap narrowing (Fermi)
    default affinity model
    default effective mass model
    Electron mobility:
      Philips unified mobility
      no Carrier-Carrier scattering
      no bulk trap Coulomb scattering 
      E_normal dependence:
        Lombardi
      Without ThinLayer mobility model
      no high-field saturation
      Einstein relation for diffusivity-mobility ratio
      no band tail high-field mobility
    Hole mobility:
      Philips unified mobility
      no Carrier-Carrier scattering
      no bulk trap Coulomb scattering 
      E_normal dependence:
        Lombardi
      Without ThinLayer mobility model
      no high-field saturation
      Einstein relation for diffusivity-mobility ratio
      no band tail high-field mobility
    DeviceAreaFactor = 0.071
    Energy relaxation time model: according to formula in parameter file
    Schottky resistance model: default bult-in model
    Lattice thermal conductivity model: according to formula in parameter file
    Metal Resistivity model: according to formula in parameter file
    Thermo Electric Power model: extraploted Si data
    Metal Thermo Electric Power model: MetalThermoElectricPower model not defined
    Lattice heat capacity model: temperature dependent
    no piezoelectric polarization model
    Without default parameters from file (use built-in default parameters)
-----------------------------------------------
- - - - - - - - - - - - - - - - - - - - - - - - 
  The following Physical models were changed
              for Material = 'HZO'
    Without thermal resistance interfaces
    Without distributed resistance interfaces for electrons
    Without distributed resistance interfaces for holes
    With polarization
      Ferroelectric Memory = 10
Ferroelectric Initial Polarization = [0.0000e+00,0.0000e+00,0.0000e+00,] C/cm^2
- - - - - - - - - - - - - - - - - - - - - - - -
- - - - - - - - - - - - - - - - - - - - - - - - 
  The following Physical models have been specified
              for Interface = 'Silicon/SiO2'
    Without thermal resistance interfaces
    Without distributed resistance interfaces for electrons
    Without distributed resistance interfaces for holes
    With Interface Traps:
      FixedCharge Concentration = 4.0000e+12 cm^-2
- - - - - - - - - - - - - - - - - - - - - - - -
  Process information for extraction purposes:
    none
  Plot variables:
    eDensity
    hDensity
    TotalCurrentDensity/Vector
    ElectricField/Vector
    ElectrostaticPotential
    SpaceCharge
    ConductionBandEnergy
    ValenceBandEnergy
    DopingConcentration
    Polarization/Vector
    BandGap
    SRHRecombination
    AugerRecombination
    eMobility
    hMobility

------------------------------------------------
  NoisePlot variables:
    none
  Plot groups:
    none

------------------------------------------------
  CurrentPlot variables:
    Polarization/Vector/Position(0,0.0145,0)
    ElectricField/Vector/Position(0,0.0145,0)
Devices:
Systems:
Solve :
Transient (
      Max. #iterations : 50, 
      Initial step : 1.0000e-09 s,       Minimum step : 1.0000e-15 s, Maximum step : 1 s, 
      Initial time : 0.0000e+00 s, Final time : 1 s, 
    )
  {
     Poisson
  }
Quasistationary ( Digits : 5, Max. #iterations : 50, 
      Initial step in t : 0.01, 
      Minimum step in t : 1.0000e-06, Maximum step in t : 0.1, 
      Increment : 2, Decrement : 2, 
      Goal values :
        Contact drain_contact : 0.05V
    )
  {
    Coupled ( Digits : 5, Max. #iterations : 100, 
        Solver : blocked decomposition,
        #undamped iterations : 100 
        )
        { Poisson Electron Hole } 
  }
Transient (
      Max. #iterations : 50, 
      Initial step : 1.0000e-03 s,       Minimum step : 1.0000e-07 s, Maximum step : 0.05 s, 
      Initial time : 0.0000e+00 s, Final time : 1.0000e-09 s, 
      Goal values :
        Contact gate_contact : 0.3V
    )
  {
    Coupled ( Digits : 5, Max. #iterations : 100, 
        Solver : blocked decomposition,
        #undamped iterations : 100 
        )
        { Poisson Electron Hole } 
    CurrentPlot (
         Time (fixed times:
             0.0000e+00 2.0000e-11 4.0000e-11 6.0000e-11 8.0000e-11
             1.0000e-10 1.2000e-10 1.4000e-10 1.6000e-10 1.8000e-10
             2.0000e-10 2.2000e-10 2.4000e-10 2.6000e-10 2.8000e-10
             3.0000e-10 3.2000e-10 3.4000e-10 3.6000e-10 3.8000e-10
             4.0000e-10 4.2000e-10 4.4000e-10 4.6000e-10 4.8000e-10
             5.0000e-10 5.2000e-10 5.4000e-10 5.6000e-10 5.8000e-10
             6.0000e-10 6.2000e-10 6.4000e-10 6.6000e-10 6.8000e-10
             7.0000e-10 7.2000e-10 7.4000e-10 7.6000e-10 7.8000e-10
             8.0000e-10 8.2000e-10 8.4000e-10 8.6000e-10 8.8000e-10
             9.0000e-10 9.2000e-10 9.4000e-10 9.6000e-10 9.8000e-10
             1.0000e-09) )
      { }
  }
Transient (
      Max. #iterations : 50, 
      Initial step : 1.0000e-03 s,       Minimum step : 1.0000e-07 s, Maximum step : 0.05 s, 
      Initial time : 1.0000e-09 s, Final time : 2.0000e-09 s, 
      Goal values :
        Contact gate_contact : 0.0000e+00V
    )
  {
    Coupled ( Digits : 5, Max. #iterations : 100, 
        Solver : blocked decomposition,
        #undamped iterations : 100 
        )
        { Poisson Electron Hole } 
    CurrentPlot (
         Time (fixed times:
             1.0000e-09 1.0200e-09 1.0400e-09 1.0600e-09 1.0800e-09
             1.1000e-09 1.1200e-09 1.1400e-09 1.1600e-09 1.1800e-09
             1.2000e-09 1.2200e-09 1.2400e-09 1.2600e-09 1.2800e-09
             1.3000e-09 1.3200e-09 1.3400e-09 1.3600e-09 1.3800e-09
             1.4000e-09 1.4200e-09 1.4400e-09 1.4600e-09 1.4800e-09
             1.5000e-09 1.5200e-09 1.5400e-09 1.5600e-09 1.5800e-09
             1.6000e-09 1.6200e-09 1.6400e-09 1.6600e-09 1.6800e-09
             1.7000e-09 1.7200e-09 1.7400e-09 1.7600e-09 1.7800e-09
             1.8000e-09 1.8200e-09 1.8400e-09 1.8600e-09 1.8800e-09
             1.9000e-09 1.9200e-09 1.9400e-09 1.9600e-09 1.9800e-09
             2.0000e-09) )
      { }
  }
Transient (
      Max. #iterations : 50, 
      Initial step : 1.0000e-03 s,       Minimum step : 1.0000e-07 s, Maximum step : 0.05 s, 
      Initial time : 2.0000e-09 s, Final time : 3.0000e-09 s, 
      Goal values :
        Contact gate_contact : 1V
    )
  {
    Coupled ( Digits : 5, Max. #iterations : 100, 
        Solver : blocked decomposition,
        #undamped iterations : 100 
        )
        { Poisson Electron Hole } 
    CurrentPlot (
         Time (fixed times:
             2.0000e-09 2.0200e-09 2.0400e-09 2.0600e-09 2.0800e-09
             2.1000e-09 2.1200e-09 2.1400e-09 2.1600e-09 2.1800e-09
             2.2000e-09 2.2200e-09 2.2400e-09 2.2600e-09 2.2800e-09
             2.3000e-09 2.3200e-09 2.3400e-09 2.3600e-09 2.3800e-09
             2.4000e-09 2.4200e-09 2.4400e-09 2.4600e-09 2.4800e-09
             2.5000e-09 2.5200e-09 2.5400e-09 2.5600e-09 2.5800e-09
             2.6000e-09 2.6200e-09 2.6400e-09 2.6600e-09 2.6800e-09
             2.7000e-09 2.7200e-09 2.7400e-09 2.7600e-09 2.7800e-09
             2.8000e-09 2.8200e-09 2.8400e-09 2.8600e-09 2.8800e-09
             2.9000e-09 2.9200e-09 2.9400e-09 2.9600e-09 2.9800e-09
             3.0000e-09) )
      { }
  }
Transient (
      Max. #iterations : 50, 
      Initial step : 1.0000e-10 s,       Minimum step : 1.0000e-15 s, Maximum step : 1.0000e-08 s, 
      Initial time : 3.0000e-09 s, Final time : 1.0300e-07 s, 
    )
  {
    Coupled ( Digits : 5, Max. #iterations : 100, 
        Solver : blocked decomposition,
        #undamped iterations : 100 
        )
        { Poisson Electron Hole } 
    CurrentPlot (
         Time (fixed times:
             3.0000e-09 4.0000e-09 5.0000e-09 6.0000e-09 7.0000e-09
             8.0000e-09 9.0000e-09 1.0000e-08 1.1000e-08 1.2000e-08
             1.3000e-08 1.4000e-08 1.5000e-08 1.6000e-08 1.7000e-08
             1.8000e-08 1.9000e-08 2.0000e-08 2.1000e-08 2.2000e-08
             2.3000e-08 2.4000e-08 2.5000e-08 2.6000e-08 2.7000e-08
             2.8000e-08 2.9000e-08 3.0000e-08 3.1000e-08 3.2000e-08
             3.3000e-08 3.4000e-08 3.5000e-08 3.6000e-08 3.7000e-08
             3.8000e-08 3.9000e-08 4.0000e-08 4.1000e-08 4.2000e-08
             4.3000e-08 4.4000e-08 4.5000e-08 4.6000e-08 4.7000e-08
             4.8000e-08 4.9000e-08 5.0000e-08 5.1000e-08 5.2000e-08
             5.3000e-08 5.4000e-08 5.5000e-08 5.6000e-08 5.7000e-08
             5.8000e-08 5.9000e-08 6.0000e-08 6.1000e-08 6.2000e-08
             6.3000e-08 6.4000e-08 6.5000e-08 6.6000e-08 6.7000e-08
             6.8000e-08 6.9000e-08 7.0000e-08 7.1000e-08 7.2000e-08
             7.3000e-08 7.4000e-08 7.5000e-08 7.6000e-08 7.7000e-08
             7.8000e-08 7.9000e-08 8.0000e-08 8.1000e-08 8.2000e-08
             8.3000e-08 8.4000e-08 8.5000e-08 8.6000e-08 8.7000e-08
             8.8000e-08 8.9000e-08 9.0000e-08 9.1000e-08 9.2000e-08
             9.3000e-08 9.4000e-08 9.5000e-08 9.6000e-08 9.7000e-08
             9.8000e-08 9.9000e-08 1.0000e-07 1.0100e-07 1.0200e-07
             1.0300e-07) )
      { }
  }
Transient (
      Max. #iterations : 50, 
      Initial step : 1.0000e-03 s,       Minimum step : 1.0000e-07 s, Maximum step : 0.05 s, 
      Initial time : 1.0300e-07 s, Final time : 1.0400e-07 s, 
      Goal values :
        Contact gate_contact : 0.0000e+00V
    )
  {
    Coupled ( Digits : 5, Max. #iterations : 100, 
        Solver : blocked decomposition,
        #undamped iterations : 100 
        )
        { Poisson Electron Hole } 
    CurrentPlot (
         Time (fixed times:
             1.0300e-07 1.0302e-07 1.0304e-07 1.0306e-07 1.0308e-07
             1.0310e-07 1.0312e-07 1.0314e-07 1.0316e-07 1.0318e-07
             1.0320e-07 1.0322e-07 1.0324e-07 1.0326e-07 1.0328e-07
             1.0330e-07 1.0332e-07 1.0334e-07 1.0336e-07 1.0338e-07
             1.0340e-07 1.0342e-07 1.0344e-07 1.0346e-07 1.0348e-07
             1.0350e-07 1.0352e-07 1.0354e-07 1.0356e-07 1.0358e-07
             1.0360e-07 1.0362e-07 1.0364e-07 1.0366e-07 1.0368e-07
             1.0370e-07 1.0372e-07 1.0374e-07 1.0376e-07 1.0378e-07
             1.0380e-07 1.0382e-07 1.0384e-07 1.0386e-07 1.0388e-07
             1.0390e-07 1.0392e-07 1.0394e-07 1.0396e-07 1.0398e-07
             1.0400e-07) )
      { }
  }
Transient (
      Max. #iterations : 50, 
      Initial step : 1.0000e-03 s,       Minimum step : 1.0000e-07 s, Maximum step : 0.05 s, 
      Initial time : 1.0400e-07 s, Final time : 1.0500e-07 s, 
      Goal values :
        Contact gate_contact : 0.3V
    )
  {
    Coupled ( Digits : 5, Max. #iterations : 100, 
        Solver : blocked decomposition,
        #undamped iterations : 100 
        )
        { Poisson Electron Hole } 
    CurrentPlot (
         Time (fixed times:
             1.0400e-07 1.0402e-07 1.0404e-07 1.0406e-07 1.0408e-07
             1.0410e-07 1.0412e-07 1.0414e-07 1.0416e-07 1.0418e-07
             1.0420e-07 1.0422e-07 1.0424e-07 1.0426e-07 1.0428e-07
             1.0430e-07 1.0432e-07 1.0434e-07 1.0436e-07 1.0438e-07
             1.0440e-07 1.0442e-07 1.0444e-07 1.0446e-07 1.0448e-07
             1.0450e-07 1.0452e-07 1.0454e-07 1.0456e-07 1.0458e-07
             1.0460e-07 1.0462e-07 1.0464e-07 1.0466e-07 1.0468e-07
             1.0470e-07 1.0472e-07 1.0474e-07 1.0476e-07 1.0478e-07
             1.0480e-07 1.0482e-07 1.0484e-07 1.0486e-07 1.0488e-07
             1.0490e-07 1.0492e-07 1.0494e-07 1.0496e-07 1.0498e-07
             1.0500e-07) )
      { }
  }
Transient (
      Max. #iterations : 50, 
      Initial step : 1.0000e-03 s,       Minimum step : 1.0000e-07 s, Maximum step : 0.05 s, 
      Initial time : 1.0500e-07 s, Final time : 1.0600e-07 s, 
      Goal values :
        Contact gate_contact : 0.0000e+00V
    )
  {
    Coupled ( Digits : 5, Max. #iterations : 100, 
        Solver : blocked decomposition,
        #undamped iterations : 100 
        )
        { Poisson Electron Hole } 
    CurrentPlot (
         Time (fixed times:
             1.0500e-07 1.0502e-07 1.0504e-07 1.0506e-07 1.0508e-07
             1.0510e-07 1.0512e-07 1.0514e-07 1.0516e-07 1.0518e-07
             1.0520e-07 1.0522e-07 1.0524e-07 1.0526e-07 1.0528e-07
             1.0530e-07 1.0532e-07 1.0534e-07 1.0536e-07 1.0538e-07
             1.0540e-07 1.0542e-07 1.0544e-07 1.0546e-07 1.0548e-07
             1.0550e-07 1.0552e-07 1.0554e-07 1.0556e-07 1.0558e-07
             1.0560e-07 1.0562e-07 1.0564e-07 1.0566e-07 1.0568e-07
             1.0570e-07 1.0572e-07 1.0574e-07 1.0576e-07 1.0578e-07
             1.0580e-07 1.0582e-07 1.0584e-07 1.0586e-07 1.0588e-07
             1.0590e-07 1.0592e-07 1.0594e-07 1.0596e-07 1.0598e-07
             1.0600e-07) )
      { }
  }

===============================

Reading grid 'n1_msh.tdr' ... 
  coordinate system: UCS, 3d_sprocess (x is device down direction)
  use coordinate system as is (no transformation)
  TDR format
  Number of grid points is 1733.
done.

Adding interfaces and contacts .... done.

Computing edges ...
  Number of edges: 5074
done.
Computing boxes ...

  CVPL_AverageBoxMethod = TRUE 
   
  Boxmethod Parallel Computing: nbThreads = 1 

  Computing Delaunay coefficients ...   done.
  Delaunay coefficients time: (wallclock = 0.0000e+00 s, tcpu = 0.0000e+00 s)

  Parallel Computing Voronoi faces, coefficients, and measures ... 
  CVPL_Algorithm = TRUE 

    Computing Obtuse Elements ... 
     Obtuse Elements time:  tcpu = 0.0000e+00 s
      New Parameters time: (wallclock = 0.0000e+00 s, tcpu = 0.0000e+00 s)

Info for all regions (NumberOfRegions = 9):
        ElementWithMinVolume(  1396) Vertex0(   82)(-5.078125e-02,-7.500000e-03) Volume = 4.425049e-08 um3 (6.91e-06 from TotalVolume)
          ElementWithMinEdge(  1641) Vertex0(  600)(-4.921875e-02, 7.500000e-03) Length = 1.562500e-04 um
              MaxFlatElement(  3069) Vertex0( 1581)( 5.039063e-02, 6.125000e-03)  Angle = 6.296914e+01 degrees
         ElementWithMinAngle(  2560) Vertex0(  610)( 4.062500e-02,-7.500000e-03)  Angle = 2.862405e+00 degrees
   ElementWithMaxQualityEdge(  1653) Vertex0(  610)(-4.062500e-02, 7.500000e-03)    R/L = 1.001249e+01 
 ElementWithMaxQualityHeight(  1653) Vertex0(  610)(-4.062500e-02, 7.500000e-03)    R/H = 1.002500e+01 

Info for semiconductor regions (NumberOfRegions = 3):
        ElementWithMinVolume(  1396) Vertex0(   82)(-5.078125e-02,-7.500000e-03) Volume = 4.425049e-08 um3 (6.91e-06 from TotalVolume)
          ElementWithMinEdge(     8) Vertex0(  151)(-4.921875e-02,-7.500000e-03) Length = 2.265625e-04 um
              MaxFlatElement(  3069) Vertex0( 1581)( 5.039063e-02, 6.125000e-03)  Angle = 6.296914e+01 degrees
         ElementWithMinAngle(  1213) Vertex0(  203)( 4.062500e-02, 7.500000e-03)  Angle = 4.146689e+00 degrees
   ElementWithMaxQualityEdge(    79) Vertex0(  203)(-4.062500e-02,-7.500000e-03)    R/L = 6.914653e+00 
 ElementWithMaxQualityHeight(    79) Vertex0(  203)(-4.062500e-02,-7.500000e-03)    R/H = 6.932802e+00 

   NumberOfEdges              =   5074 
   NumberOfGeometricalEdges   =   5026 
   NumberOfDoubleEdges        =      0 
   MaxNumberOfEdgesPerVertex  =      9; vertex(66) = (-5.937500e-02,  0.000000e+00) [um]
   MaxNumberOfElementsPerEdge =      2; edge(0) = (87, 155) 
                                        vertex(87) = (-5.000000e-02, -7.273437e-03) [um]
                                        vertex(155) = (-4.921875e-02, -6.890625e-03) [um]

                        NumberOfVertices =   1781 
                        NumberOfElements =   3294 
                       NumberOfTriangles =   3294  (100.00 %)
                      NumberOfRectangles =      0  ( 0.00 %)
                  NumberOfObtuseElements =      0  ( 0.00 %)

  VertexWithMaxMeasure(  131)(-3.750000e-02,-2.450000e-02)
  MaxVertMeasure(1.409912e-05)/VertVolume(7.812500e-06) = 1.80e+00


/-------- Region non-Delaunay elements ------------------------------------------------------------------------------
 Region                   Volume      BoxMethodVolume  DeltaVolume  Elements  non-Delaunay      non-DelaunayVolume 
  name                     [um2]          [um2]           [%]                   Elements              [um2]   [%]   
 --------------------------------------------------------------------------------------------------------------------
 channel               1.5000000e-03  1.5000000e-03     2.3e-12      1276       0 ( 0.00 %)   0.0000000e+00 ( 0.0000) 
 source                7.5000000e-04  7.5000000e-04     2.6e-13       362       0 ( 0.00 %)   0.0000000e+00 ( 0.0000) 
 insulator_top         2.0000000e-04  2.0000000e-04     3.0e-13       288       0 ( 0.00 %)   0.0000000e+00 ( 0.0000) 
 ferroelectric_top     1.0000000e-03  1.0000000e-03     1.0e-12       332       0 ( 0.00 %)   0.0000000e+00 ( 0.0000) 
 gate_metal_top        5.0000000e-04  5.0000000e-04     1.6e-13        48       0 ( 0.00 %)   0.0000000e+00 ( 0.0000) 
 insulator_bottom      2.0000000e-04  2.0000000e-04     2.0e-13       288       0 ( 0.00 %)   0.0000000e+00 ( 0.0000) 
 ferroelectric_bottom  1.0000000e-03  1.0000000e-03     1.0e-12       332       0 ( 0.00 %)   0.0000000e+00 ( 0.0000) 
 drain                 7.5000000e-04  7.5000000e-04     6.8e-13       320       0 ( 0.00 %)   0.0000000e+00 ( 0.0000) 
 gate_metal_bottom     5.0000000e-04  5.0000000e-04     1.6e-13        48       0 ( 0.00 %)   0.0000000e+00 ( 0.0000) 
 ....................................................................................................................
 Total                 6.4000000e-03  6.4000000e-03     2.1e-12      3294       0 ( 0.00 %)   0.0000000e+00 ( 0.0000) 
\--------------------------------------------------------------------------------------------------------------------
    done.
  done.
  (times: wallclock = 0.0000e+00 s, tcpu = 0.0000e+00 s)
done.
Reading doping 'n1_msh.tdr' (TDR format) ...
done.
done.
Reading parameter file 'sdevice_gaafet_lif.par' ...
---------------------------------------------------
 Reading parameters for material "HfO2"
---------------------------------------------------

---------------------------------------------------
 Reading parameters for material "Silicon"
---------------------------------------------------

	Differences compared with default parameters:
	ConstMob(elec): mumax = 3.0000e+02, instead of: 1.4170e+03 [cm^2/(Vs)]
	Band2BandTunneling: Agen = 4.0000e+14, instead of: 3.5000e+21 [1/cm^3/sec]
	Band2BandTunneling: Bgen = 1.9000e+07, instead of: 2.2500e+07 [V/cm]
	Band2BandTunneling: Pgen = 2.5, instead of: 2 [1]
	Band2BandTunneling: Arec = 4.0000e+14, instead of: 3.5000e+21 [1/cm^3/sec]
	Band2BandTunneling: Brec = 1.9000e+07, instead of: 2.2500e+07 [V/cm]
	Band2BandTunneling: Prec = 2.5, instead of: 2 [1]
	Band2BandTunneling: Using parameter set (APath,BPath,Rpath,Ppath,Dcpath,Dvpath)

---------------------------------------------------
 Reading parameters for material "TiN"
---------------------------------------------------

---------------------------------------------------
 Reading parameters for material "HZO"
---------------------------------------------------

	Differences compared with default parameters:
	epsilon: epsilon = 33, instead of: 11.7 [1]
	Bandgap: Chi0 = 2, instead of: 4.05 [eV]
	Bandgap: Eg0 = 5.2, instead of: 1.16964 [eV]
	Polarization: P_r = (0.0000e+00, 1.6000e-05, 0.0000e+00) [C/cm^2],
		instead of: P_r = (0.0000e+00, 0.0000e+00, 0.0000e+00) [C/cm^2]
	Polarization: P_s = (0.0000e+00, 2.0000e-05, 0.0000e+00) [C/cm^2],
		instead of: P_s = (0.0000e+00, 0.0000e+00, 0.0000e+00) [C/cm^2]
	Polarization: F_c = (0.0000e+00, 1.2000e+06, 0.0000e+00) [V/cm],
		instead of: F_c = (0.0000e+00, 0.0000e+00, 0.0000e+00) [V/cm]
	Polarization: tau_E = (0.0000e+00, 1.0000e-06, 0.0000e+00) [s],
		instead of: tau_E = (0.0000e+00, 0.0000e+00, 0.0000e+00) [s]


=======
Region: "channel"
  (material is "Silicon")
=======
  Model: "Band2BandTunneling"
    Parameter "Agen" is modified from 3.5e+21 to 4e+14
    Parameter "Arec" is modified from 3.5e+21 to 4e+14
    Parameter "Bgen" is modified from 2.25e+07 to 1.9e+07
    Parameter "Brec" is modified from 2.25e+07 to 1.9e+07
    Parameter "Pgen" is modified from 2 to 2.5
    Parameter "Prec" is modified from 2 to 2.5
  Model: "ConstantMobility_electron"
    Parameter "mumax" is modified from 1417 to 300
  Using default lattice crystal coordinate system:
    effective LatticeParameters:
      X = (1, 0.0000e+00, 0.0000e+00)
      Y = (0.0000e+00, 1, 0.0000e+00)
      Z = (0.0000e+00, 0.0000e+00, 1)

=======
Region: "drain"
  (material is "Silicon")
=======
  Model: "Band2BandTunneling"
    Parameter "Agen" is modified from 3.5e+21 to 4e+14
    Parameter "Arec" is modified from 3.5e+21 to 4e+14
    Parameter "Bgen" is modified from 2.25e+07 to 1.9e+07
    Parameter "Brec" is modified from 2.25e+07 to 1.9e+07
    Parameter "Pgen" is modified from 2 to 2.5
    Parameter "Prec" is modified from 2 to 2.5
  Model: "ConstantMobility_electron"
    Parameter "mumax" is modified from 1417 to 300
  Using default lattice crystal coordinate system:
    effective LatticeParameters:
      X = (1, 0.0000e+00, 0.0000e+00)
      Y = (0.0000e+00, 1, 0.0000e+00)
      Z = (0.0000e+00, 0.0000e+00, 1)

=======
Region: "ferroelectric_bottom"
  (material is "HZO")
=======
  Model: "Bandgap"
    Parameter "Chi0" is modified from 4.05 to 2
    Parameter "Chi0_300" is modified from 4.07274 to 2.02274
    Parameter "Eg0" is modified from 1.16964 to 5.2
    Parameter "Eg0_300" is modified from 1.12416 to 5.15452
  Model: "Epsilon"
    Parameter "epsilon" is modified from 11.7 to 33
  Using default lattice crystal coordinate system:
    effective LatticeParameters:
      X = (1, 0.0000e+00, 0.0000e+00)
      Y = (0.0000e+00, 1, 0.0000e+00)
      Z = (0.0000e+00, 0.0000e+00, 1)

=======
Region: "ferroelectric_top"
  (material is "HZO")
=======
  Model: "Bandgap"
    Parameter "Chi0" is modified from 4.05 to 2
    Parameter "Chi0_300" is modified from 4.07274 to 2.02274
    Parameter "Eg0" is modified from 1.16964 to 5.2
    Parameter "Eg0_300" is modified from 1.12416 to 5.15452
  Model: "Epsilon"
    Parameter "epsilon" is modified from 11.7 to 33
  Using default lattice crystal coordinate system:
    effective LatticeParameters:
      X = (1, 0.0000e+00, 0.0000e+00)
      Y = (0.0000e+00, 1, 0.0000e+00)
      Z = (0.0000e+00, 0.0000e+00, 1)

=======
Region: "gate_metal_bottom"
  (material is "TiN")
=======
  Using default lattice crystal coordinate system:
    effective LatticeParameters:
      X = (1, 0.0000e+00, 0.0000e+00)
      Y = (0.0000e+00, 1, 0.0000e+00)
      Z = (0.0000e+00, 0.0000e+00, 1)
  Constants are not modified and equal to default ones

=======
Region: "gate_metal_top"
  (material is "TiN")
=======
  Using default lattice crystal coordinate system:
    effective LatticeParameters:
      X = (1, 0.0000e+00, 0.0000e+00)
      Y = (0.0000e+00, 1, 0.0000e+00)
      Z = (0.0000e+00, 0.0000e+00, 1)
  Constants are not modified and equal to default ones

=======
Region: "insulator_bottom"
  (material is "Oxide")
=======
  Using default lattice crystal coordinate system:
    effective LatticeParameters:
      X = (1, 0.0000e+00, 0.0000e+00)
      Y = (0.0000e+00, 1, 0.0000e+00)
      Z = (0.0000e+00, 0.0000e+00, 1)
  Constants are not modified and equal to default ones

=======
Region: "insulator_top"
  (material is "Oxide")
=======
  Using default lattice crystal coordinate system:
    effective LatticeParameters:
      X = (1, 0.0000e+00, 0.0000e+00)
      Y = (0.0000e+00, 1, 0.0000e+00)
      Z = (0.0000e+00, 0.0000e+00, 1)
  Constants are not modified and equal to default ones

=======
Region: "source"
  (material is "Silicon")
=======
  Model: "Band2BandTunneling"
    Parameter "Agen" is modified from 3.5e+21 to 4e+14
    Parameter "Arec" is modified from 3.5e+21 to 4e+14
    Parameter "Bgen" is modified from 2.25e+07 to 1.9e+07
    Parameter "Brec" is modified from 2.25e+07 to 1.9e+07
    Parameter "Pgen" is modified from 2 to 2.5
    Parameter "Prec" is modified from 2 to 2.5
  Model: "ConstantMobility_electron"
    Parameter "mumax" is modified from 1417 to 300
  Using default lattice crystal coordinate system:
    effective LatticeParameters:
      X = (1, 0.0000e+00, 0.0000e+00)
      Y = (0.0000e+00, 1, 0.0000e+00)
      Z = (0.0000e+00, 0.0000e+00, 1)

================
RegionInterface: "channel/drain"
  (material interface is "Silicon/Silicon")
================
  Constants are not modified and equal to default ones

================
RegionInterface: "channel/insulator_bottom"
  (material interface is "Silicon/Oxide")
================
  Constants are not modified and equal to default ones

================
RegionInterface: "channel/insulator_top"
  (material interface is "Silicon/Oxide")
================
  Constants are not modified and equal to default ones

================
RegionInterface: "channel/source"
  (material interface is "Silicon/Silicon")
================
  Constants are not modified and equal to default ones

================
RegionInterface: "ferroelectric_bottom/gate_metal_bottom"
  (material interface is "HZO/TiN")
================
  Constants are not modified and equal to default ones

================
RegionInterface: "insulator_bottom/ferroelectric_bottom"
  (material interface is "Oxide/HZO")
================
  Constants are not modified and equal to default ones

================
RegionInterface: "ferroelectric_top/gate_metal_top"
  (material interface is "HZO/TiN")
================
  Constants are not modified and equal to default ones

================
RegionInterface: "insulator_top/ferroelectric_top"
  (material interface is "Oxide/HZO")
================
  Constants are not modified and equal to default ones

==========
Electrode: "drain_contact"
==========
  Constants are not modified and equal to default ones

==========
Electrode: "gate_contact"
==========
  Constants are not modified and equal to default ones

==========
Electrode: "source_contact"
==========
  Constants are not modified and equal to default ones


Acceptor and donor concentrations (AcceptorConcentration, DonorConcentration):
    computed based on the following species from the doping file:
        ArsenicActiveConcentration (donor)
        BoronActiveConcentration (acceptor)
Net doping concentration (DopingConcentration):
    obtained from doping file
Total doping concentration (TotalConcentration):
    recomputed from acceptor and donor concentrations



With Constant Reference Potential:
  Parameters of Reference Semiconductor:
    The Electron Affinity: 4.07274
    The Band Gap: 1.10821
    The Electron DOS: 2.8583e+19
    The Hole DOS: 3.1046e+19
  The Constant Reference Potential: 4.62578

  Work function of contact 'gate_contact':
    is overwritten by adjacent metal work function, at contact vertices connected to the metal
 !

Tue Mar 24 21:19:55 2026: checked out 1 sdevice-ferro license(s)

===============================
Starting solve of next problem:
Transient (
      Max. #iterations : 50, 
      Initial step : 1.0000e-09 s,       Minimum step : 1.0000e-15 s, Maximum step : 1 s, 
      Initial time : 0.0000e+00 s, Final time : 1 s, 
    )
  {
     Poisson
  }
===============================

Computing BE-step from 0.0000e+00 s to 1.0000e-09 s (Stepsize: 1.0000e-09 s)
Computing poisson-equation 
using Bank/Rose nonlinear solver.

Iteration   |Rhs|      factor     |step|     error   #inner  #iterative  time
------------------------------------------------------------------------------
    0      9.53e+01                                                      0.00
    1      2.18e+00   1.00e+00   2.04e+01   1.10e+05    0         1      0.03
    2      3.48e-01   1.00e+00   4.96e-01   7.79e+03    0         1      0.04
    3      3.79e-02   1.00e+00   1.16e-01   6.76e+02    0         1      0.04
    4      5.71e-04   1.00e+00   1.41e-02   8.27e+01    0         1      0.05
    5      1.17e-07   1.00e+00   2.00e-04   1.17e+00    0         1      0.06
Finished, because...
|RHS| less than 1.0000E-05.

Accumulated times:
Assembly time:        0.04 s
Solve time:      0.02 s
Total time:      0.06 s

contact        voltage     electron current    hole current     total current
 drain_conta  0.000E+00      -3.144E-19         8.252E-35       -9.907E-08
 gate_contac  0.000E+00       4.712E-08         0.000E+00        4.712E-08
 source_cont  0.000E+00      -1.912E-19         9.953E-35       -9.907E-08


Computing BE-step from 1.0000e-09 s to 3.0000e-09 s (Stepsize: 2.0000e-09 s)
Computing poisson-equation 
using Bank/Rose nonlinear solver.

Iteration   |Rhs|      factor     |step|     error   #inner  #iterative  time
------------------------------------------------------------------------------
    0      1.17e-07                                                      0.01
    1      1.62e-02   1.00e+00   4.06e-08   2.37e-04    0         1      0.02
Finished, because...
Error smaller than 1 ( 2.3731E-04 ).

Accumulated times:
Assembly time:        0.01 s
Solve time:      0.01 s
Total time:      0.02 s

contact        voltage     electron current    hole current     total current
 drain_conta  0.000E+00      -2.221E-19         9.512E-35        3.124E-17
 gate_contac  0.000E+00      -5.934E-11         0.000E+00       -5.934E-11
 source_cont  0.000E+00       1.551E-19         9.769E-35        3.160E-17


Computing BE-step from 3.0000e-09 s to 7.0000e-09 s (Stepsize: 4.0000e-09 s)
Extrapolating values for t = 7.0000e-09 ... done.
Computing poisson-equation 
using Bank/Rose nonlinear solver.

Iteration   |Rhs|      factor     |step|     error   #inner  #iterative  time
------------------------------------------------------------------------------
    0      4.85e-02                                                      0.01
    1      9.07e-06   1.00e+00   1.28e-02   1.91e+02    0         1      0.01
Finished, because...
|RHS| less than 1.0000E-05.

Accumulated times:
Assembly time:        0.01 s
Solve time:      0.00 s
Total time:      0.01 s

contact        voltage     electron current    hole current     total current
 drain_conta  0.000E+00      -7.131E-20         1.025E-34        7.263E-13
 gate_contac  0.000E+00       6.644E-12         0.000E+00        6.644E-12
 source_cont  0.000E+00       1.780E-19         8.801E-35        7.262E-13


Computing BE-step from 7.0000e-09 s to 1.5000e-08 s (Stepsize: 8.0000e-09 s)
Extrapolating values for t = 1.5000e-08 ... done.
Computing poisson-equation 
using Bank/Rose nonlinear solver.

Iteration   |Rhs|      factor     |step|     error   #inner  #iterative  time
------------------------------------------------------------------------------
    0      3.33e-02                                                      0.01
    1      3.95e-06   1.00e+00   8.73e-03   1.31e+02    0         1      0.02
Finished, because...
|RHS| less than 1.0000E-05.

Accumulated times:
Assembly time:        0.01 s
Solve time:      0.01 s
Total time:      0.02 s

contact        voltage     electron current    hole current     total current
 drain_conta  0.000E+00      -3.792E-20         9.932E-35        4.806E-13
 gate_contac  0.000E+00      -1.510E-11         0.000E+00       -1.510E-11
 source_cont  0.000E+00      -4.517E-19         9.399E-35        4.806E-13


Computing BE-step from 1.5000e-08 s to 3.1000e-08 s (Stepsize: 1.6000e-08 s)
Extrapolating values for t = 3.1000e-08 ... done.
Computing poisson-equation 
using Bank/Rose nonlinear solver.

Iteration   |Rhs|      factor     |step|     error   #inner  #iterative  time
------------------------------------------------------------------------------
    0      2.95e-03                                                      0.00
    1      1.39e-08   1.00e+00   6.76e-04   1.10e+01    0         1      0.02
Finished, because...
|RHS| less than 1.0000E-05.

Accumulated times:
Assembly time:        0.02 s
Solve time:      0.00 s
Total time:      0.02 s

contact        voltage     electron current    hole current     total current
 drain_conta  0.000E+00       1.884E-19         9.607E-35        4.732E-13
 gate_contac  0.000E+00      -1.473E-11         0.000E+00       -1.473E-11
 source_cont  0.000E+00       4.076E-20         8.186E-35        4.731E-13


Computing BE-step from 3.1000e-08 s to 6.3000e-08 s (Stepsize: 3.2000e-08 s)
Extrapolating values for t = 6.3000e-08 ... done.
Computing poisson-equation 
using Bank/Rose nonlinear solver.

Iteration   |Rhs|      factor     |step|     error   #inner  #iterative  time
------------------------------------------------------------------------------
    0      1.16e-02                                                      0.00
    1      1.99e-07   1.00e+00   2.62e-03   4.36e+01    0         1      0.02
Finished, because...
|RHS| less than 1.0000E-05.

Accumulated times:
Assembly time:        0.02 s
Solve time:      0.00 s
Total time:      0.02 s

contact        voltage     electron current    hole current     total current
 drain_conta  0.000E+00      -1.474E-19         1.039E-34        4.586E-13
 gate_contac  0.000E+00      -1.401E-11         0.000E+00       -1.401E-11
 source_cont  0.000E+00      -3.165E-20         1.024E-34        4.586E-13


Computing BE-step from 6.3000e-08 s to 1.2700e-07 s (Stepsize: 6.4000e-08 s)
Extrapolating values for t = 1.2700e-07 ... done.
Computing poisson-equation 
using Bank/Rose nonlinear solver.

Iteration   |Rhs|      factor     |step|     error   #inner  #iterative  time
------------------------------------------------------------------------------
    0      4.43e-02                                                      0.00
    1      2.69e-06   1.00e+00   9.90e-03   1.72e+02    0         1      0.02
Finished, because...
|RHS| less than 1.0000E-05.

Accumulated times:
Assembly time:        0.01 s
Solve time:      0.01 s
Total time:      0.02 s

contact        voltage     electron current    hole current     total current
 drain_conta  0.000E+00      -2.679E-19         9.500E-35        4.304E-13
 gate_contac  0.000E+00      -1.268E-11         0.000E+00       -1.268E-11
 source_cont  0.000E+00       6.518E-19         9.713E-35        4.304E-13


Computing BE-step from 1.2700e-07 s to 2.5500e-07 s (Stepsize: 1.2800e-07 s)
Extrapolating values for t = 2.5500e-07 ... done.
Computing poisson-equation 
using Bank/Rose nonlinear solver.

Iteration   |Rhs|      factor     |step|     error   #inner  #iterative  time
------------------------------------------------------------------------------
    0      1.62e-01                                                      0.01
    1      3.16e-05   1.00e+00   3.54e-02   6.67e+02    0         1      0.01
    2      6.68e-10   1.00e+00   5.26e-05   3.75e-01    0         1      0.02
Finished, because...
Error smaller than 1 ( 3.7506E-01 ).

Accumulated times:
Assembly time:        0.01 s
Solve time:      0.01 s
Total time:      0.02 s

contact        voltage     electron current    hole current     total current
 drain_conta  0.000E+00      -1.590E-20         9.785E-35        3.775E-13
 gate_contac  0.000E+00      -1.042E-11         0.000E+00       -1.042E-11
 source_cont  0.000E+00       4.074E-19         9.951E-35        3.774E-13


Computing BE-step from 2.5500e-07 s to 5.1100e-07 s (Stepsize: 2.5600e-07 s)
Extrapolating values for t = 5.1100e-07 ... done.
Computing poisson-equation 
using Bank/Rose nonlinear solver.

Iteration   |Rhs|      factor     |step|     error   #inner  #iterative  time
------------------------------------------------------------------------------
    0      5.34e-01                                                      0.00
    1      2.67e-04   1.00e+00   1.12e-01   2.39e+03    0         1      0.01
    2      8.05e-08   1.00e+00   6.35e-04   4.89e+00    0         1      0.02
Finished, because...
|RHS| less than 1.0000E-05.

Accumulated times:
Assembly time:        0.01 s
Solve time:      0.01 s
Total time:      0.02 s

contact        voltage     electron current    hole current     total current
 drain_conta  0.000E+00      -1.715E-19         9.881E-35        2.872E-13
 gate_contac  0.000E+00      -7.148E-12         0.000E+00       -7.148E-12
 source_cont  0.000E+00       9.523E-20         9.308E-35        2.872E-13


Computing BE-step from 5.1100e-07 s to 1.0230e-06 s (Stepsize: 5.1200e-07 s)
Extrapolating values for t = 1.0230e-06 ... done.
Computing poisson-equation 
using Bank/Rose nonlinear solver.

Iteration   |Rhs|      factor     |step|     error   #inner  #iterative  time
------------------------------------------------------------------------------
    0      1.40e+00                                                      0.00
    1      2.60e-03   1.00e+00   2.77e-01   6.75e+03    0         1      0.01
    2      3.79e-06   1.00e+00   4.72e-03   4.12e+01    0         1      0.02
Finished, because...
|RHS| less than 1.0000E-05.

Accumulated times:
Assembly time:        0.00 s
Solve time:      0.02 s
Total time:      0.02 s

contact        voltage     electron current    hole current     total current
 drain_conta  0.000E+00       3.375E-19         1.042E-34        1.649E-13
 gate_contac  0.000E+00      -3.602E-12         0.000E+00       -3.602E-12
 source_cont  0.000E+00       2.758E-19         9.887E-35        1.649E-13


Computing BE-step from 1.0230e-06 s to 2.0470e-06 s (Stepsize: 1.0240e-06 s)
Extrapolating values for t = 2.0470e-06 ... done.
Computing poisson-equation 
using Bank/Rose nonlinear solver.

Iteration   |Rhs|      factor     |step|     error   #inner  #iterative  time
------------------------------------------------------------------------------
    0      2.07e+00                                                      0.00
    1      7.30e-01   1.00e+00   5.66e-01   1.32e+04    0         1      0.01
    2      1.32e-03   1.00e+00   1.40e-01   3.41e+03    0         1      0.03
    3      1.59e-06   1.00e+00   3.00e-03   2.47e+01    0         1      0.04
Finished, because...
|RHS| less than 1.0000E-05.

Accumulated times:
Assembly time:        0.03 s
Solve time:      0.01 s
Total time:      0.04 s

contact        voltage     electron current    hole current     total current
 drain_conta  0.000E+00      -4.152E-20         1.028E-34        5.757E-14
 gate_contac  0.000E+00      -1.128E-12         0.000E+00       -1.128E-12
 source_cont  0.000E+00      -4.428E-19         9.226E-35        5.757E-14


Computing BE-step from 2.0470e-06 s to 4.0950e-06 s (Stepsize: 2.0480e-06 s)
Extrapolating values for t = 4.0950e-06 ... done.
Computing poisson-equation 
using Bank/Rose nonlinear solver.

Iteration   |Rhs|      factor     |step|     error   #inner  #iterative  time
------------------------------------------------------------------------------
    0      1.31e+00                                                      0.00
    1      2.04e-01   1.00e+00   3.84e-01   9.26e+03    0         1      0.01
    2      1.49e-04   1.00e+00   3.97e-02   8.75e+02    0         1      0.03
    3      1.89e-08   1.00e+00   3.27e-04   2.53e+00    0         1      0.04
Finished, because...
|RHS| less than 1.0000E-05.

Accumulated times:
Assembly time:        0.03 s
Solve time:      0.01 s
Total time:      0.04 s

contact        voltage     electron current    hole current     total current
 drain_conta  0.000E+00      -1.284E-19         1.063E-34        9.175E-15
 gate_contac  0.000E+00      -1.717E-13         0.000E+00       -1.717E-13
 source_cont  0.000E+00      -3.826E-20         1.031E-34        9.176E-15


Computing BE-step from 4.0950e-06 s to 8.1910e-06 s (Stepsize: 4.0960e-06 s)
Extrapolating values for t = 8.1910e-06 ... done.
Computing poisson-equation 
using Bank/Rose nonlinear solver.

Iteration   |Rhs|      factor     |step|     error   #inner  #iterative  time
------------------------------------------------------------------------------
    0      3.49e-01                                                      0.01
    1      1.50e-02   1.00e+00   1.21e-01   2.68e+03    0         1      0.02
    2      1.16e-06   1.00e+00   3.65e-03   6.50e+01    0         1      0.03
Finished, because...
|RHS| less than 1.0000E-05.

Accumulated times:
Assembly time:        0.02 s
Solve time:      0.01 s
Total time:      0.03 s

contact        voltage     electron current    hole current     total current
 drain_conta  0.000E+00       5.410E-19         1.101E-34        4.296E-16
 gate_contac  0.000E+00      -8.077E-15         0.000E+00       -8.077E-15
 source_cont  0.000E+00      -4.470E-19         1.096E-34        4.286E-16


Computing BE-step from 8.1910e-06 s to 1.6383e-05 s (Stepsize: 8.1920e-06 s)
Extrapolating values for t = 1.6383e-05 ... done.
Computing poisson-equation 
using Bank/Rose nonlinear solver.

Iteration   |Rhs|      factor     |step|     error   #inner  #iterative  time
------------------------------------------------------------------------------
    0      3.92e-02                                                      0.01
    1      1.21e-04   1.00e+00   1.16e-02   2.28e+02    0         1      0.02
    2      1.24e-10   1.00e+00   3.38e-05   5.40e-01    0         1      0.03
Finished, because...
Error smaller than 1 ( 5.3955E-01 ).

Accumulated times:
Assembly time:        0.01 s
Solve time:      0.02 s
Total time:      0.03 s

contact        voltage     electron current    hole current     total current
 drain_conta  0.000E+00      -1.153E-19         1.003E-34        2.413E-18
 gate_contac  0.000E+00      -4.363E-17         0.000E+00       -4.363E-17
 source_cont  0.000E+00      -1.240E-19         8.484E-35        2.405E-18


Computing BE-step from 1.6383e-05 s to 3.2767e-05 s (Stepsize: 1.6384e-05 s)
Extrapolating values for t = 3.2767e-05 ... done.
Computing poisson-equation 
using Bank/Rose nonlinear solver.

Iteration   |Rhs|      factor     |step|     error   #inner  #iterative  time
------------------------------------------------------------------------------
    0      5.43e-04                                                      0.01
    1      1.59e-08   1.00e+00   1.45e-04   2.55e+00    0         1      0.02
Finished, because...
|RHS| less than 1.0000E-05.

Accumulated times:
Assembly time:        0.02 s
Solve time:      0.00 s
Total time:      0.02 s

contact        voltage     electron current    hole current     total current
 drain_conta  0.000E+00       8.767E-20         9.726E-35        8.780E-20
 gate_contac  0.000E+00      -1.314E-20         0.000E+00       -1.314E-20
 source_cont  0.000E+00      -3.053E-19         9.222E-35       -3.052E-19


Computing BE-step from 3.2767e-05 s to 6.5535e-05 s (Stepsize: 3.2768e-05 s)
Extrapolating values for t = 6.5535e-05 ... done.
Computing poisson-equation 
using Bank/Rose nonlinear solver.

Iteration   |Rhs|      factor     |step|     error   #inner  #iterative  time
------------------------------------------------------------------------------
    0      9.13e-08                                                      0.00
    1      6.22e-14   1.00e+00   1.72e-08   3.30e-04    0         1      0.02
Finished, because...
Error smaller than 1 ( 3.3047E-04 ).

Accumulated times:
Assembly time:        0.01 s
Solve time:      0.01 s
Total time:      0.02 s

contact        voltage     electron current    hole current     total current
 drain_conta  0.000E+00       9.412E-20         1.143E-34        9.419E-20
 gate_contac  0.000E+00       4.086E-21         0.000E+00        4.086E-21
 source_cont  0.000E+00      -7.678E-20         1.023E-34       -7.671E-20


Computing BE-step from 6.5535e-05 s to 1.3107e-04 s (Stepsize: 6.5536e-05 s)
Extrapolating values for t = 1.3107e-04 ... done.
Computing poisson-equation 
using Bank/Rose nonlinear solver.

Iteration   |Rhs|      factor     |step|     error   #inner  #iterative  time
------------------------------------------------------------------------------
    0      3.18e-08                                                      0.01
    1      6.99e-14   1.00e+00   1.39e-08   2.40e-04    0         1      0.02
Finished, because...
Error smaller than 1 ( 2.3985E-04 ).

Accumulated times:
Assembly time:        0.02 s
Solve time:      0.00 s
Total time:      0.02 s

contact        voltage     electron current    hole current     total current
 drain_conta  0.000E+00       3.889E-20         1.159E-34        3.889E-20
 gate_contac  0.000E+00      -4.199E-29         0.000E+00       -4.199E-29
 source_cont  0.000E+00       1.071E-19         9.935E-35        1.071E-19


Computing BE-step from 1.3107e-04 s to 2.6214e-04 s (Stepsize: 1.3107e-04 s)
Extrapolating values for t = 2.6214e-04 ... done.
Computing poisson-equation 
using Bank/Rose nonlinear solver.

Iteration   |Rhs|      factor     |step|     error   #inner  #iterative  time
------------------------------------------------------------------------------
    0      3.48e-13                                                      0.00
Finished, because |RHS| is less than 1.0000e-10.

contact        voltage     electron current    hole current     total current
 drain_conta  0.000E+00       1.981E-19         1.013E-34        1.981E-19
 gate_contac  0.000E+00      -7.262E-29         0.000E+00       -7.262E-29
 source_cont  0.000E+00      -1.021E-19         1.009E-34       -1.021E-19


Computing BE-step from 2.6214e-04 s to 5.2429e-04 s (Stepsize: 2.6214e-04 s)
Extrapolating values for t = 5.2429e-04 ... done.
Computing poisson-equation 
using Bank/Rose nonlinear solver.

Iteration   |Rhs|      factor     |step|     error   #inner  #iterative  time
------------------------------------------------------------------------------
    0      9.67e-13                                                      0.00
Finished, because |RHS| is less than 1.0000e-10.

contact        voltage     electron current    hole current     total current
 drain_conta  0.000E+00       1.419E-19         1.012E-34        1.419E-19
 gate_contac  0.000E+00      -5.191E-30         0.000E+00       -5.191E-30
 source_cont  0.000E+00       1.631E-19         1.009E-34        1.631E-19


Computing BE-step from 5.2429e-04 s to 1.0486e-03 s (Stepsize: 5.2429e-04 s)
Extrapolating values for t = 1.0486e-03 ... done.
Computing poisson-equation 
using Bank/Rose nonlinear solver.

Iteration   |Rhs|      factor     |step|     error   #inner  #iterative  time
------------------------------------------------------------------------------
    0      2.20e-12                                                      0.01
Finished, because |RHS| is less than 1.0000e-10.

contact        voltage     electron current    hole current     total current
 drain_conta  0.000E+00       1.556E-19         1.010E-34        1.556E-19
 gate_contac  0.000E+00      -2.721E-29         0.000E+00       -2.721E-29
 source_cont  0.000E+00      -2.522E-19         1.009E-34       -2.522E-19


Computing BE-step from 1.0486e-03 s to 2.0972e-03 s (Stepsize: 1.0486e-03 s)
Extrapolating values for t = 2.0972e-03 ... done.
Computing poisson-equation 
using Bank/Rose nonlinear solver.

Iteration   |Rhs|      factor     |step|     error   #inner  #iterative  time
------------------------------------------------------------------------------
    0      4.68e-12                                                      0.01
Finished, because |RHS| is less than 1.0000e-10.

contact        voltage     electron current    hole current     total current
 drain_conta  0.000E+00       4.586E-20         1.015E-34        4.586E-20
 gate_contac  0.000E+00      -1.128E-29         0.000E+00       -1.128E-29
 source_cont  0.000E+00       5.424E-20         1.007E-34        5.424E-20


Computing BE-step from 2.0972e-03 s to 4.1943e-03 s (Stepsize: 2.0972e-03 s)
Extrapolating values for t = 4.1943e-03 ... done.
Computing poisson-equation 
using Bank/Rose nonlinear solver.

Iteration   |Rhs|      factor     |step|     error   #inner  #iterative  time
------------------------------------------------------------------------------
    0      9.63e-12                                                      0.01
Finished, because |RHS| is less than 1.0000e-10.

contact        voltage     electron current    hole current     total current
 drain_conta  0.000E+00       2.108E-19         1.011E-34        2.108E-19
 gate_contac  0.000E+00      -1.382E-29         0.000E+00       -1.382E-29
 source_cont  0.000E+00      -1.365E-20         1.011E-34       -1.365E-20


Computing BE-step from 4.1943e-03 s to 8.3886e-03 s (Stepsize: 4.1943e-03 s)
Extrapolating values for t = 8.3886e-03 ... done.
Computing poisson-equation 
using Bank/Rose nonlinear solver.

Iteration   |Rhs|      factor     |step|     error   #inner  #iterative  time
------------------------------------------------------------------------------
    0      1.95e-11                                                      0.01
Finished, because |RHS| is less than 1.0000e-10.

contact        voltage     electron current    hole current     total current
 drain_conta  0.000E+00       4.394E-21         1.015E-34        4.394E-21
 gate_contac  0.000E+00      -1.355E-29         0.000E+00       -1.355E-29
 source_cont  0.000E+00      -2.301E-19         1.012E-34       -2.301E-19


Computing BE-step from 8.3886e-03 s to 0.0167772 s (Stepsize: 8.3886e-03 s)
Extrapolating values for t = 0.0167772 ... done.
Computing poisson-equation 
using Bank/Rose nonlinear solver.

Iteration   |Rhs|      factor     |step|     error   #inner  #iterative  time
------------------------------------------------------------------------------
    0      3.93e-11                                                      0.01
Finished, because |RHS| is less than 1.0000e-10.

contact        voltage     electron current    hole current     total current
 drain_conta  0.000E+00       2.669E-20         1.012E-34        2.669E-20
 gate_contac  0.000E+00      -1.452E-29         0.000E+00       -1.452E-29
 source_cont  0.000E+00      -7.855E-20         1.011E-34       -7.855E-20


Computing BE-step from 0.0167772 s to 0.0335544 s (Stepsize: 0.0167772 s)
Extrapolating values for t = 0.0335544 ... done.
Computing poisson-equation 
using Bank/Rose nonlinear solver.

Iteration   |Rhs|      factor     |step|     error   #inner  #iterative  time
------------------------------------------------------------------------------
    0      7.89e-11                                                      0.01
Finished, because |RHS| is less than 1.0000e-10.

contact        voltage     electron current    hole current     total current
 drain_conta  0.000E+00       3.283E-20         1.012E-34        3.283E-20
 gate_contac  0.000E+00      -1.396E-29         0.000E+00       -1.396E-29
 source_cont  0.000E+00      -2.389E-19         1.014E-34       -2.389E-19


Computing BE-step from 0.0335544 s to 0.0671089 s (Stepsize: 0.0335544 s)
Extrapolating values for t = 0.0671089 ... done.
Computing poisson-equation 
using Bank/Rose nonlinear solver.

Iteration   |Rhs|      factor     |step|     error   #inner  #iterative  time
------------------------------------------------------------------------------
    0      1.58e-10                                                      0.00
    1      6.17e-14   1.00e+00   1.60e-12   1.34e-08    0         1      0.01
Finished, because...
Error smaller than 1 ( 1.3419E-08 ).

Accumulated times:
Assembly time:        0.00 s
Solve time:      0.01 s
Total time:      0.01 s

contact        voltage     electron current    hole current     total current
 drain_conta  0.000E+00       3.889E-20         1.159E-34        3.889E-20
 gate_contac  0.000E+00       1.416E-29         0.000E+00        1.416E-29
 source_cont  0.000E+00      -6.715E-20         9.793E-35       -6.715E-20


Computing BE-step from 0.0671089 s to 0.134218 s (Stepsize: 0.0671089 s)
Extrapolating values for t = 0.134218 ... done.
Computing poisson-equation 
using Bank/Rose nonlinear solver.

Iteration   |Rhs|      factor     |step|     error   #inner  #iterative  time
------------------------------------------------------------------------------
    0      1.58e-10                                                      0.00
    1      7.14e-14   1.00e+00   1.59e-12   1.34e-08    0         1      0.01
Finished, because...
Error smaller than 1 ( 1.3403E-08 ).

Accumulated times:
Assembly time:        0.00 s
Solve time:      0.01 s
Total time:      0.01 s

contact        voltage     electron current    hole current     total current
 drain_conta  0.000E+00       3.889E-20         1.159E-34        3.889E-20
 gate_contac  0.000E+00       8.218E-32         0.000E+00        8.218E-32
 source_cont  0.000E+00      -5.841E-20         9.686E-35       -5.841E-20


Computing BE-step from 0.134218 s to 0.268435 s (Stepsize: 0.134218 s)
Extrapolating values for t = 0.268435 ... done.
Computing poisson-equation 
using Bank/Rose nonlinear solver.

Iteration   |Rhs|      factor     |step|     error   #inner  #iterative  time
------------------------------------------------------------------------------
    0      3.68e-13                                                      0.00
Finished, because |RHS| is less than 1.0000e-10.

contact        voltage     electron current    hole current     total current
 drain_conta  0.000E+00       1.558E-19         1.013E-34        1.558E-19
 gate_contac  0.000E+00       5.844E-32         0.000E+00        5.844E-32
 source_cont  0.000E+00      -3.285E-20         1.010E-34       -3.285E-20


Computing BE-step from 0.268435 s to 0.536871 s (Stepsize: 0.268435 s)
Extrapolating values for t = 0.536871 ... done.
Computing poisson-equation 
using Bank/Rose nonlinear solver.

Iteration   |Rhs|      factor     |step|     error   #inner  #iterative  time
------------------------------------------------------------------------------
    0      1.01e-12                                                      0.00
Finished, because |RHS| is less than 1.0000e-10.

contact        voltage     electron current    hole current     total current
 drain_conta  0.000E+00       5.776E-20         1.012E-34        5.776E-20
 gate_contac  0.000E+00       3.837E-32         0.000E+00        3.837E-32
 source_cont  0.000E+00       1.101E-19         1.009E-34        1.101E-19


Computing BE-step from 0.536871 s to 1 s (Stepsize: 0.463129 s)
Extrapolating values for t = 1 ... done.
Computing poisson-equation 
using Bank/Rose nonlinear solver.

Iteration   |Rhs|      factor     |step|     error   #inner  #iterative  time
------------------------------------------------------------------------------
    0      2.10e-12                                                      0.01
Finished, because |RHS| is less than 1.0000e-10.

contact        voltage     electron current    hole current     total current
 drain_conta  0.000E+00       6.693E-21         1.012E-34        6.693E-21
 gate_contac  0.000E+00       1.082E-31         0.000E+00        1.082E-31
 source_cont  0.000E+00      -1.928E-19         1.006E-34       -1.928E-19



Finished, because...
Curve trace finished.


===============================
Starting solve of next problem:
Quasistationary ( Digits : 5, Max. #iterations : 50, 
      Initial step in t : 0.01, 
      Minimum step in t : 1.0000e-06, Maximum step in t : 0.1, 
      Increment : 2, Decrement : 2, 
      Goal values :
        Contact drain_contact : 0.05V
    )
  {
    Coupled ( Digits : 5, Max. #iterations : 100, 
        Solver : blocked decomposition,
        #undamped iterations : 100 
        )
        { Poisson Electron Hole } 
  }
===============================

Computing solution for t=0 :
Computing Coupled( 1 poisson-equation(s) , 1 current-contact-equation(s) , 
                   1 electron-equation(s) , 1 hole-equation(s) ) 
using Bank/Rose nonlinear solver.

Iteration   |Rhs|      factor     |step|     error   #inner  #iterative  time
------------------------------------------------------------------------------
    0      3.34e-05                                                      0.00
    1      2.28e-04   1.00e+00   2.07e-14   1.03e-09    0         1      0.12
Finished, because...
Error smaller than 1 ( 1.0304E-09 ).

Accumulated times:
Assembly time:        0.08 s
Solve time:      0.04 s
Total time:      0.12 s

contact        voltage     electron current    hole current  conduction current
 drain_conta  0.000E+00      -3.433E-19        -8.812E-37       -3.433E-19
 gate_contac  0.000E+00       0.000E+00         0.000E+00        0.000E+00
 source_cont  0.000E+00       2.951E-18         5.839E-36        2.951E-18

Computing step from t=0.0000e+00 to t=0.01 (Stepsize: 0.01) :
Computing Coupled( 1 poisson-equation(s) , 1 current-contact-equation(s) , 
                   1 electron-equation(s) , 1 hole-equation(s) ) 
using Bank/Rose nonlinear solver.

Iteration   |Rhs|      factor     |step|     error   #inner  #iterative  time
------------------------------------------------------------------------------
    0      2.01e+08                                                      0.04
    1      5.41e+04   1.00e+00   6.24e-03   1.75e+02    0         1      0.09
    2      3.76e+02   1.00e+00   2.39e-04   1.07e+01    0         1      0.16
    3      3.25e-04   1.00e+00   3.24e-08   1.77e-03    0         1      0.26
Finished, because...
Error smaller than 1 ( 1.7695E-03 ).

Accumulated times:
Assembly time:        0.20 s
Solve time:      0.05 s
Total time:      0.26 s

contact        voltage     electron current    hole current  conduction current
 drain_conta  5.000E-04       3.003E-08         2.542E-24        3.003E-08
 gate_contac  0.000E+00       0.000E+00         0.000E+00        0.000E+00
 source_cont  0.000E+00      -3.003E-08        -2.521E-24       -3.003E-08

Computing step from t=0.01 to t=0.0297333 (Stepsize: 0.0197333) :
Extrapolating values for t = 0.0297333 ... done.
Computing Coupled( 1 poisson-equation(s) , 1 current-contact-equation(s) , 
                   1 electron-equation(s) , 1 hole-equation(s) ) 
using Bank/Rose nonlinear solver.

Iteration   |Rhs|      factor     |step|     error   #inner  #iterative  time
------------------------------------------------------------------------------
    0      4.23e+04                                                      0.06
    1      1.05e+00   1.00e+00   7.02e-05   1.17e+00    0         1      0.15
    2      2.89e-04   1.00e+00   3.22e-09   2.72e-05    0         1      0.25
Finished, because...
Error smaller than 1 ( 2.7174E-05 ).

Accumulated times:
Assembly time:        0.21 s
Solve time:      0.04 s
Total time:      0.25 s

contact        voltage     electron current    hole current  conduction current
 drain_conta  1.487E-03       8.868E-08         7.565E-24        8.868E-08
 gate_contac  0.000E+00       0.000E+00         0.000E+00        0.000E+00
 source_cont  0.000E+00      -8.868E-08        -7.504E-24       -8.868E-08

Computing step from t=0.0297333 to t=0.0689369 (Stepsize: 0.0392036) :
Extrapolating values for t = 0.0689369 ... done.
Computing Coupled( 1 poisson-equation(s) , 1 current-contact-equation(s) , 
                   1 electron-equation(s) , 1 hole-equation(s) ) 
using Bank/Rose nonlinear solver.

Iteration   |Rhs|      factor     |step|     error   #inner  #iterative  time
------------------------------------------------------------------------------
    0      1.66e+05                                                      0.05
    1      1.61e+01   1.00e+00   2.78e-04   4.64e+00    0         1      0.15
    2      2.70e-04   1.00e+00   5.05e-08   4.26e-04    0         1      0.24
Finished, because...
Error smaller than 1 ( 4.2623E-04 ).

Accumulated times:
Assembly time:        0.20 s
Solve time:      0.04 s
Total time:      0.24 s

contact        voltage     electron current    hole current  conduction current
 drain_conta  3.447E-03       2.027E-07         1.757E-23        2.027E-07
 gate_contac  0.000E+00       0.000E+00         0.000E+00        0.000E+00
 source_cont  0.000E+00      -2.027E-07        -1.743E-23       -2.027E-07

Computing step from t=0.0689369 to t=0.146821 (Stepsize: 0.0778844) :
Extrapolating values for t = 0.146821 ... done.
Computing Coupled( 1 poisson-equation(s) , 1 current-contact-equation(s) , 
                   1 electron-equation(s) , 1 hole-equation(s) ) 
using Bank/Rose nonlinear solver.

Iteration   |Rhs|      factor     |step|     error   #inner  #iterative  time
------------------------------------------------------------------------------
    0      6.48e+05                                                      0.04
    1      2.44e+02   1.00e+00   1.11e-03   1.86e+01    0         1      0.10
    2      2.43e-04   1.00e+00   8.03e-07   6.81e-03    0         1      0.15
Finished, because...
Error smaller than 1 ( 6.8119E-03 ).

Accumulated times:
Assembly time:        0.12 s
Solve time:      0.03 s
Total time:      0.15 s

contact        voltage     electron current    hole current  conduction current
 drain_conta  7.341E-03       4.198E-07         3.748E-23        4.198E-07
 gate_contac  0.000E+00       0.000E+00         0.000E+00        0.000E+00
 source_cont  0.000E+00      -4.198E-07        -3.717E-23       -4.198E-07

Computing step from t=0.146821 to t=0.246821 (Stepsize: 0.1) :
Extrapolating values for t = 0.246821 ... done.
Computing Coupled( 1 poisson-equation(s) , 1 current-contact-equation(s) , 
                   1 electron-equation(s) , 1 hole-equation(s) ) 
using Bank/Rose nonlinear solver.

Iteration   |Rhs|      factor     |step|     error   #inner  #iterative  time
------------------------------------------------------------------------------
    0      1.25e+06                                                      0.03
    1      9.01e+02   1.00e+00   2.18e-03   3.76e+01    0         1      0.09
    2      2.94e-04   1.00e+00   3.13e-06   2.77e-02    0         1      0.14
Finished, because...
Error smaller than 1 ( 2.7729E-02 ).

Accumulated times:
Assembly time:        0.12 s
Solve time:      0.02 s
Total time:      0.14 s

contact        voltage     electron current    hole current  conduction current
 drain_conta  1.234E-02       6.801E-07         6.287E-23        6.801E-07
 gate_contac  0.000E+00       0.000E+00         0.000E+00        0.000E+00
 source_cont  0.000E+00      -6.801E-07        -6.236E-23       -6.801E-07

Computing step from t=0.246821 to t=0.346821 (Stepsize: 0.1) :
Extrapolating values for t = 0.346821 ... done.
Computing Coupled( 1 poisson-equation(s) , 1 current-contact-equation(s) , 
                   1 electron-equation(s) , 1 hole-equation(s) ) 
using Bank/Rose nonlinear solver.

Iteration   |Rhs|      factor     |step|     error   #inner  #iterative  time
------------------------------------------------------------------------------
    0      1.40e+06                                                      0.03
    1      1.54e+03   1.00e+00   2.45e-03   4.40e+01    0         1      0.09
    2      1.96e-03   1.00e+00   3.92e-06   4.31e-02    0         1      0.15
Finished, because...
Error smaller than 1 ( 4.3095E-02 ).

Accumulated times:
Assembly time:        0.12 s
Solve time:      0.02 s
Total time:      0.15 s

contact        voltage     electron current    hole current  conduction current
 drain_conta  1.734E-02       9.202E-07         8.775E-23        9.202E-07
 gate_contac  0.000E+00       0.000E+00         0.000E+00        0.000E+00
 source_cont  0.000E+00      -9.202E-07        -8.704E-23       -9.202E-07

Computing step from t=0.346821 to t=0.446821 (Stepsize: 0.1) :
Extrapolating values for t = 0.446821 ... done.
Computing Coupled( 1 poisson-equation(s) , 1 current-contact-equation(s) , 
                   1 electron-equation(s) , 1 hole-equation(s) ) 
using Bank/Rose nonlinear solver.

Iteration   |Rhs|      factor     |step|     error   #inner  #iterative  time
------------------------------------------------------------------------------
    0      1.40e+06                                                      0.03
    1      1.53e+03   1.00e+00   2.39e-03   4.59e+01    0         1      0.10
    2      3.66e-04   1.00e+00   3.83e-06   3.51e-02    0         1      0.15
Finished, because...
Error smaller than 1 ( 3.5120E-02 ).

Accumulated times:
Assembly time:        0.11 s
Solve time:      0.03 s
Total time:      0.15 s

contact        voltage     electron current    hole current  conduction current
 drain_conta  2.234E-02       1.141E-06         1.118E-22        1.141E-06
 gate_contac  0.000E+00       0.000E+00         0.000E+00        0.000E+00
 source_cont  0.000E+00      -1.141E-06        -1.109E-22       -1.141E-06

Computing step from t=0.446821 to t=0.546821 (Stepsize: 0.1) :
Extrapolating values for t = 0.546821 ... done.
Computing Coupled( 1 poisson-equation(s) , 1 current-contact-equation(s) , 
                   1 electron-equation(s) , 1 hole-equation(s) ) 
using Bank/Rose nonlinear solver.

Iteration   |Rhs|      factor     |step|     error   #inner  #iterative  time
------------------------------------------------------------------------------
    0      1.40e+06                                                      0.03
    1      1.03e+03   1.00e+00   2.31e-03   4.72e+01    0         1      0.09
    2      3.63e-04   1.00e+00   3.64e-06   3.66e-02    0         1      0.16
Finished, because...
Error smaller than 1 ( 3.6560E-02 ).

Accumulated times:
Assembly time:        0.12 s
Solve time:      0.04 s
Total time:      0.16 s

contact        voltage     electron current    hole current  conduction current
 drain_conta  2.734E-02       1.343E-06         1.348E-22        1.343E-06
 gate_contac  0.000E+00       0.000E+00         0.000E+00        0.000E+00
 source_cont  0.000E+00      -1.343E-06        -1.337E-22       -1.343E-06

Computing step from t=0.546821 to t=0.646821 (Stepsize: 0.1) :
Extrapolating values for t = 0.646821 ... done.
Computing Coupled( 1 poisson-equation(s) , 1 current-contact-equation(s) , 
                   1 electron-equation(s) , 1 hole-equation(s) ) 
using Bank/Rose nonlinear solver.

Iteration   |Rhs|      factor     |step|     error   #inner  #iterative  time
------------------------------------------------------------------------------
    0      1.40e+06                                                      0.04
    1      1.01e+03   1.00e+00   2.19e-03   4.79e+01    0         1      0.10
    2      3.29e-04   1.00e+00   3.36e-06   3.76e-02    0         1      0.16
Finished, because...
Error smaller than 1 ( 3.7579E-02 ).

Accumulated times:
Assembly time:        0.14 s
Solve time:      0.02 s
Total time:      0.16 s

contact        voltage     electron current    hole current  conduction current
 drain_conta  3.234E-02       1.528E-06         1.565E-22        1.528E-06
 gate_contac  0.000E+00       0.000E+00         0.000E+00        0.000E+00
 source_cont  0.000E+00      -1.528E-06        -1.553E-22       -1.528E-06

Computing step from t=0.646821 to t=0.746821 (Stepsize: 0.1) :
Extrapolating values for t = 0.746821 ... done.
Computing Coupled( 1 poisson-equation(s) , 1 current-contact-equation(s) , 
                   1 electron-equation(s) , 1 hole-equation(s) ) 
using Bank/Rose nonlinear solver.

Iteration   |Rhs|      factor     |step|     error   #inner  #iterative  time
------------------------------------------------------------------------------
    0      1.39e+06                                                      0.05
    1      9.91e+02   1.00e+00   2.11e-03   4.86e+01    0         1      0.15
    2      2.56e-04   1.00e+00   3.21e-06   3.50e-02    0         1      0.25
Finished, because...
Error smaller than 1 ( 3.5037E-02 ).

Accumulated times:
Assembly time:        0.20 s
Solve time:      0.04 s
Total time:      0.25 s

contact        voltage     electron current    hole current  conduction current
 drain_conta  3.734E-02       1.696E-06         1.767E-22        1.696E-06
 gate_contac  0.000E+00       0.000E+00         0.000E+00        0.000E+00
 source_cont  0.000E+00      -1.696E-06        -1.753E-22       -1.696E-06

Computing step from t=0.746821 to t=0.846821 (Stepsize: 0.1) :
Extrapolating values for t = 0.846821 ... done.
Computing Coupled( 1 poisson-equation(s) , 1 current-contact-equation(s) , 
                   1 electron-equation(s) , 1 hole-equation(s) ) 
using Bank/Rose nonlinear solver.

Iteration   |Rhs|      factor     |step|     error   #inner  #iterative  time
------------------------------------------------------------------------------
    0      1.39e+06                                                      0.06
    1      1.72e+03   1.00e+00   1.93e-03   4.99e+01    0         1      0.15
    2      5.34e-04   1.00e+00   2.72e-06   3.54e-02    0         1      0.22
Finished, because...
Error smaller than 1 ( 3.5411E-02 ).

Accumulated times:
Assembly time:        0.19 s
Solve time:      0.03 s
Total time:      0.22 s

contact        voltage     electron current    hole current  conduction current
 drain_conta  4.234E-02       1.849E-06         1.954E-22        1.849E-06
 gate_contac  0.000E+00       0.000E+00         0.000E+00        0.000E+00
 source_cont  0.000E+00      -1.849E-06        -1.938E-22       -1.849E-06

Computing step from t=0.846821 to t=0.946821 (Stepsize: 0.1) :
Extrapolating values for t = 0.946821 ... done.
Computing Coupled( 1 poisson-equation(s) , 1 current-contact-equation(s) , 
                   1 electron-equation(s) , 1 hole-equation(s) ) 
using Bank/Rose nonlinear solver.

Iteration   |Rhs|      factor     |step|     error   #inner  #iterative  time
------------------------------------------------------------------------------
    0      1.39e+06                                                      0.05
    1      1.92e+03   1.00e+00   1.79e-03   5.15e+01    0         1      0.15
    2      7.38e-04   1.00e+00   2.36e-06   3.85e-02    0         1      0.25
Finished, because...
Error smaller than 1 ( 3.8463E-02 ).

Accumulated times:
Assembly time:        0.21 s
Solve time:      0.04 s
Total time:      0.25 s

contact        voltage     electron current    hole current  conduction current
 drain_conta  4.734E-02       1.987E-06         2.125E-22        1.987E-06
 gate_contac  0.000E+00       0.000E+00         0.000E+00        0.000E+00
 source_cont  0.000E+00      -1.987E-06        -2.108E-22       -1.987E-06

Computing step from t=0.946821 to t=1 (Stepsize: 0.0531787) :
Extrapolating values for t = 1 ... done.
Computing Coupled( 1 poisson-equation(s) , 1 current-contact-equation(s) , 
                   1 electron-equation(s) , 1 hole-equation(s) ) 
using Bank/Rose nonlinear solver.

Iteration   |Rhs|      factor     |step|     error   #inner  #iterative  time
------------------------------------------------------------------------------
    0      5.69e+05                                                      0.05
    1      1.66e+02   1.00e+00   6.84e-04   2.15e+01    0         1      0.15
    2      2.04e-04   1.00e+00   3.42e-07   6.38e-03    0         1      0.24
Finished, because...
Error smaller than 1 ( 6.3838E-03 ).

Accumulated times:
Assembly time:        0.20 s
Solve time:      0.04 s
Total time:      0.24 s

contact        voltage     electron current    hole current  conduction current
 drain_conta  5.000E-02       2.055E-06         2.209E-22        2.055E-06
 gate_contac  0.000E+00       0.000E+00         0.000E+00        0.000E+00
 source_cont  0.000E+00      -2.055E-06        -2.191E-22       -2.055E-06


Finished, because...
Curve trace finished.


===============================
Starting solve of next problem:
Transient (
      Max. #iterations : 50, 
      Initial step : 1.0000e-12 s,       Minimum step : 1.0000e-16 s, Maximum step : 5.0000e-11 s, 
      Initial time : 0.0000e+00 s, Final time : 1.0000e-09 s, 
      Goal values :
        Contact gate_contact : 0.3V
    )
  {
    Coupled ( Digits : 5, Max. #iterations : 100, 
        Solver : blocked decomposition,
        #undamped iterations : 100 
        )
        { Poisson Electron Hole } 
    CurrentPlot (
         Time (fixed times:
             0.0000e+00 2.0000e-11 4.0000e-11 6.0000e-11 8.0000e-11
             1.0000e-10 1.2000e-10 1.4000e-10 1.6000e-10 1.8000e-10
             2.0000e-10 2.2000e-10 2.4000e-10 2.6000e-10 2.8000e-10
             3.0000e-10 3.2000e-10 3.4000e-10 3.6000e-10 3.8000e-10
             4.0000e-10 4.2000e-10 4.4000e-10 4.6000e-10 4.8000e-10
             5.0000e-10 5.2000e-10 5.4000e-10 5.6000e-10 5.8000e-10
             6.0000e-10 6.2000e-10 6.4000e-10 6.6000e-10 6.8000e-10
             7.0000e-10 7.2000e-10 7.4000e-10 7.6000e-10 7.8000e-10
             8.0000e-10 8.2000e-10 8.4000e-10 8.6000e-10 8.8000e-10
             9.0000e-10 9.2000e-10 9.4000e-10 9.6000e-10 9.8000e-10
             1.0000e-09) )
      { }
  }
===============================

contact        voltage     electron current    hole current     total current
 drain_conta  5.000E-02       2.055E-06         2.209E-22        2.055E-06
 gate_contac  0.000E+00       1.043E-31         0.000E+00        1.043E-31
 source_cont  0.000E+00      -2.055E-06        -2.191E-22       -2.055E-06

Computing BE-step from 0.0000e+00 s to 1.0000e-12 s (Stepsize: 1.0000e-12 s)
Computing Coupled( 1 poisson-equation(s) , 1 current-contact-equation(s) , 
                   1 electron-equation(s) , 1 hole-equation(s) ) 
using Bank/Rose nonlinear solver.

Iteration   |Rhs|      factor     |step|     error   #inner  #iterative  time
------------------------------------------------------------------------------
    0      6.45e+09                                                      0.03
    1      1.74e+04   1.00e+00   5.16e-03   2.83e+02    0         1      0.11
    2      1.78e-02   1.00e+00   4.05e-06   3.37e-01    0         1      0.17
Finished, because...
Error smaller than 1 ( 3.3669E-01 ).

Accumulated times:
Assembly time:        0.13 s
Solve time:      0.04 s
Total time:      0.17 s

contact        voltage     electron current    hole current     total current
 drain_conta  5.000E-02       2.055E-06         2.207E-22        2.055E-06
 gate_contac  3.000E-04       2.104E-08         0.000E+00        2.104E-08
 source_cont  0.000E+00      -2.076E-06        -2.199E-22       -2.076E-06


Computing BE-step from 1.0000e-12 s to 2.4000e-12 s (Stepsize: 1.4000e-12 s)
Computing Coupled( 1 poisson-equation(s) , 1 current-contact-equation(s) , 
                   1 electron-equation(s) , 1 hole-equation(s) ) 
using Bank/Rose nonlinear solver.

Iteration   |Rhs|      factor     |step|     error   #inner  #iterative  time
------------------------------------------------------------------------------
    0      9.02e+09                                                      0.03
    1      3.51e+04   1.00e+00   7.21e-03   4.11e+02    0         1      0.09
    2      1.02e-01   1.00e+00   8.36e-06   7.03e-01    0         1      0.15
Finished, because...
Error smaller than 1 ( 7.0280E-01 ).

Accumulated times:
Assembly time:        0.12 s
Solve time:      0.02 s
Total time:      0.15 s

contact        voltage     electron current    hole current     total current
 drain_conta  5.000E-02       2.069E-06         2.203E-22        2.069E-06
 gate_contac  7.200E-04       2.256E-08         0.000E+00        2.256E-08
 source_cont  0.000E+00      -2.091E-06        -2.219E-22       -2.091E-06


Computing BE-step from 2.4000e-12 s to 4.3600e-12 s (Stepsize: 1.9600e-12 s)
Extrapolating values for t = 4.3600e-12 ... done.
Computing Coupled( 1 poisson-equation(s) , 1 current-contact-equation(s) , 
                   1 electron-equation(s) , 1 hole-equation(s) ) 
using Bank/Rose nonlinear solver.

Iteration   |Rhs|      factor     |step|     error   #inner  #iterative  time
------------------------------------------------------------------------------
    0      1.46e+04                                                      0.04
    1      2.89e+00   1.00e+00   2.82e-04   2.35e+00    0         1      0.12
    2      2.66e-04   1.00e+00   1.34e-08   3.72e-05    0         1      0.17
Finished, because...
Error smaller than 1 ( 3.7192E-05 ).

Accumulated times:
Assembly time:        0.14 s
Solve time:      0.02 s
Total time:      0.17 s

contact        voltage     electron current    hole current     total current
 drain_conta  5.000E-02       2.089E-06         2.194E-22        2.089E-06
 gate_contac  1.308E-03       2.274E-08         0.000E+00        2.274E-08
 source_cont  0.000E+00      -2.112E-06        -2.254E-22       -2.112E-06


Computing BE-step from 4.3600e-12 s to 7.1040e-12 s (Stepsize: 2.7440e-12 s)
Extrapolating values for t = 7.1040e-12 ... done.
Computing Coupled( 1 poisson-equation(s) , 1 current-contact-equation(s) , 
                   1 electron-equation(s) , 1 hole-equation(s) ) 
using Bank/Rose nonlinear solver.

Iteration   |Rhs|      factor     |step|     error   #inner  #iterative  time
------------------------------------------------------------------------------
    0      2.88e+04                                                      0.04
    1      1.38e+00   1.00e+00   4.60e-04   2.85e+00    0         1      0.13
    2      2.59e-04   1.00e+00   1.30e-08   5.18e-05    0         1      0.23
Finished, because...
Error smaller than 1 ( 5.1827E-05 ).

Accumulated times:
Assembly time:        0.19 s
Solve time:      0.04 s
Total time:      0.23 s

contact        voltage     electron current    hole current     total current
 drain_conta  5.000E-02       2.118E-06         2.183E-22        2.118E-06
 gate_contac  2.131E-03       2.282E-08         0.000E+00        2.282E-08
 source_cont  0.000E+00      -2.140E-06        -2.301E-22       -2.140E-06


Computing BE-step from 7.1040e-12 s to 1.0946e-11 s (Stepsize: 3.8416e-12 s)
Extrapolating values for t = 1.0946e-11 ... done.
Computing Coupled( 1 poisson-equation(s) , 1 current-contact-equation(s) , 
                   1 electron-equation(s) , 1 hole-equation(s) ) 
using Bank/Rose nonlinear solver.

Iteration   |Rhs|      factor     |step|     error   #inner  #iterative  time
------------------------------------------------------------------------------
    0      5.65e+04                                                      0.05
    1      5.47e+00   1.00e+00   8.11e-04   5.69e+00    0         1      0.15
    2      2.77e-04   1.00e+00   4.47e-08   1.95e-04    0         1      0.25
Finished, because...
Error smaller than 1 ( 1.9501E-04 ).

Accumulated times:
Assembly time:        0.21 s
Solve time:      0.03 s
Total time:      0.25 s

contact        voltage     electron current    hole current     total current
 drain_conta  5.000E-02       2.158E-06         2.168E-22        2.158E-06
 gate_contac  3.284E-03       2.294E-08         0.000E+00        2.294E-08
 source_cont  0.000E+00      -2.181E-06        -2.361E-22       -2.181E-06


Computing BE-step from 1.0946e-11 s to 1.6324e-11 s (Stepsize: 5.3782e-12 s)
Extrapolating values for t = 1.6324e-11 ... done.
Computing Coupled( 1 poisson-equation(s) , 1 current-contact-equation(s) , 
                   1 electron-equation(s) , 1 hole-equation(s) ) 
using Bank/Rose nonlinear solver.

Iteration   |Rhs|      factor     |step|     error   #inner  #iterative  time
------------------------------------------------------------------------------
    0      1.11e+05                                                      0.06
    1      2.11e+01   1.00e+00   1.34e-03   1.09e+01    0         1      0.14
    2      2.34e-04   1.00e+00   1.46e-07   7.62e-04    0         1      0.20
Finished, because...
Error smaller than 1 ( 7.6244E-04 ).

Accumulated times:
Assembly time:        0.17 s
Solve time:      0.03 s
Total time:      0.20 s

contact        voltage     electron current    hole current     total current
 drain_conta  5.000E-02       2.215E-06         2.151E-22        2.215E-06
 gate_contac  4.897E-03       2.310E-08         0.000E+00        2.310E-08
 source_cont  0.000E+00      -2.238E-06        -2.427E-22       -2.238E-06


Computing BE-step from 1.6324e-11 s to 2.0000e-11 s (Stepsize: 3.6762e-12 s)
Extrapolating values for t = 2.0000e-11 ... done.
Computing Coupled( 1 poisson-equation(s) , 1 current-contact-equation(s) , 
                   1 electron-equation(s) , 1 hole-equation(s) ) 
using Bank/Rose nonlinear solver.

Iteration   |Rhs|      factor     |step|     error   #inner  #iterative  time
------------------------------------------------------------------------------
    0      7.44e+04                                                      0.04
    1      9.51e+00   1.00e+00   5.77e-04   7.42e+00    0         1      0.09
    2      2.82e-04   1.00e+00   3.87e-08   3.18e-04    0         1      0.15
Finished, because...
Error smaller than 1 ( 3.1829E-04 ).

Accumulated times:
Assembly time:        0.11 s
Solve time:      0.03 s
Total time:      0.15 s

contact        voltage     electron current    hole current     total current
 drain_conta  5.000E-02       2.254E-06         2.140E-22        2.254E-06
 gate_contac  6.000E-03       2.326E-08         0.000E+00        2.326E-08
 source_cont  0.000E+00      -2.277E-06        -2.465E-22       -2.277E-06


Computing BE-step from 2.0000e-11 s to 2.7530e-11 s (Stepsize: 7.5295e-12 s)
Extrapolating values for t = 2.7530e-11 ... done.
Computing Coupled( 1 poisson-equation(s) , 1 current-contact-equation(s) , 
                   1 electron-equation(s) , 1 hole-equation(s) ) 
using Bank/Rose nonlinear solver.

Iteration   |Rhs|      factor     |step|     error   #inner  #iterative  time
------------------------------------------------------------------------------
    0      4.19e+05                                                      0.04
    1      3.05e+02   1.00e+00   3.52e-03   4.21e+01    0         1      0.10
    2      2.98e-04   1.00e+00   1.34e-06   9.41e-03    0         1      0.16
Finished, because...
Error smaller than 1 ( 9.4130E-03 ).

Accumulated times:
Assembly time:        0.14 s
Solve time:      0.02 s
Total time:      0.16 s

contact        voltage     electron current    hole current     total current
 drain_conta  5.000E-02       2.334E-06         2.121E-22        2.334E-06
 gate_contac  8.259E-03       2.344E-08         0.000E+00        2.344E-08
 source_cont  0.000E+00      -2.358E-06        -2.520E-22       -2.358E-06


Computing BE-step from 2.7530e-11 s to 3.8071e-11 s (Stepsize: 1.0541e-11 s)
Extrapolating values for t = 3.8071e-11 ... done.
Computing Coupled( 1 poisson-equation(s) , 1 current-contact-equation(s) , 
                   1 electron-equation(s) , 1 hole-equation(s) ) 
using Bank/Rose nonlinear solver.

Iteration   |Rhs|      factor     |step|     error   #inner  #iterative  time
------------------------------------------------------------------------------
    0      5.18e+05                                                      0.04
    1      4.65e+02   1.00e+00   3.29e-03   4.98e+01    0         1      0.10
    2      2.62e-04   1.00e+00   1.57e-06   1.38e-02    0         1      0.17
Finished, because...
Error smaller than 1 ( 1.3829E-02 ).

Accumulated times:
Assembly time:        0.12 s
Solve time:      0.03 s
Total time:      0.17 s

contact        voltage     electron current    hole current     total current
 drain_conta  5.000E-02       2.449E-06         2.102E-22        2.449E-06
 gate_contac  1.142E-02       2.374E-08         0.000E+00        2.374E-08
 source_cont  0.000E+00      -2.473E-06        -2.561E-22       -2.473E-06


Computing BE-step from 3.8071e-11 s to 4.0000e-11 s (Stepsize: 1.9291e-12 s)
Extrapolating values for t = 4.0000e-11 ... done.
Computing Coupled( 1 poisson-equation(s) , 1 current-contact-equation(s) , 
                   1 electron-equation(s) , 1 hole-equation(s) ) 
using Bank/Rose nonlinear solver.

Iteration   |Rhs|      factor     |step|     error   #inner  #iterative  time
------------------------------------------------------------------------------
    0      5.38e+04                                                      0.04
    1      4.94e+00   1.00e+00   1.50e-04   5.07e+00    0         1      0.11
    2      2.35e-04   1.00e+00   5.68e-09   1.44e-04    0         1      0.21
Finished, because...
Error smaller than 1 ( 1.4358E-04 ).

Accumulated times:
Assembly time:        0.18 s
Solve time:      0.03 s
Total time:      0.21 s

contact        voltage     electron current    hole current     total current
 drain_conta  5.000E-02       2.470E-06         2.098E-22        2.470E-06
 gate_contac  1.200E-02       2.394E-08         0.000E+00        2.394E-08
 source_cont  0.000E+00      -2.494E-06        -2.567E-22       -2.494E-06


Computing BE-step from 4.0000e-11 s to 5.4758e-11 s (Stepsize: 1.4758e-11 s)
Extrapolating values for t = 5.4758e-11 ... done.
Computing Coupled( 1 poisson-equation(s) , 1 current-contact-equation(s) , 
                   1 electron-equation(s) , 1 hole-equation(s) ) 
using Bank/Rose nonlinear solver.

Iteration   |Rhs|      factor     |step|     error   #inner  #iterative  time
------------------------------------------------------------------------------
    0      1.03e+06                                                      0.06
    1      1.84e+03   1.00e+00   3.51e-03   9.47e+01    0         1      0.15
    2      1.53e-03   1.00e+00   3.21e-06   4.96e-02    0         1      0.25
Finished, because...
Error smaller than 1 ( 4.9642E-02 ).

Accumulated times:
Assembly time:        0.20 s
Solve time:      0.04 s
Total time:      0.25 s

contact        voltage     electron current    hole current     total current
 drain_conta  5.000E-02       2.633E-06         2.079E-22        2.633E-06
 gate_contac  1.643E-02       2.421E-08         0.000E+00        2.421E-08
 source_cont  0.000E+00      -2.657E-06        -2.574E-22       -2.657E-06


Computing BE-step from 5.4758e-11 s to 6.0000e-11 s (Stepsize: 5.2421e-12 s)
Extrapolating values for t = 6.0000e-11 ... done.
Computing Coupled( 1 poisson-equation(s) , 1 current-contact-equation(s) , 
                   1 electron-equation(s) , 1 hole-equation(s) ) 
using Bank/Rose nonlinear solver.

Iteration   |Rhs|      factor     |step|     error   #inner  #iterative  time
------------------------------------------------------------------------------
    0      2.59e+05                                                      0.06
    1      1.13e+02   1.00e+00   6.17e-04   2.31e+01    0         1      0.16
    2      2.49e-04   1.00e+00   1.11e-07   2.92e-03    0         1      0.26
Finished, because...
Error smaller than 1 ( 2.9224E-03 ).

Accumulated times:
Assembly time:        0.21 s
Solve time:      0.04 s
Total time:      0.26 s

contact        voltage     electron current    hole current     total current
 drain_conta  5.000E-02       2.691E-06         2.073E-22        2.691E-06
 gate_contac  1.800E-02       2.453E-08         0.000E+00        2.453E-08
 source_cont  0.000E+00      -2.716E-06        -2.570E-22       -2.716E-06


Computing BE-step from 6.0000e-11 s to 8.0000e-11 s (Stepsize: 2.0000e-11 s)
Extrapolating values for t = 8.0000e-11 ... done.
Computing Coupled( 1 poisson-equation(s) , 1 current-contact-equation(s) , 
                   1 electron-equation(s) , 1 hole-equation(s) ) 
using Bank/Rose nonlinear solver.

Iteration   |Rhs|      factor     |step|     error   #inner  #iterative  time
------------------------------------------------------------------------------
    0      2.44e+06                                                      0.04
    1      1.03e+04   1.00e+00   4.42e-03   2.03e+02    0         1      0.10
    2      3.97e-02   1.00e+00   8.21e-06   2.40e-01    0         1      0.16
Finished, because...
Error smaller than 1 ( 2.4004E-01 ).

Accumulated times:
Assembly time:        0.14 s
Solve time:      0.02 s
Total time:      0.16 s

contact        voltage     electron current    hole current     total current
 drain_conta  5.000E-02       2.917E-06         2.054E-22        2.917E-06
 gate_contac  2.400E-02       2.494E-08         0.000E+00        2.494E-08
 source_cont  0.000E+00      -2.942E-06        -2.529E-22       -2.942E-06


Computing BE-step from 8.0000e-11 s to 1.0000e-10 s (Stepsize: 2.0000e-11 s)
Extrapolating values for t = 1.0000e-10 ... done.
Computing Coupled( 1 poisson-equation(s) , 1 current-contact-equation(s) , 
                   1 electron-equation(s) , 1 hole-equation(s) ) 
using Bank/Rose nonlinear solver.

Iteration   |Rhs|      factor     |step|     error   #inner  #iterative  time
------------------------------------------------------------------------------
    0      2.08e+06                                                      0.03
    1      7.30e+03   1.00e+00   2.63e-03   1.64e+02    0         1      0.09
    2      1.79e-02   1.00e+00   3.25e-06   1.60e-01    0         1      0.17
Finished, because...
Error smaller than 1 ( 1.5960E-01 ).

Accumulated times:
Assembly time:        0.15 s
Solve time:      0.02 s
Total time:      0.17 s

contact        voltage     electron current    hole current     total current
 drain_conta  5.000E-02       3.146E-06         2.038E-22        3.146E-06
 gate_contac  3.000E-02       2.556E-08         0.000E+00        2.556E-08
 source_cont  0.000E+00      -3.171E-06        -2.470E-22       -3.171E-06


Computing BE-step from 1.0000e-10 s to 1.2000e-10 s (Stepsize: 2.0000e-11 s)
Extrapolating values for t = 1.2000e-10 ... done.
Computing Coupled( 1 poisson-equation(s) , 1 current-contact-equation(s) , 
                   1 electron-equation(s) , 1 hole-equation(s) ) 
using Bank/Rose nonlinear solver.

Iteration   |Rhs|      factor     |step|     error   #inner  #iterative  time
------------------------------------------------------------------------------
    0      1.83e+06                                                      0.06
    1      5.49e+03   1.00e+00   2.31e-03   1.38e+02    0         1      0.15
    2      1.61e-02   1.00e+00   3.25e-06   1.29e-01    0         1      0.20
Finished, because...
Error smaller than 1 ( 1.2889E-01 ).

Accumulated times:
Assembly time:        0.17 s
Solve time:      0.03 s
Total time:      0.20 s

contact        voltage     electron current    hole current     total current
 drain_conta  5.000E-02       3.375E-06         2.022E-22        3.375E-06
 gate_contac  3.600E-02       2.613E-08         0.000E+00        2.613E-08
 source_cont  0.000E+00      -3.402E-06        -2.406E-22       -3.402E-06


Computing BE-step from 1.2000e-10 s to 1.4000e-10 s (Stepsize: 2.0000e-11 s)
Extrapolating values for t = 1.4000e-10 ... done.
Computing Coupled( 1 poisson-equation(s) , 1 current-contact-equation(s) , 
                   1 electron-equation(s) , 1 hole-equation(s) ) 
using Bank/Rose nonlinear solver.

Iteration   |Rhs|      factor     |step|     error   #inner  #iterative  time
------------------------------------------------------------------------------
    0      5.62e+06                                                      0.03
    1      5.24e+04   1.00e+00   7.00e-03   4.05e+02    0         1      0.09
    2      4.96e-01   1.00e+00   2.95e-05   9.39e-01    0         1      0.14
Finished, because...
Error smaller than 1 ( 9.3940E-01 ).

Accumulated times:
Assembly time:        0.12 s
Solve time:      0.02 s
Total time:      0.14 s

contact        voltage     electron current    hole current     total current
 drain_conta  5.000E-02       3.606E-06         2.006E-22        3.606E-06
 gate_contac  4.200E-02       2.671E-08         0.000E+00        2.671E-08
 source_cont  0.000E+00      -3.632E-06        -2.341E-22       -3.632E-06


Computing BE-step from 1.4000e-10 s to 1.6000e-10 s (Stepsize: 2.0000e-11 s)
Extrapolating values for t = 1.6000e-10 ... done.
Computing Coupled( 1 poisson-equation(s) , 1 current-contact-equation(s) , 
                   1 electron-equation(s) , 1 hole-equation(s) ) 
using Bank/Rose nonlinear solver.

Iteration   |Rhs|      factor     |step|     error   #inner  #iterative  time
------------------------------------------------------------------------------
    0      2.81e+06                                                      0.03
    1      1.23e+04   1.00e+00   3.63e-03   1.79e+02    0         1      0.09
    2      1.96e-02   1.00e+00   8.23e-06   2.05e-01    0         1      0.15
Finished, because...
Error smaller than 1 ( 2.0492E-01 ).

Accumulated times:
Assembly time:        0.13 s
Solve time:      0.02 s
Total time:      0.15 s

contact        voltage     electron current    hole current     total current
 drain_conta  5.000E-02       3.837E-06         1.989E-22        3.837E-06
 gate_contac  4.800E-02       2.728E-08         0.000E+00        2.728E-08
 source_cont  0.000E+00      -3.864E-06        -2.280E-22       -3.864E-06


Computing BE-step from 1.6000e-10 s to 1.8000e-10 s (Stepsize: 2.0000e-11 s)
Extrapolating values for t = 1.8000e-10 ... done.
Computing Coupled( 1 poisson-equation(s) , 1 current-contact-equation(s) , 
                   1 electron-equation(s) , 1 hole-equation(s) ) 
using Bank/Rose nonlinear solver.

Iteration   |Rhs|      factor     |step|     error   #inner  #iterative  time
------------------------------------------------------------------------------
    0      7.74e+06                                                      0.04
    1      9.24e+04   1.00e+00   9.58e-03   4.70e+02    0         1      0.10
    2      8.90e-01   1.00e+00   5.86e-05   1.39e+00    0         1      0.19
    3      6.47e-04   1.00e+00   1.12e-09   1.67e-05    0         1      0.29
Finished, because...
Error smaller than 1 ( 1.6687E-05 ).

Accumulated times:
Assembly time:        0.24 s
Solve time:      0.05 s
Total time:      0.29 s

contact        voltage     electron current    hole current     total current
 drain_conta  5.000E-02       4.069E-06         1.970E-22        4.069E-06
 gate_contac  5.400E-02       2.783E-08         0.000E+00        2.783E-08
 source_cont  0.000E+00      -4.097E-06        -2.224E-22       -4.097E-06


Computing BE-step from 1.8000e-10 s to 2.0000e-10 s (Stepsize: 2.0000e-11 s)
Extrapolating values for t = 2.0000e-10 ... done.
Computing Coupled( 1 poisson-equation(s) , 1 current-contact-equation(s) , 
                   1 electron-equation(s) , 1 hole-equation(s) ) 
using Bank/Rose nonlinear solver.

Iteration   |Rhs|      factor     |step|     error   #inner  #iterative  time
------------------------------------------------------------------------------
    0      2.91e+06                                                      0.06
    1      1.17e+04   1.00e+00   3.41e-03   1.59e+02    0         1      0.15
    2      1.34e-02   1.00e+00   7.48e-06   1.60e-01    0         1      0.25
Finished, because...
Error smaller than 1 ( 1.5979E-01 ).

Accumulated times:
Assembly time:        0.21 s
Solve time:      0.04 s
Total time:      0.25 s

contact        voltage     electron current    hole current     total current
 drain_conta  5.000E-02       4.301E-06         1.951E-22        4.301E-06
 gate_contac  6.000E-02       2.835E-08         0.000E+00        2.835E-08
 source_cont  0.000E+00      -4.330E-06        -2.172E-22       -4.330E-06


Computing BE-step from 2.0000e-10 s to 2.2000e-10 s (Stepsize: 2.0000e-11 s)
Extrapolating values for t = 2.2000e-10 ... done.
Computing Coupled( 1 poisson-equation(s) , 1 current-contact-equation(s) , 
                   1 electron-equation(s) , 1 hole-equation(s) ) 
using Bank/Rose nonlinear solver.

Iteration   |Rhs|      factor     |step|     error   #inner  #iterative  time
------------------------------------------------------------------------------
    0      8.08e+06                                                      0.06
    1      8.66e+04   1.00e+00   8.86e-03   4.24e+02    0         1      0.15
    2      6.31e-01   1.00e+00   5.04e-05   1.04e+00    0         1      0.24
    3      6.40e-04   1.00e+00   8.64e-10   8.50e-06    0         1      0.31
Finished, because...
Error smaller than 1 ( 8.5006E-06 ).

Accumulated times:
Assembly time:        0.26 s
Solve time:      0.04 s
Total time:      0.31 s

contact        voltage     electron current    hole current     total current
 drain_conta  5.000E-02       4.531E-06         1.930E-22        4.531E-06
 gate_contac  6.600E-02       2.881E-08         0.000E+00        2.881E-08
 source_cont  0.000E+00      -4.560E-06        -2.125E-22       -4.560E-06


Computing BE-step from 2.2000e-10 s to 2.4000e-10 s (Stepsize: 2.0000e-11 s)
Extrapolating values for t = 2.4000e-10 ... done.
Computing Coupled( 1 poisson-equation(s) , 1 current-contact-equation(s) , 
                   1 electron-equation(s) , 1 hole-equation(s) ) 
using Bank/Rose nonlinear solver.

Iteration   |Rhs|      factor     |step|     error   #inner  #iterative  time
------------------------------------------------------------------------------
    0      3.34e+06                                                      0.06
    1      1.08e+04   1.00e+00   2.98e-03   1.47e+02    0         1      0.16
    2      8.37e-03   1.00e+00   5.46e-06   1.13e-01    0         1      0.25
Finished, because...
Error smaller than 1 ( 1.1297E-01 ).

Accumulated times:
Assembly time:        0.21 s
Solve time:      0.04 s
Total time:      0.25 s

contact        voltage     electron current    hole current     total current
 drain_conta  5.000E-02       4.759E-06         1.909E-22        4.759E-06
 gate_contac  7.200E-02       2.928E-08         0.000E+00        2.928E-08
 source_cont  0.000E+00      -4.789E-06        -2.080E-22       -4.789E-06


Computing BE-step from 2.4000e-10 s to 2.6000e-10 s (Stepsize: 2.0000e-11 s)
Extrapolating values for t = 2.6000e-10 ... done.
Computing Coupled( 1 poisson-equation(s) , 1 current-contact-equation(s) , 
                   1 electron-equation(s) , 1 hole-equation(s) ) 
using Bank/Rose nonlinear solver.

Iteration   |Rhs|      factor     |step|     error   #inner  #iterative  time
------------------------------------------------------------------------------
    0      8.70e+06                                                      0.05
    1      7.94e+04   1.00e+00   7.77e-03   3.86e+02    0         1      0.10
    2      3.84e-01   1.00e+00   3.74e-05   7.47e-01    0         1      0.16
Finished, because...
Error smaller than 1 ( 7.4706E-01 ).

Accumulated times:
Assembly time:        0.13 s
Solve time:      0.02 s
Total time:      0.16 s

contact        voltage     electron current    hole current     total current
 drain_conta  5.000E-02       4.986E-06         1.887E-22        4.986E-06
 gate_contac  7.800E-02       2.973E-08         0.000E+00        2.973E-08
 source_cont  0.000E+00      -5.016E-06        -2.038E-22       -5.016E-06


Computing BE-step from 2.6000e-10 s to 2.8000e-10 s (Stepsize: 2.0000e-11 s)
Extrapolating values for t = 2.8000e-10 ... done.
Computing Coupled( 1 poisson-equation(s) , 1 current-contact-equation(s) , 
                   1 electron-equation(s) , 1 hole-equation(s) ) 
using Bank/Rose nonlinear solver.

Iteration   |Rhs|      factor     |step|     error   #inner  #iterative  time
------------------------------------------------------------------------------
    0      3.40e+06                                                      0.04
    1      9.64e+03   1.00e+00   2.62e-03   1.33e+02    0         1      0.10
    2      6.33e-03   1.00e+00   4.37e-06   9.75e-02    0         1      0.16
Finished, because...
Error smaller than 1 ( 9.7475E-02 ).

Accumulated times:
Assembly time:        0.13 s
Solve time:      0.03 s
Total time:      0.16 s

contact        voltage     electron current    hole current     total current
 drain_conta  5.000E-02       5.212E-06         1.865E-22        5.212E-06
 gate_contac  8.400E-02       3.015E-08         0.000E+00        3.015E-08
 source_cont  0.000E+00      -5.242E-06        -1.999E-22       -5.242E-06


Computing BE-step from 2.8000e-10 s to 3.0000e-10 s (Stepsize: 2.0000e-11 s)
Extrapolating values for t = 3.0000e-10 ... done.
Computing Coupled( 1 poisson-equation(s) , 1 current-contact-equation(s) , 
                   1 electron-equation(s) , 1 hole-equation(s) ) 
using Bank/Rose nonlinear solver.

Iteration   |Rhs|      factor     |step|     error   #inner  #iterative  time
------------------------------------------------------------------------------
    0      8.78e+06                                                      0.03
    1      7.17e+04   1.00e+00   6.84e-03   3.46e+02    0         1      0.12
    2      2.05e-01   1.00e+00   2.98e-05   5.81e-01    0         1      0.22
Finished, because...
Error smaller than 1 ( 5.8130E-01 ).

Accumulated times:
Assembly time:        0.18 s
Solve time:      0.04 s
Total time:      0.22 s

contact        voltage     electron current    hole current     total current
 drain_conta  5.000E-02       5.435E-06         1.842E-22        5.435E-06
 gate_contac  9.000E-02       3.058E-08         0.000E+00        3.058E-08
 source_cont  0.000E+00      -5.465E-06        -1.962E-22       -5.465E-06


Computing BE-step from 3.0000e-10 s to 3.2000e-10 s (Stepsize: 2.0000e-11 s)
Extrapolating values for t = 3.2000e-10 ... done.
Computing Coupled( 1 poisson-equation(s) , 1 current-contact-equation(s) , 
                   1 electron-equation(s) , 1 hole-equation(s) ) 
using Bank/Rose nonlinear solver.

Iteration   |Rhs|      factor     |step|     error   #inner  #iterative  time
------------------------------------------------------------------------------
    0      2.94e+06                                                      0.06
    1      9.00e+03   1.00e+00   2.32e-03   1.18e+02    0         1      0.15
    2      3.79e-03   1.00e+00   3.58e-06   7.14e-02    0         1      0.25
Finished, because...
Error smaller than 1 ( 7.1402E-02 ).

Accumulated times:
Assembly time:        0.22 s
Solve time:      0.03 s
Total time:      0.25 s

contact        voltage     electron current    hole current     total current
 drain_conta  5.000E-02       5.656E-06         1.819E-22        5.656E-06
 gate_contac  9.600E-02       3.097E-08         0.000E+00        3.097E-08
 source_cont  0.000E+00      -5.687E-06        -1.926E-22       -5.687E-06


Computing BE-step from 3.2000e-10 s to 3.4000e-10 s (Stepsize: 2.0000e-11 s)
Extrapolating values for t = 3.4000e-10 ... done.
Computing Coupled( 1 poisson-equation(s) , 1 current-contact-equation(s) , 
                   1 electron-equation(s) , 1 hole-equation(s) ) 
using Bank/Rose nonlinear solver.

Iteration   |Rhs|      factor     |step|     error   #inner  #iterative  time
------------------------------------------------------------------------------
    0      8.10e+06                                                      0.06
    1      6.61e+04   1.00e+00   6.06e-03   3.10e+02    0         1      0.15
    2      1.84e-01   1.00e+00   2.46e-05   4.80e-01    0         1      0.22
Finished, because...
Error smaller than 1 ( 4.8000E-01 ).

Accumulated times:
Assembly time:        0.18 s
Solve time:      0.04 s
Total time:      0.22 s

contact        voltage     electron current    hole current     total current
 drain_conta  5.000E-02       5.876E-06         1.796E-22        5.876E-06
 gate_contac  1.020E-01       3.135E-08         0.000E+00        3.135E-08
 source_cont  0.000E+00      -5.907E-06        -1.893E-22       -5.907E-06


Computing BE-step from 3.4000e-10 s to 3.6000e-10 s (Stepsize: 2.0000e-11 s)
Extrapolating values for t = 3.6000e-10 ... done.
Computing Coupled( 1 poisson-equation(s) , 1 current-contact-equation(s) , 
                   1 electron-equation(s) , 1 hole-equation(s) ) 
using Bank/Rose nonlinear solver.

Iteration   |Rhs|      factor     |step|     error   #inner  #iterative  time
------------------------------------------------------------------------------
    0      3.05e+06                                                      0.04
    1      8.07e+03   1.00e+00   2.06e-03   1.08e+02    0         1      0.10
    2      2.81e-03   1.00e+00   2.77e-06   5.70e-02    0         1      0.17
Finished, because...
Error smaller than 1 ( 5.6962E-02 ).

Accumulated times:
Assembly time:        0.15 s
Solve time:      0.02 s
Total time:      0.17 s

contact        voltage     electron current    hole current     total current
 drain_conta  5.000E-02       6.094E-06         1.773E-22        6.094E-06
 gate_contac  1.080E-01       3.171E-08         0.000E+00        3.171E-08
 source_cont  0.000E+00      -6.126E-06        -1.861E-22       -6.126E-06


Computing BE-step from 3.6000e-10 s to 3.8000e-10 s (Stepsize: 2.0000e-11 s)
Extrapolating values for t = 3.8000e-10 ... done.
Computing Coupled( 1 poisson-equation(s) , 1 current-contact-equation(s) , 
                   1 electron-equation(s) , 1 hole-equation(s) ) 
using Bank/Rose nonlinear solver.

Iteration   |Rhs|      factor     |step|     error   #inner  #iterative  time
------------------------------------------------------------------------------
    0      8.46e+06                                                      0.06
    1      5.92e+04   1.00e+00   5.36e-03   2.85e+02    0         1      0.15
    2      1.27e-01   1.00e+00   1.89e-05   3.81e-01    0         1      0.25
Finished, because...
Error smaller than 1 ( 3.8123E-01 ).

Accumulated times:
Assembly time:        0.21 s
Solve time:      0.03 s
Total time:      0.25 s

contact        voltage     electron current    hole current     total current
 drain_conta  5.000E-02       6.310E-06         1.751E-22        6.310E-06
 gate_contac  1.140E-01       3.205E-08         0.000E+00        3.205E-08
 source_cont  0.000E+00      -6.343E-06        -1.830E-22       -6.343E-06


Computing BE-step from 3.8000e-10 s to 4.0000e-10 s (Stepsize: 2.0000e-11 s)
Extrapolating values for t = 4.0000e-10 ... done.
Computing Coupled( 1 poisson-equation(s) , 1 current-contact-equation(s) , 
                   1 electron-equation(s) , 1 hole-equation(s) ) 
using Bank/Rose nonlinear solver.

Iteration   |Rhs|      factor     |step|     error   #inner  #iterative  time
------------------------------------------------------------------------------
    0      3.21e+06                                                      0.06
    1      7.31e+03   1.00e+00   1.81e-03   9.82e+01    0         1      0.16
    2      1.66e-03   1.00e+00   2.09e-06   4.44e-02    0         1      0.25
Finished, because...
Error smaller than 1 ( 4.4375E-02 ).

Accumulated times:
Assembly time:        0.21 s
Solve time:      0.03 s
Total time:      0.25 s

contact        voltage     electron current    hole current     total current
 drain_conta  5.000E-02       6.525E-06         1.728E-22        6.525E-06
 gate_contac  1.200E-01       3.238E-08         0.000E+00        3.238E-08
 source_cont  0.000E+00      -6.558E-06        -1.801E-22       -6.558E-06


Computing BE-step from 4.0000e-10 s to 4.2000e-10 s (Stepsize: 2.0000e-11 s)
Extrapolating values for t = 4.2000e-10 ... done.
Computing Coupled( 1 poisson-equation(s) , 1 current-contact-equation(s) , 
                   1 electron-equation(s) , 1 hole-equation(s) ) 
using Bank/Rose nonlinear solver.

Iteration   |Rhs|      factor     |step|     error   #inner  #iterative  time
------------------------------------------------------------------------------
    0      9.04e+06                                                      0.05
    1      5.33e+04   1.00e+00   4.73e-03   2.59e+02    0         1      0.11
    2      8.57e-02   1.00e+00   1.44e-05   3.01e-01    0         1      0.18
Finished, because...
Error smaller than 1 ( 3.0050E-01 ).

Accumulated times:
Assembly time:        0.15 s
Solve time:      0.03 s
Total time:      0.18 s

contact        voltage     electron current    hole current     total current
 drain_conta  5.000E-02       6.739E-06         1.707E-22        6.739E-06
 gate_contac  1.260E-01       3.269E-08         0.000E+00        3.269E-08
 source_cont  0.000E+00      -6.771E-06        -1.773E-22       -6.771E-06


Computing BE-step from 4.2000e-10 s to 4.4000e-10 s (Stepsize: 2.0000e-11 s)
Extrapolating values for t = 4.4000e-10 ... done.
Computing Coupled( 1 poisson-equation(s) , 1 current-contact-equation(s) , 
                   1 electron-equation(s) , 1 hole-equation(s) ) 
using Bank/Rose nonlinear solver.

Iteration   |Rhs|      factor     |step|     error   #inner  #iterative  time
------------------------------------------------------------------------------
    0      3.52e+06                                                      0.05
    1      6.51e+03   1.00e+00   1.63e-03   9.03e+01    0         1      0.11
    2      1.52e-03   1.00e+00   1.70e-06   3.71e-02    0         1      0.17
Finished, because...
Error smaller than 1 ( 3.7083E-02 ).

Accumulated times:
Assembly time:        0.15 s
Solve time:      0.02 s
Total time:      0.17 s

contact        voltage     electron current    hole current     total current
 drain_conta  5.000E-02       6.950E-06         1.685E-22        6.950E-06
 gate_contac  1.320E-01       3.299E-08         0.000E+00        3.299E-08
 source_cont  0.000E+00      -6.983E-06        -1.746E-22       -6.983E-06


Computing BE-step from 4.4000e-10 s to 4.6000e-10 s (Stepsize: 2.0000e-11 s)
Extrapolating values for t = 4.6000e-10 ... done.
Computing Coupled( 1 poisson-equation(s) , 1 current-contact-equation(s) , 
                   1 electron-equation(s) , 1 hole-equation(s) ) 
using Bank/Rose nonlinear solver.

Iteration   |Rhs|      factor     |step|     error   #inner  #iterative  time
------------------------------------------------------------------------------
    0      9.37e+06                                                      0.03
    1      4.77e+04   1.00e+00   4.27e-03   2.38e+02    0         1      0.12
    2      8.00e-02   1.00e+00   1.18e-05   2.51e-01    0         1      0.18
Finished, because...
Error smaller than 1 ( 2.5122E-01 ).

Accumulated times:
Assembly time:        0.14 s
Solve time:      0.04 s
Total time:      0.18 s

contact        voltage     electron current    hole current     total current
 drain_conta  5.000E-02       7.160E-06         1.664E-22        7.160E-06
 gate_contac  1.380E-01       3.327E-08         0.000E+00        3.327E-08
 source_cont  0.000E+00      -7.193E-06        -1.720E-22       -7.193E-06


Computing BE-step from 4.6000e-10 s to 4.8000e-10 s (Stepsize: 2.0000e-11 s)
Extrapolating values for t = 4.8000e-10 ... done.
Computing Coupled( 1 poisson-equation(s) , 1 current-contact-equation(s) , 
                   1 electron-equation(s) , 1 hole-equation(s) ) 
using Bank/Rose nonlinear solver.

Iteration   |Rhs|      factor     |step|     error   #inner  #iterative  time
------------------------------------------------------------------------------
    0      3.19e+06                                                      0.03
    1      5.93e+03   1.00e+00   1.47e-03   8.23e+01    0         1      0.09
    2      1.40e-03   1.00e+00   1.39e-06   3.08e-02    0         1      0.15
Finished, because...
Error smaller than 1 ( 3.0822E-02 ).

Accumulated times:
Assembly time:        0.13 s
Solve time:      0.02 s
Total time:      0.15 s

contact        voltage     electron current    hole current     total current
 drain_conta  5.000E-02       7.368E-06         1.644E-22        7.368E-06
 gate_contac  1.440E-01       3.355E-08         0.000E+00        3.355E-08
 source_cont  0.000E+00      -7.402E-06        -1.695E-22       -7.402E-06


Computing BE-step from 4.8000e-10 s to 5.0000e-10 s (Stepsize: 2.0000e-11 s)
Extrapolating values for t = 5.0000e-10 ... done.
Computing Coupled( 1 poisson-equation(s) , 1 current-contact-equation(s) , 
                   1 electron-equation(s) , 1 hole-equation(s) ) 
using Bank/Rose nonlinear solver.

Iteration   |Rhs|      factor     |step|     error   #inner  #iterative  time
------------------------------------------------------------------------------
    0      8.28e+06                                                      0.03
    1      4.34e+04   1.00e+00   3.87e-03   2.17e+02    0         1      0.09
    2      6.97e-02   1.00e+00   9.74e-06   2.09e-01    0         1      0.15
Finished, because...
Error smaller than 1 ( 2.0941E-01 ).

Accumulated times:
Assembly time:        0.13 s
Solve time:      0.02 s
Total time:      0.15 s

contact        voltage     electron current    hole current     total current
 drain_conta  5.000E-02       7.574E-06         1.624E-22        7.574E-06
 gate_contac  1.500E-01       3.381E-08         0.000E+00        3.381E-08
 source_cont  0.000E+00      -7.608E-06        -1.671E-22       -7.608E-06


Computing BE-step from 5.0000e-10 s to 5.2000e-10 s (Stepsize: 2.0000e-11 s)
Extrapolating values for t = 5.2000e-10 ... done.
Computing Coupled( 1 poisson-equation(s) , 1 current-contact-equation(s) , 
                   1 electron-equation(s) , 1 hole-equation(s) ) 
using Bank/Rose nonlinear solver.

Iteration   |Rhs|      factor     |step|     error   #inner  #iterative  time
------------------------------------------------------------------------------
    0      2.99e+06                                                      0.04
    1      6.23e+03   1.00e+00   1.36e-03   7.54e+01    0         1      0.10
    2      1.21e-03   1.00e+00   1.19e-06   2.61e-02    0         1      0.16
Finished, because...
Error smaller than 1 ( 2.6116E-02 ).

Accumulated times:
Assembly time:        0.14 s
Solve time:      0.02 s
Total time:      0.16 s

contact        voltage     electron current    hole current     total current
 drain_conta  5.000E-02       7.779E-06         1.605E-22        7.779E-06
 gate_contac  1.560E-01       3.406E-08         0.000E+00        3.406E-08
 source_cont  0.000E+00      -7.813E-06        -1.649E-22       -7.813E-06


Computing BE-step from 5.2000e-10 s to 5.4000e-10 s (Stepsize: 2.0000e-11 s)
Extrapolating values for t = 5.4000e-10 ... done.
Computing Coupled( 1 poisson-equation(s) , 1 current-contact-equation(s) , 
                   1 electron-equation(s) , 1 hole-equation(s) ) 
using Bank/Rose nonlinear solver.

Iteration   |Rhs|      factor     |step|     error   #inner  #iterative  time
------------------------------------------------------------------------------
    0      8.23e+06                                                      0.04
    1      3.96e+04   1.00e+00   3.55e-03   1.99e+02    0         1      0.10
    2      5.18e-02   1.00e+00   8.04e-06   1.66e-01    0         1      0.16
Finished, because...
Error smaller than 1 ( 1.6620E-01 ).

Accumulated times:
Assembly time:        0.14 s
Solve time:      0.02 s
Total time:      0.16 s

contact        voltage     electron current    hole current     total current
 drain_conta  5.000E-02       7.980E-06         1.586E-22        7.980E-06
 gate_contac  1.620E-01       3.430E-08         0.000E+00        3.430E-08
 source_cont  0.000E+00      -8.014E-06        -1.627E-22       -8.014E-06


Computing BE-step from 5.4000e-10 s to 5.6000e-10 s (Stepsize: 2.0000e-11 s)
Extrapolating values for t = 5.6000e-10 ... done.
Computing Coupled( 1 poisson-equation(s) , 1 current-contact-equation(s) , 
                   1 electron-equation(s) , 1 hole-equation(s) ) 
using Bank/Rose nonlinear solver.

Iteration   |Rhs|      factor     |step|     error   #inner  #iterative  time
------------------------------------------------------------------------------
    0      3.29e+06                                                      0.04
    1      4.89e+03   1.00e+00   1.23e-03   6.97e+01    0         1      0.11
    2      1.36e-03   1.00e+00   9.39e-07   2.14e-02    0         1      0.17
Finished, because...
Error smaller than 1 ( 2.1421E-02 ).

Accumulated times:
Assembly time:        0.14 s
Solve time:      0.03 s
Total time:      0.17 s

contact        voltage     electron current    hole current     total current
 drain_conta  5.000E-02       8.179E-06         1.568E-22        8.179E-06
 gate_contac  1.680E-01       3.453E-08         0.000E+00        3.453E-08
 source_cont  0.000E+00      -8.213E-06        -1.605E-22       -8.213E-06


Computing BE-step from 5.6000e-10 s to 5.8000e-10 s (Stepsize: 2.0000e-11 s)
Extrapolating values for t = 5.8000e-10 ... done.
Computing Coupled( 1 poisson-equation(s) , 1 current-contact-equation(s) , 
                   1 electron-equation(s) , 1 hole-equation(s) ) 
using Bank/Rose nonlinear solver.

Iteration   |Rhs|      factor     |step|     error   #inner  #iterative  time
------------------------------------------------------------------------------
    0      9.21e+06                                                      0.06
    1      3.59e+04   1.00e+00   3.24e-03   1.83e+02    0         1      0.15
    2      4.98e-02   1.00e+00   6.60e-06   1.46e-01    0         1      0.24
Finished, because...
Error smaller than 1 ( 1.4584E-01 ).

Accumulated times:
Assembly time:        0.20 s
Solve time:      0.04 s
Total time:      0.24 s

contact        voltage     electron current    hole current     total current
 drain_conta  5.000E-02       8.375E-06         1.550E-22        8.375E-06
 gate_contac  1.740E-01       3.475E-08         0.000E+00        3.475E-08
 source_cont  0.000E+00      -8.409E-06        -1.585E-22       -8.409E-06


Computing BE-step from 5.8000e-10 s to 6.0000e-10 s (Stepsize: 2.0000e-11 s)
Extrapolating values for t = 6.0000e-10 ... done.
Computing Coupled( 1 poisson-equation(s) , 1 current-contact-equation(s) , 
                   1 electron-equation(s) , 1 hole-equation(s) ) 
using Bank/Rose nonlinear solver.

Iteration   |Rhs|      factor     |step|     error   #inner  #iterative  time
------------------------------------------------------------------------------
    0      3.66e+06                                                      0.04
    1      4.54e+03   1.00e+00   1.15e-03   6.35e+01    0         1      0.10
    2      1.15e-03   1.00e+00   8.66e-07   1.83e-02    0         1      0.16
Finished, because...
Error smaller than 1 ( 1.8287E-02 ).

Accumulated times:
Assembly time:        0.12 s
Solve time:      0.03 s
Total time:      0.16 s

contact        voltage     electron current    hole current     total current
 drain_conta  5.000E-02       8.568E-06         1.533E-22        8.568E-06
 gate_contac  1.800E-01       3.497E-08         0.000E+00        3.497E-08
 source_cont  0.000E+00      -8.603E-06        -1.565E-22       -8.603E-06


Computing BE-step from 6.0000e-10 s to 6.2000e-10 s (Stepsize: 2.0000e-11 s)
Extrapolating values for t = 6.2000e-10 ... done.
Computing Coupled( 1 poisson-equation(s) , 1 current-contact-equation(s) , 
                   1 electron-equation(s) , 1 hole-equation(s) ) 
using Bank/Rose nonlinear solver.

Iteration   |Rhs|      factor     |step|     error   #inner  #iterative  time
------------------------------------------------------------------------------
    0      1.02e+07                                                      0.04
    1      3.34e+04   1.00e+00   3.03e-03   1.67e+02    0         1      0.10
    2      4.10e-02   1.00e+00   6.08e-06   1.25e-01    0         1      0.15
Finished, because...
Error smaller than 1 ( 1.2473E-01 ).

Accumulated times:
Assembly time:        0.13 s
Solve time:      0.02 s
Total time:      0.15 s

contact        voltage     electron current    hole current     total current
 drain_conta  5.000E-02       8.758E-06         1.516E-22        8.758E-06
 gate_contac  1.860E-01       3.519E-08         0.000E+00        3.519E-08
 source_cont  0.000E+00      -8.793E-06        -1.546E-22       -8.793E-06


Computing BE-step from 6.2000e-10 s to 6.4000e-10 s (Stepsize: 2.0000e-11 s)
Extrapolating values for t = 6.4000e-10 ... done.
Computing Coupled( 1 poisson-equation(s) , 1 current-contact-equation(s) , 
                   1 electron-equation(s) , 1 hole-equation(s) ) 
using Bank/Rose nonlinear solver.

Iteration   |Rhs|      factor     |step|     error   #inner  #iterative  time
------------------------------------------------------------------------------
    0      4.06e+06                                                      0.03
    1      4.35e+03   1.00e+00   1.06e-03   5.82e+01    0         1      0.09
    2      1.19e-03   1.00e+00   7.79e-07   1.57e-02    0         1      0.15
Finished, because...
Error smaller than 1 ( 1.5675E-02 ).

Accumulated times:
Assembly time:        0.13 s
Solve time:      0.02 s
Total time:      0.15 s

contact        voltage     electron current    hole current     total current
 drain_conta  5.000E-02       8.945E-06         1.500E-22        8.945E-06
 gate_contac  1.920E-01       3.540E-08         0.000E+00        3.540E-08
 source_cont  0.000E+00      -8.981E-06        -1.528E-22       -8.981E-06


Computing BE-step from 6.4000e-10 s to 6.6000e-10 s (Stepsize: 2.0000e-11 s)
Extrapolating values for t = 6.6000e-10 ... done.
Computing Coupled( 1 poisson-equation(s) , 1 current-contact-equation(s) , 
                   1 electron-equation(s) , 1 hole-equation(s) ) 
using Bank/Rose nonlinear solver.

Iteration   |Rhs|      factor     |step|     error   #inner  #iterative  time
------------------------------------------------------------------------------
    0      1.13e+07                                                      0.04
    1      3.22e+04   1.00e+00   2.79e-03   1.53e+02    0         1      0.11
    2      4.98e-02   1.00e+00   5.71e-06   1.18e-01    0         1      0.17
Finished, because...
Error smaller than 1 ( 1.1772E-01 ).

Accumulated times:
Assembly time:        0.13 s
Solve time:      0.03 s
Total time:      0.17 s

contact        voltage     electron current    hole current     total current
 drain_conta  5.000E-02       9.130E-06         1.484E-22        9.130E-06
 gate_contac  1.980E-01       3.560E-08         0.000E+00        3.560E-08
 source_cont  0.000E+00      -9.166E-06        -1.510E-22       -9.166E-06


Computing BE-step from 6.6000e-10 s to 6.8000e-10 s (Stepsize: 2.0000e-11 s)
Extrapolating values for t = 6.8000e-10 ... done.
Computing Coupled( 1 poisson-equation(s) , 1 current-contact-equation(s) , 
                   1 electron-equation(s) , 1 hole-equation(s) ) 
using Bank/Rose nonlinear solver.

Iteration   |Rhs|      factor     |step|     error   #inner  #iterative  time
------------------------------------------------------------------------------
    0      4.48e+06                                                      0.03
    1      4.25e+03   1.00e+00   9.80e-04   5.35e+01    0         1      0.09
    2      1.32e-03   1.00e+00   6.84e-07   1.34e-02    0         1      0.15
Finished, because...
Error smaller than 1 ( 1.3412E-02 ).

Accumulated times:
Assembly time:        0.13 s
Solve time:      0.02 s
Total time:      0.15 s

contact        voltage     electron current    hole current     total current
 drain_conta  5.000E-02       9.312E-06         1.469E-22        9.312E-06
 gate_contac  2.040E-01       3.580E-08         0.000E+00        3.580E-08
 source_cont  0.000E+00      -9.348E-06        -1.493E-22       -9.348E-06


Computing BE-step from 6.8000e-10 s to 7.0000e-10 s (Stepsize: 2.0000e-11 s)
Extrapolating values for t = 7.0000e-10 ... done.
Computing Coupled( 1 poisson-equation(s) , 1 current-contact-equation(s) , 
                   1 electron-equation(s) , 1 hole-equation(s) ) 
using Bank/Rose nonlinear solver.

Iteration   |Rhs|      factor     |step|     error   #inner  #iterative  time
------------------------------------------------------------------------------
    0      1.25e+07                                                      0.03
    1      3.10e+04   1.00e+00   2.57e-03   1.41e+02    0         1      0.10
    2      3.09e-02   1.00e+00   4.69e-06   9.11e-02    0         1      0.16
Finished, because...
Error smaller than 1 ( 9.1141E-02 ).

Accumulated times:
Assembly time:        0.13 s
Solve time:      0.03 s
Total time:      0.16 s

contact        voltage     electron current    hole current     total current
 drain_conta  5.000E-02       9.492E-06         1.454E-22        9.492E-06
 gate_contac  2.100E-01       3.599E-08         0.000E+00        3.599E-08
 source_cont  0.000E+00      -9.528E-06        -1.477E-22       -9.528E-06


Computing BE-step from 7.0000e-10 s to 7.2000e-10 s (Stepsize: 2.0000e-11 s)
Extrapolating values for t = 7.2000e-10 ... done.
Computing Coupled( 1 poisson-equation(s) , 1 current-contact-equation(s) , 
                   1 electron-equation(s) , 1 hole-equation(s) ) 
using Bank/Rose nonlinear solver.

Iteration   |Rhs|      factor     |step|     error   #inner  #iterative  time
------------------------------------------------------------------------------
    0      4.92e+06                                                      0.06
    1      3.89e+03   1.00e+00   8.94e-04   5.00e+01    0         1      0.15
    2      2.20e-03   1.00e+00   5.49e-07   1.12e-02    0         1      0.25
Finished, because...
Error smaller than 1 ( 1.1241E-02 ).

Accumulated times:
Assembly time:        0.21 s
Solve time:      0.04 s
Total time:      0.25 s

contact        voltage     electron current    hole current     total current
 drain_conta  5.000E-02       9.670E-06         1.439E-22        9.670E-06
 gate_contac  2.160E-01       3.616E-08         0.000E+00        3.616E-08
 source_cont  0.000E+00      -9.706E-06        -1.461E-22       -9.706E-06


Computing BE-step from 7.2000e-10 s to 7.4000e-10 s (Stepsize: 2.0000e-11 s)
Extrapolating values for t = 7.4000e-10 ... done.
Computing Coupled( 1 poisson-equation(s) , 1 current-contact-equation(s) , 
                   1 electron-equation(s) , 1 hole-equation(s) ) 
using Bank/Rose nonlinear solver.

Iteration   |Rhs|      factor     |step|     error   #inner  #iterative  time
------------------------------------------------------------------------------
    0      1.37e+07                                                      0.06
    1      2.87e+04   1.00e+00   2.35e-03   1.32e+02    0         1      0.15
    2      2.35e-02   1.00e+00   3.82e-06   7.67e-02    0         1      0.24
Finished, because...
Error smaller than 1 ( 7.6722E-02 ).

Accumulated times:
Assembly time:        0.20 s
Solve time:      0.03 s
Total time:      0.24 s

contact        voltage     electron current    hole current     total current
 drain_conta  5.000E-02       9.846E-06         1.425E-22        9.846E-06
 gate_contac  2.220E-01       3.634E-08         0.000E+00        3.634E-08
 source_cont  0.000E+00      -9.882E-06        -1.446E-22       -9.882E-06


Computing BE-step from 7.4000e-10 s to 7.6000e-10 s (Stepsize: 2.0000e-11 s)
Extrapolating values for t = 7.6000e-10 ... done.
Computing Coupled( 1 poisson-equation(s) , 1 current-contact-equation(s) , 
                   1 electron-equation(s) , 1 hole-equation(s) ) 
using Bank/Rose nonlinear solver.

Iteration   |Rhs|      factor     |step|     error   #inner  #iterative  time
------------------------------------------------------------------------------
    0      5.37e+06                                                      0.06
    1      3.70e+03   1.00e+00   8.30e-04   4.64e+01    0         1      0.12
    2      2.48e-03   1.00e+00   4.78e-07   9.59e-03    0         1      0.20
Finished, because...
Error smaller than 1 ( 9.5926E-03 ).

Accumulated times:
Assembly time:        0.18 s
Solve time:      0.02 s
Total time:      0.20 s

contact        voltage     electron current    hole current     total current
 drain_conta  5.000E-02       1.002E-05         1.412E-22        1.002E-05
 gate_contac  2.280E-01       3.650E-08         0.000E+00        3.650E-08
 source_cont  0.000E+00      -1.006E-05        -1.431E-22       -1.006E-05


Computing BE-step from 7.6000e-10 s to 7.8000e-10 s (Stepsize: 2.0000e-11 s)
Extrapolating values for t = 7.8000e-10 ... done.
Computing Coupled( 1 poisson-equation(s) , 1 current-contact-equation(s) , 
                   1 electron-equation(s) , 1 hole-equation(s) ) 
using Bank/Rose nonlinear solver.

Iteration   |Rhs|      factor     |step|     error   #inner  #iterative  time
------------------------------------------------------------------------------
    0      1.49e+07                                                      0.06
    1      2.73e+04   1.00e+00   2.19e-03   1.22e+02    0         1      0.16
    2      1.91e-02   1.00e+00   3.32e-06   6.55e-02    0         1      0.25
Finished, because...
Error smaller than 1 ( 6.5502E-02 ).

Accumulated times:
Assembly time:        0.21 s
Solve time:      0.04 s
Total time:      0.25 s

contact        voltage     electron current    hole current     total current
 drain_conta  5.000E-02       1.019E-05         1.399E-22        1.019E-05
 gate_contac  2.340E-01       3.667E-08         0.000E+00        3.667E-08
 source_cont  0.000E+00      -1.023E-05        -1.417E-22       -1.023E-05


Computing BE-step from 7.8000e-10 s to 8.0000e-10 s (Stepsize: 2.0000e-11 s)
Extrapolating values for t = 8.0000e-10 ... done.
Computing Coupled( 1 poisson-equation(s) , 1 current-contact-equation(s) , 
                   1 electron-equation(s) , 1 hole-equation(s) ) 
using Bank/Rose nonlinear solver.

Iteration   |Rhs|      factor     |step|     error   #inner  #iterative  time
------------------------------------------------------------------------------
    0      5.83e+06                                                      0.04
    1      3.56e+03   1.00e+00   7.71e-04   4.31e+01    0         1      0.10
    2      2.26e-03   1.00e+00   4.16e-07   8.20e-03    0         1      0.15
Finished, because...
Error smaller than 1 ( 8.1951E-03 ).

Accumulated times:
Assembly time:        0.12 s
Solve time:      0.03 s
Total time:      0.15 s

contact        voltage     electron current    hole current     total current
 drain_conta  5.000E-02       1.036E-05         1.386E-22        1.036E-05
 gate_contac  2.400E-01       3.682E-08         0.000E+00        3.682E-08
 source_cont  0.000E+00      -1.040E-05        -1.403E-22       -1.040E-05


Computing BE-step from 8.0000e-10 s to 8.2000e-10 s (Stepsize: 2.0000e-11 s)
Extrapolating values for t = 8.2000e-10 ... done.
Computing Coupled( 1 poisson-equation(s) , 1 current-contact-equation(s) , 
                   1 electron-equation(s) , 1 hole-equation(s) ) 
using Bank/Rose nonlinear solver.

Iteration   |Rhs|      factor     |step|     error   #inner  #iterative  time
------------------------------------------------------------------------------
    0      1.62e+07                                                      0.04
    1      2.63e+04   1.00e+00   2.03e-03   1.14e+02    0         1      0.10
    2      1.54e-02   1.00e+00   2.90e-06   5.60e-02    0         1      0.16
Finished, because...
Error smaller than 1 ( 5.5987E-02 ).

Accumulated times:
Assembly time:        0.14 s
Solve time:      0.02 s
Total time:      0.16 s

contact        voltage     electron current    hole current     total current
 drain_conta  5.000E-02       1.053E-05         1.374E-22        1.053E-05
 gate_contac  2.460E-01       3.697E-08         0.000E+00        3.697E-08
 source_cont  0.000E+00      -1.057E-05        -1.390E-22       -1.057E-05


Computing BE-step from 8.2000e-10 s to 8.4000e-10 s (Stepsize: 2.0000e-11 s)
Extrapolating values for t = 8.4000e-10 ... done.
Computing Coupled( 1 poisson-equation(s) , 1 current-contact-equation(s) , 
                   1 electron-equation(s) , 1 hole-equation(s) ) 
using Bank/Rose nonlinear solver.

Iteration   |Rhs|      factor     |step|     error   #inner  #iterative  time
------------------------------------------------------------------------------
    0      6.31e+06                                                      0.03
    1      3.45e+03   1.00e+00   7.17e-04   4.01e+01    0         1      0.09
    2      2.26e-03   1.00e+00   3.63e-07   7.01e-03    0         1      0.15
Finished, because...
Error smaller than 1 ( 7.0113E-03 ).

Accumulated times:
Assembly time:        0.13 s
Solve time:      0.02 s
Total time:      0.15 s

contact        voltage     electron current    hole current     total current
 drain_conta  5.000E-02       1.069E-05         1.362E-22        1.069E-05
 gate_contac  2.520E-01       3.712E-08         0.000E+00        3.712E-08
 source_cont  0.000E+00      -1.073E-05        -1.377E-22       -1.073E-05


Computing BE-step from 8.4000e-10 s to 8.6000e-10 s (Stepsize: 2.0000e-11 s)
Extrapolating values for t = 8.6000e-10 ... done.
Computing Coupled( 1 poisson-equation(s) , 1 current-contact-equation(s) , 
                   1 electron-equation(s) , 1 hole-equation(s) ) 
using Bank/Rose nonlinear solver.

Iteration   |Rhs|      factor     |step|     error   #inner  #iterative  time
------------------------------------------------------------------------------
    0      1.75e+07                                                      0.03
    1      2.55e+04   1.00e+00   1.89e-03   1.06e+02    0         1      0.09
    2      1.25e-02   1.00e+00   2.53e-06   4.79e-02    0         1      0.15
Finished, because...
Error smaller than 1 ( 4.7924E-02 ).

Accumulated times:
Assembly time:        0.12 s
Solve time:      0.02 s
Total time:      0.15 s

contact        voltage     electron current    hole current     total current
 drain_conta  5.000E-02       1.086E-05         1.351E-22        1.086E-05
 gate_contac  2.580E-01       3.726E-08         0.000E+00        3.726E-08
 source_cont  0.000E+00      -1.090E-05        -1.365E-22       -1.090E-05


Computing BE-step from 8.6000e-10 s to 8.8000e-10 s (Stepsize: 2.0000e-11 s)
Extrapolating values for t = 8.8000e-10 ... done.
Computing Coupled( 1 poisson-equation(s) , 1 current-contact-equation(s) , 
                   1 electron-equation(s) , 1 hole-equation(s) ) 
using Bank/Rose nonlinear solver.

Iteration   |Rhs|      factor     |step|     error   #inner  #iterative  time
------------------------------------------------------------------------------
    0      6.81e+06                                                      0.04
    1      3.35e+03   1.00e+00   6.69e-04   3.74e+01    0         1      0.09
    2      2.38e-03   1.00e+00   3.18e-07   6.01e-03    0         1      0.16
Finished, because...
Error smaller than 1 ( 6.0098E-03 ).

Accumulated times:
Assembly time:        0.12 s
Solve time:      0.04 s
Total time:      0.16 s

contact        voltage     electron current    hole current     total current
 drain_conta  5.000E-02       1.102E-05         1.340E-22        1.102E-05
 gate_contac  2.640E-01       3.740E-08         0.000E+00        3.740E-08
 source_cont  0.000E+00      -1.106E-05        -1.353E-22       -1.106E-05


Computing BE-step from 8.8000e-10 s to 9.0000e-10 s (Stepsize: 2.0000e-11 s)
Extrapolating values for t = 9.0000e-10 ... done.
Computing Coupled( 1 poisson-equation(s) , 1 current-contact-equation(s) , 
                   1 electron-equation(s) , 1 hole-equation(s) ) 
using Bank/Rose nonlinear solver.

Iteration   |Rhs|      factor     |step|     error   #inner  #iterative  time
------------------------------------------------------------------------------
    0      1.88e+07                                                      0.04
    1      2.48e+04   1.00e+00   1.76e-03   9.86e+01    0         1      0.10
    2      9.75e-03   1.00e+00   2.22e-06   4.11e-02    0         1      0.16
Finished, because...
Error smaller than 1 ( 4.1098E-02 ).

Accumulated times:
Assembly time:        0.14 s
Solve time:      0.02 s
Total time:      0.16 s

contact        voltage     electron current    hole current     total current
 drain_conta  5.000E-02       1.118E-05         1.329E-22        1.118E-05
 gate_contac  2.700E-01       3.754E-08         0.000E+00        3.754E-08
 source_cont  0.000E+00      -1.122E-05        -1.342E-22       -1.122E-05


Computing BE-step from 9.0000e-10 s to 9.2000e-10 s (Stepsize: 2.0000e-11 s)
Extrapolating values for t = 9.2000e-10 ... done.
Computing Coupled( 1 poisson-equation(s) , 1 current-contact-equation(s) , 
                   1 electron-equation(s) , 1 hole-equation(s) ) 
using Bank/Rose nonlinear solver.

Iteration   |Rhs|      factor     |step|     error   #inner  #iterative  time
------------------------------------------------------------------------------
    0      7.31e+06                                                      0.04
    1      3.28e+03   1.00e+00   6.25e-04   3.49e+01    0         1      0.10
    2      2.39e-03   1.00e+00   2.79e-07   5.16e-03    0         1      0.15
Finished, because...
Error smaller than 1 ( 5.1596E-03 ).

Accumulated times:
Assembly time:        0.13 s
Solve time:      0.02 s
Total time:      0.15 s

contact        voltage     electron current    hole current     total current
 drain_conta  5.000E-02       1.134E-05         1.319E-22        1.134E-05
 gate_contac  2.760E-01       3.767E-08         0.000E+00        3.767E-08
 source_cont  0.000E+00      -1.137E-05        -1.331E-22       -1.137E-05


Computing BE-step from 9.2000e-10 s to 9.4000e-10 s (Stepsize: 2.0000e-11 s)
Extrapolating values for t = 9.4000e-10 ... done.
Computing Coupled( 1 poisson-equation(s) , 1 current-contact-equation(s) , 
                   1 electron-equation(s) , 1 hole-equation(s) ) 
using Bank/Rose nonlinear solver.

Iteration   |Rhs|      factor     |step|     error   #inner  #iterative  time
------------------------------------------------------------------------------
    0      2.02e+07                                                      0.03
    1      2.42e+04   1.00e+00   1.65e-03   9.20e+01    0         1      0.09
    2      8.01e-03   1.00e+00   1.95e-06   3.53e-02    0         1      0.15
Finished, because...
Error smaller than 1 ( 3.5301E-02 ).

Accumulated times:
Assembly time:        0.13 s
Solve time:      0.02 s
Total time:      0.15 s

contact        voltage     electron current    hole current     total current
 drain_conta  5.000E-02       1.149E-05         1.309E-22        1.149E-05
 gate_contac  2.820E-01       3.779E-08         0.000E+00        3.779E-08
 source_cont  0.000E+00      -1.153E-05        -1.321E-22       -1.153E-05


Computing BE-step from 9.4000e-10 s to 9.6000e-10 s (Stepsize: 2.0000e-11 s)
Extrapolating values for t = 9.6000e-10 ... done.
Computing Coupled( 1 poisson-equation(s) , 1 current-contact-equation(s) , 
                   1 electron-equation(s) , 1 hole-equation(s) ) 
using Bank/Rose nonlinear solver.

Iteration   |Rhs|      factor     |step|     error   #inner  #iterative  time
------------------------------------------------------------------------------
    0      7.81e+06                                                      0.04
    1      3.22e+03   1.00e+00   5.84e-04   3.26e+01    0         1      0.10
    2      2.31e-03   1.00e+00   2.46e-07   4.44e-03    0         1      0.16
Finished, because...
Error smaller than 1 ( 4.4370E-03 ).

Accumulated times:
Assembly time:        0.13 s
Solve time:      0.03 s
Total time:      0.16 s

contact        voltage     electron current    hole current     total current
 drain_conta  5.000E-02       1.165E-05         1.299E-22        1.165E-05
 gate_contac  2.880E-01       3.792E-08         0.000E+00        3.792E-08
 source_cont  0.000E+00      -1.168E-05        -1.310E-22       -1.168E-05


Computing BE-step from 9.6000e-10 s to 9.8000e-10 s (Stepsize: 2.0000e-11 s)
Extrapolating values for t = 9.8000e-10 ... done.
Computing Coupled( 1 poisson-equation(s) , 1 current-contact-equation(s) , 
                   1 electron-equation(s) , 1 hole-equation(s) ) 
using Bank/Rose nonlinear solver.

Iteration   |Rhs|      factor     |step|     error   #inner  #iterative  time
------------------------------------------------------------------------------
    0      2.16e+07                                                      0.04
    1      2.38e+04   1.00e+00   1.54e-03   8.60e+01    0         1      0.10
    2      6.24e-03   1.00e+00   1.71e-06   3.04e-02    0         1      0.19
Finished, because...
Error smaller than 1 ( 3.0372E-02 ).

Accumulated times:
Assembly time:        0.16 s
Solve time:      0.03 s
Total time:      0.19 s

contact        voltage     electron current    hole current     total current
 drain_conta  5.000E-02       1.180E-05         1.290E-22        1.180E-05
 gate_contac  2.940E-01       3.804E-08         0.000E+00        3.804E-08
 source_cont  0.000E+00      -1.184E-05        -1.301E-22       -1.184E-05


Computing BE-step from 9.8000e-10 s to 1.0000e-09 s (Stepsize: 2.0000e-11 s)
Extrapolating values for t = 1.0000e-09 ... done.
Computing Coupled( 1 poisson-equation(s) , 1 current-contact-equation(s) , 
                   1 electron-equation(s) , 1 hole-equation(s) ) 
using Bank/Rose nonlinear solver.

Iteration   |Rhs|      factor     |step|     error   #inner  #iterative  time
------------------------------------------------------------------------------
    0      8.33e+06                                                      0.06
    1      3.17e+03   1.00e+00   5.47e-04   3.05e+01    0         1      0.15
    2      2.53e-03   1.00e+00   2.17e-07   3.82e-03    0         1      0.25
Finished, because...
Error smaller than 1 ( 3.8220E-03 ).

Accumulated times:
Assembly time:        0.21 s
Solve time:      0.04 s
Total time:      0.25 s

contact        voltage     electron current    hole current     total current
 drain_conta  5.000E-02       1.195E-05         1.281E-22        1.195E-05
 gate_contac  3.000E-01       3.815E-08         0.000E+00        3.815E-08
 source_cont  0.000E+00      -1.199E-05        -1.291E-22       -1.199E-05



Finished, because...
Curve trace finished.


===============================
Starting solve of next problem:
Transient (
      Max. #iterations : 50, 
      Initial step : 1.0000e-12 s,       Minimum step : 1.0000e-16 s, Maximum step : 5.0000e-11 s, 
      Initial time : 1.0000e-09 s, Final time : 2.0000e-09 s, 
      Goal values :
        Contact gate_contact : 0.0000e+00V
    )
  {
    Coupled ( Digits : 5, Max. #iterations : 100, 
        Solver : blocked decomposition,
        #undamped iterations : 100 
        )
        { Poisson Electron Hole } 
    CurrentPlot (
         Time (fixed times:
             1.0000e-09 1.0200e-09 1.0400e-09 1.0600e-09 1.0800e-09
             1.1000e-09 1.1200e-09 1.1400e-09 1.1600e-09 1.1800e-09
             1.2000e-09 1.2200e-09 1.2400e-09 1.2600e-09 1.2800e-09
             1.3000e-09 1.3200e-09 1.3400e-09 1.3600e-09 1.3800e-09
             1.4000e-09 1.4200e-09 1.4400e-09 1.4600e-09 1.4800e-09
             1.5000e-09 1.5200e-09 1.5400e-09 1.5600e-09 1.5800e-09
             1.6000e-09 1.6200e-09 1.6400e-09 1.6600e-09 1.6800e-09
             1.7000e-09 1.7200e-09 1.7400e-09 1.7600e-09 1.7800e-09
             1.8000e-09 1.8200e-09 1.8400e-09 1.8600e-09 1.8800e-09
             1.9000e-09 1.9200e-09 1.9400e-09 1.9600e-09 1.9800e-09
             2.0000e-09) )
      { }
  }
===============================

contact        voltage     electron current    hole current     total current
 drain_conta  5.000E-02       1.195E-05         1.281E-22        1.195E-05
 gate_contac  3.000E-01       3.815E-08         0.000E+00        3.815E-08
 source_cont  0.000E+00      -1.199E-05        -1.291E-22       -1.199E-05

Reusing extrapolation from a previous transient

Computing BE-step from 1.0000e-09 s to 1.0010e-09 s (Stepsize: 1.0000e-12 s)
Extrapolating values for t = 1.0010e-09 ... done.
Computing Coupled( 1 poisson-equation(s) , 1 current-contact-equation(s) , 
                   1 electron-equation(s) , 1 hole-equation(s) ) 
using Bank/Rose nonlinear solver.

Iteration   |Rhs|      factor     |step|     error   #inner  #iterative  time
------------------------------------------------------------------------------
    0      1.29e+10                                                      0.06
    1      1.16e+05   1.00e+00   7.79e-03   1.10e+02    0         1      0.17
    2      3.51e-02   1.00e+00   1.93e-06   6.76e-02    0         1      0.27
Finished, because...
Error smaller than 1 ( 6.7555E-02 ).

Accumulated times:
Assembly time:        0.21 s
Solve time:      0.06 s
Total time:      0.27 s

contact        voltage     electron current    hole current     total current
 drain_conta  5.000E-02       1.198E-05         1.282E-22        1.198E-05
 gate_contac  2.997E-01      -3.392E-08         0.000E+00       -3.392E-08
 source_cont  0.000E+00      -1.194E-05        -1.287E-22       -1.194E-05


Computing BE-step from 1.0010e-09 s to 1.0024e-09 s (Stepsize: 1.4000e-12 s)
Extrapolating values for t = 1.0024e-09 ... done.
Computing Coupled( 1 poisson-equation(s) , 1 current-contact-equation(s) , 
                   1 electron-equation(s) , 1 hole-equation(s) ) 
using Bank/Rose nonlinear solver.

Iteration   |Rhs|      factor     |step|     error   #inner  #iterative  time
------------------------------------------------------------------------------
    0      1.00e+05                                                      0.06
    1      1.15e+03   1.00e+00   7.53e-04   8.70e+00    0         1      0.12
    2      2.55e-03   1.00e+00   5.34e-08   4.49e-04    0         1      0.17
Finished, because...
Error smaller than 1 ( 4.4878E-04 ).

Accumulated times:
Assembly time:        0.14 s
Solve time:      0.03 s
Total time:      0.17 s

contact        voltage     electron current    hole current     total current
 drain_conta  5.000E-02       1.197E-05         1.282E-22        1.197E-05
 gate_contac  2.993E-01      -3.800E-08         0.000E+00       -3.800E-08
 source_cont  0.000E+00      -1.193E-05        -1.284E-22       -1.193E-05


Computing BE-step from 1.0024e-09 s to 1.0044e-09 s (Stepsize: 1.9600e-12 s)
Extrapolating values for t = 1.0044e-09 ... done.
Computing Coupled( 1 poisson-equation(s) , 1 current-contact-equation(s) , 
                   1 electron-equation(s) , 1 hole-equation(s) ) 
using Bank/Rose nonlinear solver.

Iteration   |Rhs|      factor     |step|     error   #inner  #iterative  time
------------------------------------------------------------------------------
    0      4.53e+04                                                      0.03
    1      5.87e+00   1.00e+00   1.40e-04   7.00e-01    0         1      0.09
Finished, because...
Error smaller than 1 ( 7.0022E-01 ).

Accumulated times:
Assembly time:        0.07 s
Solve time:      0.01 s
Total time:      0.09 s

contact        voltage     electron current    hole current     total current
 drain_conta  5.000E-02       1.196E-05         1.283E-22        1.196E-05
 gate_contac  2.987E-01      -3.818E-08         0.000E+00       -3.818E-08
 source_cont  0.000E+00      -1.192E-05        -1.281E-22       -1.192E-05


Computing BE-step from 1.0044e-09 s to 1.0071e-09 s (Stepsize: 2.7440e-12 s)
Extrapolating values for t = 1.0071e-09 ... done.
Computing Coupled( 1 poisson-equation(s) , 1 current-contact-equation(s) , 
                   1 electron-equation(s) , 1 hole-equation(s) ) 
using Bank/Rose nonlinear solver.

Iteration   |Rhs|      factor     |step|     error   #inner  #iterative  time
------------------------------------------------------------------------------
    0      8.81e+04                                                      0.04
    1      3.20e-01   1.00e+00   1.52e-04   3.39e-01    0         1      0.10
Finished, because...
Error smaller than 1 ( 3.3868E-01 ).

Accumulated times:
Assembly time:        0.09 s
Solve time:      0.01 s
Total time:      0.10 s

contact        voltage     electron current    hole current     total current
 drain_conta  5.000E-02       1.193E-05         1.285E-22        1.193E-05
 gate_contac  2.979E-01      -3.817E-08         0.000E+00       -3.817E-08
 source_cont  0.000E+00      -1.190E-05        -1.278E-22       -1.190E-05


Computing BE-step from 1.0071e-09 s to 1.0109e-09 s (Stepsize: 3.8416e-12 s)
Extrapolating values for t = 1.0109e-09 ... done.
Computing Coupled( 1 poisson-equation(s) , 1 current-contact-equation(s) , 
                   1 electron-equation(s) , 1 hole-equation(s) ) 
using Bank/Rose nonlinear solver.

Iteration   |Rhs|      factor     |step|     error   #inner  #iterative  time
------------------------------------------------------------------------------
    0      1.72e+05                                                      0.04
    1      1.28e+00   1.00e+00   1.70e-04   6.23e-01    0         1      0.10
Finished, because...
Error smaller than 1 ( 6.2323E-01 ).

Accumulated times:
Assembly time:        0.09 s
Solve time:      0.01 s
Total time:      0.10 s

contact        voltage     electron current    hole current     total current
 drain_conta  5.000E-02       1.191E-05         1.287E-22        1.191E-05
 gate_contac  2.967E-01      -3.815E-08         0.000E+00       -3.815E-08
 source_cont  0.000E+00      -1.187E-05        -1.277E-22       -1.187E-05


Computing BE-step from 1.0109e-09 s to 1.0163e-09 s (Stepsize: 5.3782e-12 s)
Extrapolating values for t = 1.0163e-09 ... done.
Computing Coupled( 1 poisson-equation(s) , 1 current-contact-equation(s) , 
                   1 electron-equation(s) , 1 hole-equation(s) ) 
using Bank/Rose nonlinear solver.

Iteration   |Rhs|      factor     |step|     error   #inner  #iterative  time
------------------------------------------------------------------------------
    0      3.34e+05                                                      0.03
    1      4.89e+00   1.00e+00   1.77e-04   1.23e+00    0         1      0.09
    2      2.67e-03   1.00e+00   2.84e-09   6.34e-06    0         1      0.15
Finished, because...
Error smaller than 1 ( 6.3418E-06 ).

Accumulated times:
Assembly time:        0.12 s
Solve time:      0.03 s
Total time:      0.15 s

contact        voltage     electron current    hole current     total current
 drain_conta  5.000E-02       1.187E-05         1.290E-22        1.187E-05
 gate_contac  2.951E-01      -3.813E-08         0.000E+00       -3.813E-08
 source_cont  0.000E+00      -1.183E-05        -1.277E-22       -1.183E-05


Computing BE-step from 1.0163e-09 s to 1.0200e-09 s (Stepsize: 3.6762e-12 s)
Extrapolating values for t = 1.0200e-09 ... done.
Computing Coupled( 1 poisson-equation(s) , 1 current-contact-equation(s) , 
                   1 electron-equation(s) , 1 hole-equation(s) ) 
using Bank/Rose nonlinear solver.

Iteration   |Rhs|      factor     |step|     error   #inner  #iterative  time
------------------------------------------------------------------------------
    0      2.23e+05                                                      0.04
    1      2.21e+00   1.00e+00   5.51e-05   8.31e-01    0         1      0.09
Finished, because...
Error smaller than 1 ( 8.3076E-01 ).

Accumulated times:
Assembly time:        0.07 s
Solve time:      0.02 s
Total time:      0.09 s

contact        voltage     electron current    hole current     total current
 drain_conta  5.000E-02       1.184E-05         1.292E-22        1.184E-05
 gate_contac  2.940E-01      -3.810E-08         0.000E+00       -3.810E-08
 source_cont  0.000E+00      -1.180E-05        -1.278E-22       -1.180E-05


Computing BE-step from 1.0200e-09 s to 1.0275e-09 s (Stepsize: 7.5295e-12 s)
Extrapolating values for t = 1.0275e-09 ... done.
Computing Coupled( 1 poisson-equation(s) , 1 current-contact-equation(s) , 
                   1 electron-equation(s) , 1 hole-equation(s) ) 
using Bank/Rose nonlinear solver.

Iteration   |Rhs|      factor     |step|     error   #inner  #iterative  time
------------------------------------------------------------------------------
    0      1.23e+06                                                      0.04
    1      6.80e+01   1.00e+00   2.84e-04   4.65e+00    0         1      0.10
    2      2.39e-03   1.00e+00   1.88e-08   9.18e-05    0         1      0.16
Finished, because...
Error smaller than 1 ( 9.1849E-05 ).

Accumulated times:
Assembly time:        0.13 s
Solve time:      0.02 s
Total time:      0.16 s

contact        voltage     electron current    hole current     total current
 drain_conta  5.000E-02       1.178E-05         1.296E-22        1.178E-05
 gate_contac  2.917E-01      -3.807E-08         0.000E+00       -3.807E-08
 source_cont  0.000E+00      -1.174E-05        -1.280E-22       -1.174E-05


Computing BE-step from 1.0275e-09 s to 1.0381e-09 s (Stepsize: 1.0541e-11 s)
Extrapolating values for t = 1.0381e-09 ... done.
Computing Coupled( 1 poisson-equation(s) , 1 current-contact-equation(s) , 
                   1 electron-equation(s) , 1 hole-equation(s) ) 
using Bank/Rose nonlinear solver.

Iteration   |Rhs|      factor     |step|     error   #inner  #iterative  time
------------------------------------------------------------------------------
    0      1.49e+06                                                      0.04
    1      1.03e+02   1.00e+00   1.82e-04   5.83e+00    0         1      0.10
    2      2.36e-03   1.00e+00   1.59e-08   1.45e-04    0         1      0.17
Finished, because...
Error smaller than 1 ( 1.4488E-04 ).

Accumulated times:
Assembly time:        0.13 s
Solve time:      0.03 s
Total time:      0.17 s

contact        voltage     electron current    hole current     total current
 drain_conta  5.000E-02       1.170E-05         1.301E-22        1.170E-05
 gate_contac  2.886E-01      -3.801E-08         0.000E+00       -3.801E-08
 source_cont  0.000E+00      -1.166E-05        -1.284E-22       -1.166E-05


Computing BE-step from 1.0381e-09 s to 1.0400e-09 s (Stepsize: 1.9291e-12 s)
Extrapolating values for t = 1.0400e-09 ... done.
Computing Coupled( 1 poisson-equation(s) , 1 current-contact-equation(s) , 
                   1 electron-equation(s) , 1 hole-equation(s) ) 
using Bank/Rose nonlinear solver.

Iteration   |Rhs|      factor     |step|     error   #inner  #iterative  time
------------------------------------------------------------------------------
    0      1.56e+05                                                      0.03
    1      1.15e+00   1.00e+00   1.03e-05   6.22e-01    0         1      0.09
Finished, because...
Error smaller than 1 ( 6.2174E-01 ).

Accumulated times:
Assembly time:        0.07 s
Solve time:      0.02 s
Total time:      0.09 s

contact        voltage     electron current    hole current     total current
 drain_conta  5.000E-02       1.169E-05         1.302E-22        1.169E-05
 gate_contac  2.880E-01      -3.798E-08         0.000E+00       -3.798E-08
 source_cont  0.000E+00      -1.165E-05        -1.285E-22       -1.165E-05


Computing BE-step from 1.0400e-09 s to 1.0548e-09 s (Stepsize: 1.4758e-11 s)
Extrapolating values for t = 1.0548e-09 ... done.
Computing Coupled( 1 poisson-equation(s) , 1 current-contact-equation(s) , 
                   1 electron-equation(s) , 1 hole-equation(s) ) 
using Bank/Rose nonlinear solver.

Iteration   |Rhs|      factor     |step|     error   #inner  #iterative  time
------------------------------------------------------------------------------
    0      2.87e+06                                                      0.04
    1      4.03e+02   1.00e+00   2.33e-04   1.18e+01    0         1      0.10
    2      2.39e-03   1.00e+00   3.77e-08   6.00e-04    0         1      0.16
Finished, because...
Error smaller than 1 ( 5.9969E-04 ).

Accumulated times:
Assembly time:        0.14 s
Solve time:      0.02 s
Total time:      0.16 s

contact        voltage     electron current    hole current     total current
 drain_conta  5.000E-02       1.157E-05         1.309E-22        1.157E-05
 gate_contac  2.836E-01      -3.793E-08         0.000E+00       -3.793E-08
 source_cont  0.000E+00      -1.153E-05        -1.292E-22       -1.153E-05


Computing BE-step from 1.0548e-09 s to 1.0600e-09 s (Stepsize: 5.2421e-12 s)
Extrapolating values for t = 1.0600e-09 ... done.
Computing Coupled( 1 poisson-equation(s) , 1 current-contact-equation(s) , 
                   1 electron-equation(s) , 1 hole-equation(s) ) 
using Bank/Rose nonlinear solver.

Iteration   |Rhs|      factor     |step|     error   #inner  #iterative  time
------------------------------------------------------------------------------
    0      7.21e+05                                                      0.04
    1      2.62e+01   1.00e+00   5.24e-05   3.04e+00    0         1      0.12
    2      2.29e-03   1.00e+00   1.77e-09   3.97e-05    0         1      0.18
Finished, because...
Error smaller than 1 ( 3.9662E-05 ).

Accumulated times:
Assembly time:        0.15 s
Solve time:      0.02 s
Total time:      0.18 s

contact        voltage     electron current    hole current     total current
 drain_conta  5.000E-02       1.153E-05         1.312E-22        1.153E-05
 gate_contac  2.820E-01      -3.787E-08         0.000E+00       -3.787E-08
 source_cont  0.000E+00      -1.149E-05        -1.294E-22       -1.149E-05


Computing BE-step from 1.0600e-09 s to 1.0800e-09 s (Stepsize: 2.0000e-11 s)
Extrapolating values for t = 1.0800e-09 ... done.
Computing Coupled( 1 poisson-equation(s) , 1 current-contact-equation(s) , 
                   1 electron-equation(s) , 1 hole-equation(s) ) 
using Bank/Rose nonlinear solver.

Iteration   |Rhs|      factor     |step|     error   #inner  #iterative  time
------------------------------------------------------------------------------
    0      6.42e+06                                                      0.03
    1      2.15e+03   1.00e+00   5.14e-04   2.83e+01    0         1      0.09
    2      2.65e-03   1.00e+00   1.90e-07   3.50e-03    0         1      0.15
Finished, because...
Error smaller than 1 ( 3.5037E-03 ).

Accumulated times:
Assembly time:        0.12 s
Solve time:      0.02 s
Total time:      0.15 s

contact        voltage     electron current    hole current     total current
 drain_conta  5.000E-02       1.138E-05         1.322E-22        1.138E-05
 gate_contac  2.760E-01      -3.779E-08         0.000E+00       -3.779E-08
 source_cont  0.000E+00      -1.134E-05        -1.303E-22       -1.134E-05


Computing BE-step from 1.0800e-09 s to 1.1000e-09 s (Stepsize: 2.0000e-11 s)
Extrapolating values for t = 1.1000e-09 ... done.
Computing Coupled( 1 poisson-equation(s) , 1 current-contact-equation(s) , 
                   1 electron-equation(s) , 1 hole-equation(s) ) 
using Bank/Rose nonlinear solver.

Iteration   |Rhs|      factor     |step|     error   #inner  #iterative  time
------------------------------------------------------------------------------
    0      5.31e+06                                                      0.04
    1      1.58e+03   1.00e+00   4.45e-04   2.50e+01    0         1      0.10
    2      2.43e-03   1.00e+00   1.42e-07   2.77e-03    0         1      0.19
Finished, because...
Error smaller than 1 ( 2.7666E-03 ).

Accumulated times:
Assembly time:        0.16 s
Solve time:      0.03 s
Total time:      0.19 s

contact        voltage     electron current    hole current     total current
 drain_conta  5.000E-02       1.122E-05         1.332E-22        1.122E-05
 gate_contac  2.700E-01      -3.766E-08         0.000E+00       -3.766E-08
 source_cont  0.000E+00      -1.118E-05        -1.313E-22       -1.118E-05


Computing BE-step from 1.1000e-09 s to 1.1200e-09 s (Stepsize: 2.0000e-11 s)
Extrapolating values for t = 1.1200e-09 ... done.
Computing Coupled( 1 poisson-equation(s) , 1 current-contact-equation(s) , 
                   1 electron-equation(s) , 1 hole-equation(s) ) 
using Bank/Rose nonlinear solver.

Iteration   |Rhs|      factor     |step|     error   #inner  #iterative  time
------------------------------------------------------------------------------
    0      4.53e+06                                                      0.06
    1      1.25e+03   1.00e+00   4.07e-04   2.30e+01    0         1      0.16
    2      2.29e-03   1.00e+00   1.18e-07   2.34e-03    0         1      0.25
Finished, because...
Error smaller than 1 ( 2.3441E-03 ).

Accumulated times:
Assembly time:        0.21 s
Solve time:      0.03 s
Total time:      0.25 s

contact        voltage     electron current    hole current     total current
 drain_conta  5.000E-02       1.106E-05         1.343E-22        1.106E-05
 gate_contac  2.640E-01      -3.753E-08         0.000E+00       -3.753E-08
 source_cont  0.000E+00      -1.102E-05        -1.323E-22       -1.102E-05


Computing BE-step from 1.1200e-09 s to 1.1400e-09 s (Stepsize: 2.0000e-11 s)
Extrapolating values for t = 1.1400e-09 ... done.
Computing Coupled( 1 poisson-equation(s) , 1 current-contact-equation(s) , 
                   1 electron-equation(s) , 1 hole-equation(s) ) 
using Bank/Rose nonlinear solver.

Iteration   |Rhs|      factor     |step|     error   #inner  #iterative  time
------------------------------------------------------------------------------
    0      1.31e+07                                                      0.06
    1      1.09e+04   1.00e+00   1.24e-03   6.97e+01    0         1      0.15
    2      2.54e-03   1.00e+00   1.08e-06   2.19e-02    0         1      0.23
Finished, because...
Error smaller than 1 ( 2.1950E-02 ).

Accumulated times:
Assembly time:        0.19 s
Solve time:      0.04 s
Total time:      0.23 s

contact        voltage     electron current    hole current     total current
 drain_conta  5.000E-02       1.090E-05         1.354E-22        1.090E-05
 gate_contac  2.580E-01      -3.740E-08         0.000E+00       -3.740E-08
 source_cont  0.000E+00      -1.086E-05        -1.333E-22       -1.086E-05


Computing BE-step from 1.1400e-09 s to 1.1600e-09 s (Stepsize: 2.0000e-11 s)
Extrapolating values for t = 1.1600e-09 ... done.
Computing Coupled( 1 poisson-equation(s) , 1 current-contact-equation(s) , 
                   1 electron-equation(s) , 1 hole-equation(s) ) 
using Bank/Rose nonlinear solver.

Iteration   |Rhs|      factor     |step|     error   #inner  #iterative  time
------------------------------------------------------------------------------
    0      6.33e+06                                                      0.05
    1      2.81e+03   1.00e+00   6.47e-04   3.65e+01    0         1      0.11
    2      2.19e-03   1.00e+00   2.95e-07   6.03e-03    0         1      0.17
Finished, because...
Error smaller than 1 ( 6.0348E-03 ).

Accumulated times:
Assembly time:        0.15 s
Solve time:      0.02 s
Total time:      0.17 s

contact        voltage     electron current    hole current     total current
 drain_conta  5.000E-02       1.073E-05         1.366E-22        1.073E-05
 gate_contac  2.520E-01      -3.726E-08         0.000E+00       -3.726E-08
 source_cont  0.000E+00      -1.070E-05        -1.344E-22       -1.070E-05


Computing BE-step from 1.1600e-09 s to 1.1800e-09 s (Stepsize: 2.0000e-11 s)
Extrapolating values for t = 1.1800e-09 ... done.
Computing Coupled( 1 poisson-equation(s) , 1 current-contact-equation(s) , 
                   1 electron-equation(s) , 1 hole-equation(s) ) 
using Bank/Rose nonlinear solver.

Iteration   |Rhs|      factor     |step|     error   #inner  #iterative  time
------------------------------------------------------------------------------
    0      1.63e+07                                                      0.04
    1      1.93e+04   1.00e+00   1.74e-03   9.86e+01    0         1      0.11
    2      9.38e-03   1.00e+00   2.14e-06   4.47e-02    0         1      0.17
Finished, because...
Error smaller than 1 ( 4.4674E-02 ).

Accumulated times:
Assembly time:        0.14 s
Solve time:      0.03 s
Total time:      0.17 s

contact        voltage     electron current    hole current     total current
 drain_conta  5.000E-02       1.057E-05         1.378E-22        1.057E-05
 gate_contac  2.460E-01      -3.712E-08         0.000E+00       -3.712E-08
 source_cont  0.000E+00      -1.053E-05        -1.355E-22       -1.053E-05


Computing BE-step from 1.1800e-09 s to 1.2000e-09 s (Stepsize: 2.0000e-11 s)
Extrapolating values for t = 1.2000e-09 ... done.
Computing Coupled( 1 poisson-equation(s) , 1 current-contact-equation(s) , 
                   1 electron-equation(s) , 1 hole-equation(s) ) 
using Bank/Rose nonlinear solver.

Iteration   |Rhs|      factor     |step|     error   #inner  #iterative  time
------------------------------------------------------------------------------
    0      5.86e+06                                                      0.04
    1      2.89e+03   1.00e+00   6.93e-04   3.91e+01    0         1      0.10
    2      2.44e-03   1.00e+00   3.36e-07   7.04e-03    0         1      0.15
Finished, because...
Error smaller than 1 ( 7.0430E-03 ).

Accumulated times:
Assembly time:        0.12 s
Solve time:      0.03 s
Total time:      0.15 s

contact        voltage     electron current    hole current     total current
 drain_conta  5.000E-02       1.040E-05         1.391E-22        1.040E-05
 gate_contac  2.400E-01      -3.697E-08         0.000E+00       -3.697E-08
 source_cont  0.000E+00      -1.036E-05        -1.366E-22       -1.036E-05


Computing BE-step from 1.2000e-09 s to 1.2200e-09 s (Stepsize: 2.0000e-11 s)
Extrapolating values for t = 1.2200e-09 ... done.
Computing Coupled( 1 poisson-equation(s) , 1 current-contact-equation(s) , 
                   1 electron-equation(s) , 1 hole-equation(s) ) 
using Bank/Rose nonlinear solver.

Iteration   |Rhs|      factor     |step|     error   #inner  #iterative  time
------------------------------------------------------------------------------
    0      1.51e+07                                                      0.04
    1      1.98e+04   1.00e+00   1.87e-03   1.06e+02    0         1      0.12
    2      1.15e-02   1.00e+00   2.43e-06   5.22e-02    0         1      0.19
Finished, because...
Error smaller than 1 ( 5.2172E-02 ).

Accumulated times:
Assembly time:        0.16 s
Solve time:      0.03 s
Total time:      0.19 s

contact        voltage     electron current    hole current     total current
 drain_conta  5.000E-02       1.023E-05         1.404E-22        1.023E-05
 gate_contac  2.340E-01      -3.682E-08         0.000E+00       -3.682E-08
 source_cont  0.000E+00      -1.019E-05        -1.378E-22       -1.019E-05


Computing BE-step from 1.2200e-09 s to 1.2400e-09 s (Stepsize: 2.0000e-11 s)
Extrapolating values for t = 1.2400e-09 ... done.
Computing Coupled( 1 poisson-equation(s) , 1 current-contact-equation(s) , 
                   1 electron-equation(s) , 1 hole-equation(s) ) 
using Bank/Rose nonlinear solver.

Iteration   |Rhs|      factor     |step|     error   #inner  #iterative  time
------------------------------------------------------------------------------
    0      5.41e+06                                                      0.03
    1      2.97e+03   1.00e+00   7.44e-04   4.20e+01    0         1      0.12
    2      2.22e-03   1.00e+00   3.83e-07   8.24e-03    0         1      0.22
Finished, because...
Error smaller than 1 ( 8.2377E-03 ).

Accumulated times:
Assembly time:        0.18 s
Solve time:      0.04 s
Total time:      0.22 s

contact        voltage     electron current    hole current     total current
 drain_conta  5.000E-02       1.006E-05         1.417E-22        1.006E-05
 gate_contac  2.280E-01      -3.666E-08         0.000E+00       -3.666E-08
 source_cont  0.000E+00      -1.002E-05        -1.390E-22       -1.002E-05


Computing BE-step from 1.2400e-09 s to 1.2600e-09 s (Stepsize: 2.0000e-11 s)
Extrapolating values for t = 1.2600e-09 ... done.
Computing Coupled( 1 poisson-equation(s) , 1 current-contact-equation(s) , 
                   1 electron-equation(s) , 1 hole-equation(s) ) 
using Bank/Rose nonlinear solver.

Iteration   |Rhs|      factor     |step|     error   #inner  #iterative  time
------------------------------------------------------------------------------
    0      1.39e+07                                                      0.06
    1      2.04e+04   1.00e+00   2.01e-03   1.14e+02    0         1      0.16
    2      1.42e-02   1.00e+00   2.78e-06   6.10e-02    0         1      0.25
Finished, because...
Error smaller than 1 ( 6.1043E-02 ).

Accumulated times:
Assembly time:        0.21 s
Solve time:      0.04 s
Total time:      0.25 s

contact        voltage     electron current    hole current     total current
 drain_conta  5.000E-02       9.883E-06         1.431E-22        9.883E-06
 gate_contac  2.220E-01      -3.650E-08         0.000E+00       -3.650E-08
 source_cont  0.000E+00      -9.847E-06        -1.403E-22       -9.847E-06


Computing BE-step from 1.2600e-09 s to 1.2800e-09 s (Stepsize: 2.0000e-11 s)
Extrapolating values for t = 1.2800e-09 ... done.
Computing Coupled( 1 poisson-equation(s) , 1 current-contact-equation(s) , 
                   1 electron-equation(s) , 1 hole-equation(s) ) 
using Bank/Rose nonlinear solver.

Iteration   |Rhs|      factor     |step|     error   #inner  #iterative  time
------------------------------------------------------------------------------
    0      4.98e+06                                                      0.03
    1      3.09e+03   1.00e+00   8.00e-04   4.52e+01    0         1      0.12
    2      1.97e-03   1.00e+00   4.38e-07   9.65e-03    0         1      0.21
Finished, because...
Error smaller than 1 ( 9.6464E-03 ).

Accumulated times:
Assembly time:        0.17 s
Solve time:      0.04 s
Total time:      0.21 s

contact        voltage     electron current    hole current     total current
 drain_conta  5.000E-02       9.708E-06         1.445E-22        9.707E-06
 gate_contac  2.160E-01      -3.633E-08         0.000E+00       -3.633E-08
 source_cont  0.000E+00      -9.671E-06        -1.416E-22       -9.671E-06


Computing BE-step from 1.2800e-09 s to 1.3000e-09 s (Stepsize: 2.0000e-11 s)
Extrapolating values for t = 1.3000e-09 ... done.
Computing Coupled( 1 poisson-equation(s) , 1 current-contact-equation(s) , 
                   1 electron-equation(s) , 1 hole-equation(s) ) 
using Bank/Rose nonlinear solver.

Iteration   |Rhs|      factor     |step|     error   #inner  #iterative  time
------------------------------------------------------------------------------
    0      1.28e+07                                                      0.06
    1      2.12e+04   1.00e+00   2.16e-03   1.22e+02    0         1      0.15
    2      1.74e-02   1.00e+00   3.17e-06   7.15e-02    0         1      0.21
Finished, because...
Error smaller than 1 ( 7.1523E-02 ).

Accumulated times:
Assembly time:        0.17 s
Solve time:      0.04 s
Total time:      0.21 s

contact        voltage     electron current    hole current     total current
 drain_conta  5.000E-02       9.529E-06         1.460E-22        9.529E-06
 gate_contac  2.100E-01      -3.616E-08         0.000E+00       -3.616E-08
 source_cont  0.000E+00      -9.493E-06        -1.429E-22       -9.493E-06


Computing BE-step from 1.3000e-09 s to 1.3200e-09 s (Stepsize: 2.0000e-11 s)
Extrapolating values for t = 1.3200e-09 ... done.
Computing Coupled( 1 poisson-equation(s) , 1 current-contact-equation(s) , 
                   1 electron-equation(s) , 1 hole-equation(s) ) 
using Bank/Rose nonlinear solver.

Iteration   |Rhs|      factor     |step|     error   #inner  #iterative  time
------------------------------------------------------------------------------
    0      4.55e+06                                                      0.04
    1      3.23e+03   1.00e+00   8.59e-04   4.87e+01    0         1      0.10
    2      1.34e-03   1.00e+00   4.98e-07   1.13e-02    0         1      0.15
Finished, because...
Error smaller than 1 ( 1.1302E-02 ).

Accumulated times:
Assembly time:        0.13 s
Solve time:      0.02 s
Total time:      0.15 s

contact        voltage     electron current    hole current     total current
 drain_conta  5.000E-02       9.349E-06         1.476E-22        9.349E-06
 gate_contac  2.040E-01      -3.598E-08         0.000E+00       -3.598E-08
 source_cont  0.000E+00      -9.313E-06        -1.443E-22       -9.313E-06


Computing BE-step from 1.3200e-09 s to 1.3400e-09 s (Stepsize: 2.0000e-11 s)
Extrapolating values for t = 1.3400e-09 ... done.
Computing Coupled( 1 poisson-equation(s) , 1 current-contact-equation(s) , 
                   1 electron-equation(s) , 1 hole-equation(s) ) 
using Bank/Rose nonlinear solver.

Iteration   |Rhs|      factor     |step|     error   #inner  #iterative  time
------------------------------------------------------------------------------
    0      1.17e+07                                                      0.03
    1      2.23e+04   1.00e+00   2.32e-03   1.32e+02    0         1      0.09
    2      3.21e-02   1.00e+00   3.88e-06   9.32e-02    0         1      0.17
Finished, because...
Error smaller than 1 ( 9.3244E-02 ).

Accumulated times:
Assembly time:        0.15 s
Solve time:      0.02 s
Total time:      0.17 s

contact        voltage     electron current    hole current     total current
 drain_conta  5.000E-02       9.167E-06         1.492E-22        9.167E-06
 gate_contac  1.980E-01      -3.580E-08         0.000E+00       -3.580E-08
 source_cont  0.000E+00      -9.131E-06        -1.457E-22       -9.131E-06


Computing BE-step from 1.3400e-09 s to 1.3600e-09 s (Stepsize: 2.0000e-11 s)
Extrapolating values for t = 1.3600e-09 ... done.
Computing Coupled( 1 poisson-equation(s) , 1 current-contact-equation(s) , 
                   1 electron-equation(s) , 1 hole-equation(s) ) 
using Bank/Rose nonlinear solver.

Iteration   |Rhs|      factor     |step|     error   #inner  #iterative  time
------------------------------------------------------------------------------
    0      4.15e+06                                                      0.06
    1      3.51e+03   1.00e+00   9.37e-04   5.22e+01    0         1      0.15
    2      1.16e-03   1.00e+00   6.06e-07   1.34e-02    0         1      0.25
Finished, because...
Error smaller than 1 ( 1.3430E-02 ).

Accumulated times:
Assembly time:        0.21 s
Solve time:      0.04 s
Total time:      0.25 s

contact        voltage     electron current    hole current     total current
 drain_conta  5.000E-02       8.982E-06         1.508E-22        8.982E-06
 gate_contac  1.920E-01      -3.560E-08         0.000E+00       -3.560E-08
 source_cont  0.000E+00      -8.946E-06        -1.471E-22       -8.946E-06


Computing BE-step from 1.3600e-09 s to 1.3800e-09 s (Stepsize: 2.0000e-11 s)
Extrapolating values for t = 1.3800e-09 ... done.
Computing Coupled( 1 poisson-equation(s) , 1 current-contact-equation(s) , 
                   1 electron-equation(s) , 1 hole-equation(s) ) 
using Bank/Rose nonlinear solver.

Iteration   |Rhs|      factor     |step|     error   #inner  #iterative  time
------------------------------------------------------------------------------
    0      1.06e+07                                                      0.06
    1      2.43e+04   1.00e+00   2.53e-03   1.41e+02    0         1      0.13
    2      2.74e-02   1.00e+00   4.40e-06   9.99e-02    0         1      0.19
Finished, because...
Error smaller than 1 ( 9.9897E-02 ).

Accumulated times:
Assembly time:        0.16 s
Solve time:      0.03 s
Total time:      0.19 s

contact        voltage     electron current    hole current     total current
 drain_conta  5.000E-02       8.794E-06         1.525E-22        8.794E-06
 gate_contac  1.860E-01      -3.539E-08         0.000E+00       -3.539E-08
 source_cont  0.000E+00      -8.759E-06        -1.486E-22       -8.759E-06


Computing BE-step from 1.3800e-09 s to 1.4000e-09 s (Stepsize: 2.0000e-11 s)
Extrapolating values for t = 1.4000e-09 ... done.
Computing Coupled( 1 poisson-equation(s) , 1 current-contact-equation(s) , 
                   1 electron-equation(s) , 1 hole-equation(s) ) 
using Bank/Rose nonlinear solver.

Iteration   |Rhs|      factor     |step|     error   #inner  #iterative  time
------------------------------------------------------------------------------
    0      3.76e+06                                                      0.04
    1      3.68e+03   1.00e+00   1.01e-03   5.65e+01    0         1      0.12
    2      9.32e-04   1.00e+00   7.03e-07   1.59e-02    0         1      0.21
Finished, because...
Error smaller than 1 ( 1.5878E-02 ).

Accumulated times:
Assembly time:        0.17 s
Solve time:      0.03 s
Total time:      0.21 s

contact        voltage     electron current    hole current     total current
 drain_conta  5.000E-02       8.604E-06         1.542E-22        8.604E-06
 gate_contac  1.800E-01      -3.519E-08         0.000E+00       -3.519E-08
 source_cont  0.000E+00      -8.569E-06        -1.501E-22       -8.569E-06


Computing BE-step from 1.4000e-09 s to 1.4200e-09 s (Stepsize: 2.0000e-11 s)
Extrapolating values for t = 1.4200e-09 ... done.
Computing Coupled( 1 poisson-equation(s) , 1 current-contact-equation(s) , 
                   1 electron-equation(s) , 1 hole-equation(s) ) 
using Bank/Rose nonlinear solver.

Iteration   |Rhs|      factor     |step|     error   #inner  #iterative  time
------------------------------------------------------------------------------
    0      9.59e+06                                                      0.06
    1      2.52e+04   1.00e+00   2.73e-03   1.53e+02    0         1      0.15
    2      3.13e-02   1.00e+00   5.08e-06   1.18e-01    0         1      0.24
Finished, because...
Error smaller than 1 ( 1.1791E-01 ).

Accumulated times:
Assembly time:        0.20 s
Solve time:      0.04 s
Total time:      0.24 s

contact        voltage     electron current    hole current     total current
 drain_conta  5.000E-02       8.411E-06         1.560E-22        8.410E-06
 gate_contac  1.740E-01      -3.497E-08         0.000E+00       -3.497E-08
 source_cont  0.000E+00      -8.376E-06        -1.517E-22       -8.376E-06


Computing BE-step from 1.4200e-09 s to 1.4400e-09 s (Stepsize: 2.0000e-11 s)
Extrapolating values for t = 1.4400e-09 ... done.
Computing Coupled( 1 poisson-equation(s) , 1 current-contact-equation(s) , 
                   1 electron-equation(s) , 1 hole-equation(s) ) 
using Bank/Rose nonlinear solver.

Iteration   |Rhs|      factor     |step|     error   #inner  #iterative  time
------------------------------------------------------------------------------
    0      3.39e+06                                                      0.05
    1      3.75e+03   1.00e+00   1.10e-03   6.16e+01    0         1      0.11
    2      1.19e-03   1.00e+00   7.90e-07   1.86e-02    0         1      0.17
Finished, because...
Error smaller than 1 ( 1.8564E-02 ).

Accumulated times:
Assembly time:        0.14 s
Solve time:      0.03 s
Total time:      0.17 s

contact        voltage     electron current    hole current     total current
 drain_conta  5.000E-02       8.215E-06         1.579E-22        8.215E-06
 gate_contac  1.680E-01      -3.475E-08         0.000E+00       -3.475E-08
 source_cont  0.000E+00      -8.180E-06        -1.533E-22       -8.180E-06


Computing BE-step from 1.4400e-09 s to 1.4600e-09 s (Stepsize: 2.0000e-11 s)
Extrapolating values for t = 1.4600e-09 ... done.
Computing Coupled( 1 poisson-equation(s) , 1 current-contact-equation(s) , 
                   1 electron-equation(s) , 1 hole-equation(s) ) 
using Bank/Rose nonlinear solver.

Iteration   |Rhs|      factor     |step|     error   #inner  #iterative  time
------------------------------------------------------------------------------
    0      8.63e+06                                                      0.06
    1      2.59e+04   1.00e+00   2.96e-03   1.67e+02    0         1      0.15
    2      2.98e-02   1.00e+00   5.55e-06   1.30e-01    0         1      0.25
Finished, because...
Error smaller than 1 ( 1.2991E-01 ).

Accumulated times:
Assembly time:        0.21 s
Solve time:      0.04 s
Total time:      0.25 s

contact        voltage     electron current    hole current     total current
 drain_conta  5.000E-02       8.016E-06         1.598E-22        8.016E-06
 gate_contac  1.620E-01      -3.453E-08         0.000E+00       -3.453E-08
 source_cont  0.000E+00      -7.981E-06        -1.549E-22       -7.981E-06


Computing BE-step from 1.4600e-09 s to 1.4800e-09 s (Stepsize: 2.0000e-11 s)
Extrapolating values for t = 1.4800e-09 ... done.
Computing Coupled( 1 poisson-equation(s) , 1 current-contact-equation(s) , 
                   1 electron-equation(s) , 1 hole-equation(s) ) 
using Bank/Rose nonlinear solver.

Iteration   |Rhs|      factor     |step|     error   #inner  #iterative  time
------------------------------------------------------------------------------
    0      3.04e+06                                                      0.05
    1      4.00e+03   1.00e+00   1.18e-03   6.76e+01    0         1      0.15
    2      1.24e-03   1.00e+00   8.57e-07   2.17e-02    0         1      0.24
Finished, because...
Error smaller than 1 ( 2.1675E-02 ).

Accumulated times:
Assembly time:        0.20 s
Solve time:      0.04 s
Total time:      0.24 s

contact        voltage     electron current    hole current     total current
 drain_conta  5.000E-02       7.814E-06         1.618E-22        7.814E-06
 gate_contac  1.560E-01      -3.430E-08         0.000E+00       -3.430E-08
 source_cont  0.000E+00      -7.780E-06        -1.566E-22       -7.780E-06


Computing BE-step from 1.4800e-09 s to 1.5000e-09 s (Stepsize: 2.0000e-11 s)
Extrapolating values for t = 1.5000e-09 ... done.
Computing Coupled( 1 poisson-equation(s) , 1 current-contact-equation(s) , 
                   1 electron-equation(s) , 1 hole-equation(s) ) 
using Bank/Rose nonlinear solver.

Iteration   |Rhs|      factor     |step|     error   #inner  #iterative  time
------------------------------------------------------------------------------
    0      7.73e+06                                                      0.03
    1      2.77e+04   1.00e+00   3.17e-03   1.83e+02    0         1      0.09
    2      4.17e-02   1.00e+00   6.17e-06   1.61e-01    0         1      0.15
Finished, because...
Error smaller than 1 ( 1.6149E-01 ).

Accumulated times:
Assembly time:        0.12 s
Solve time:      0.02 s
Total time:      0.15 s

contact        voltage     electron current    hole current     total current
 drain_conta  5.000E-02       7.609E-06         1.638E-22        7.609E-06
 gate_contac  1.500E-01      -3.406E-08         0.000E+00       -3.406E-08
 source_cont  0.000E+00      -7.575E-06        -1.583E-22       -7.575E-06


Computing BE-step from 1.5000e-09 s to 1.5200e-09 s (Stepsize: 2.0000e-11 s)
Extrapolating values for t = 1.5200e-09 ... done.
Computing Coupled( 1 poisson-equation(s) , 1 current-contact-equation(s) , 
                   1 electron-equation(s) , 1 hole-equation(s) ) 
using Bank/Rose nonlinear solver.

Iteration   |Rhs|      factor     |step|     error   #inner  #iterative  time
------------------------------------------------------------------------------
    0      3.07e+06                                                      0.04
    1      4.42e+03   1.00e+00   1.28e-03   7.34e+01    0         1      0.14
    2      1.33e-03   1.00e+00   1.03e-06   2.61e-02    0         1      0.24
Finished, because...
Error smaller than 1 ( 2.6098E-02 ).

Accumulated times:
Assembly time:        0.20 s
Solve time:      0.04 s
Total time:      0.24 s

contact        voltage     electron current    hole current     total current
 drain_conta  5.000E-02       7.403E-06         1.659E-22        7.403E-06
 gate_contac  1.440E-01      -3.381E-08         0.000E+00       -3.381E-08
 source_cont  0.000E+00      -7.369E-06        -1.600E-22       -7.369E-06


Computing BE-step from 1.5200e-09 s to 1.5400e-09 s (Stepsize: 2.0000e-11 s)
Extrapolating values for t = 1.5400e-09 ... done.
Computing Coupled( 1 poisson-equation(s) , 1 current-contact-equation(s) , 
                   1 electron-equation(s) , 1 hole-equation(s) ) 
using Bank/Rose nonlinear solver.

Iteration   |Rhs|      factor     |step|     error   #inner  #iterative  time
------------------------------------------------------------------------------
    0      8.60e+06                                                      0.06
    1      3.06e+04   1.00e+00   3.46e-03   1.99e+02    0         1      0.15
    2      4.92e-02   1.00e+00   7.51e-06   1.95e-01    0         1      0.21
Finished, because...
Error smaller than 1 ( 1.9481E-01 ).

Accumulated times:
Assembly time:        0.17 s
Solve time:      0.04 s
Total time:      0.21 s

contact        voltage     electron current    hole current     total current
 drain_conta  5.000E-02       7.195E-06         1.681E-22        7.195E-06
 gate_contac  1.380E-01      -3.355E-08         0.000E+00       -3.355E-08
 source_cont  0.000E+00      -7.161E-06        -1.618E-22       -7.161E-06


Computing BE-step from 1.5400e-09 s to 1.5600e-09 s (Stepsize: 2.0000e-11 s)
Extrapolating values for t = 1.5600e-09 ... done.
Computing Coupled( 1 poisson-equation(s) , 1 current-contact-equation(s) , 
                   1 electron-equation(s) , 1 hole-equation(s) ) 
using Bank/Rose nonlinear solver.

Iteration   |Rhs|      factor     |step|     error   #inner  #iterative  time
------------------------------------------------------------------------------
    0      3.25e+06                                                      0.06
    1      4.85e+03   1.00e+00   1.39e-03   7.98e+01    0         1      0.15
    2      1.27e-03   1.00e+00   1.22e-06   3.12e-02    0         1      0.25
Finished, because...
Error smaller than 1 ( 3.1228E-02 ).

Accumulated times:
Assembly time:        0.21 s
Solve time:      0.04 s
Total time:      0.25 s

contact        voltage     electron current    hole current     total current
 drain_conta  5.000E-02       6.985E-06         1.704E-22        6.985E-06
 gate_contac  1.320E-01      -3.327E-08         0.000E+00       -3.327E-08
 source_cont  0.000E+00      -6.951E-06        -1.636E-22       -6.951E-06


Computing BE-step from 1.5600e-09 s to 1.5800e-09 s (Stepsize: 2.0000e-11 s)
Extrapolating values for t = 1.5800e-09 ... done.
Computing Coupled( 1 poisson-equation(s) , 1 current-contact-equation(s) , 
                   1 electron-equation(s) , 1 hole-equation(s) ) 
using Bank/Rose nonlinear solver.

Iteration   |Rhs|      factor     |step|     error   #inner  #iterative  time
------------------------------------------------------------------------------
    0      8.10e+06                                                      0.06
    1      3.35e+04   1.00e+00   3.76e-03   2.17e+02    0         1      0.12
    2      5.55e-02   1.00e+00   8.81e-06   2.33e-01    0         1      0.18
Finished, because...
Error smaller than 1 ( 2.3322E-01 ).

Accumulated times:
Assembly time:        0.16 s
Solve time:      0.02 s
Total time:      0.18 s

contact        voltage     electron current    hole current     total current
 drain_conta  5.000E-02       6.773E-06         1.727E-22        6.773E-06
 gate_contac  1.260E-01      -3.299E-08         0.000E+00       -3.299E-08
 source_cont  0.000E+00      -6.740E-06        -1.654E-22       -6.740E-06


Computing BE-step from 1.5800e-09 s to 1.6000e-09 s (Stepsize: 2.0000e-11 s)
Extrapolating values for t = 1.6000e-09 ... done.
Computing Coupled( 1 poisson-equation(s) , 1 current-contact-equation(s) , 
                   1 electron-equation(s) , 1 hole-equation(s) ) 
using Bank/Rose nonlinear solver.

Iteration   |Rhs|      factor     |step|     error   #inner  #iterative  time
------------------------------------------------------------------------------
    0      3.00e+06                                                      0.04
    1      5.28e+03   1.00e+00   1.52e-03   8.75e+01    0         1      0.11
    2      1.40e-03   1.00e+00   1.43e-06   3.75e-02    0         1      0.21
Finished, because...
Error smaller than 1 ( 3.7524E-02 ).

Accumulated times:
Assembly time:        0.18 s
Solve time:      0.03 s
Total time:      0.21 s

contact        voltage     electron current    hole current     total current
 drain_conta  5.000E-02       6.559E-06         1.750E-22        6.559E-06
 gate_contac  1.200E-01      -3.269E-08         0.000E+00       -3.269E-08
 source_cont  0.000E+00      -6.526E-06        -1.672E-22       -6.526E-06


Computing BE-step from 1.6000e-09 s to 1.6200e-09 s (Stepsize: 2.0000e-11 s)
Extrapolating values for t = 1.6200e-09 ... done.
Computing Coupled( 1 poisson-equation(s) , 1 current-contact-equation(s) , 
                   1 electron-equation(s) , 1 hole-equation(s) ) 
using Bank/Rose nonlinear solver.

Iteration   |Rhs|      factor     |step|     error   #inner  #iterative  time
------------------------------------------------------------------------------
    0      7.67e+06                                                      0.06
    1      3.65e+04   1.00e+00   4.12e-03   2.38e+02    0         1      0.15
    2      6.14e-02   1.00e+00   1.04e-05   2.81e-01    0         1      0.24
Finished, because...
Error smaller than 1 ( 2.8083E-01 ).

Accumulated times:
Assembly time:        0.20 s
Solve time:      0.04 s
Total time:      0.24 s

contact        voltage     electron current    hole current     total current
 drain_conta  5.000E-02       6.344E-06         1.775E-22        6.344E-06
 gate_contac  1.140E-01      -3.238E-08         0.000E+00       -3.238E-08
 source_cont  0.000E+00      -6.312E-06        -1.691E-22       -6.312E-06


Computing BE-step from 1.6200e-09 s to 1.6400e-09 s (Stepsize: 2.0000e-11 s)
Extrapolating values for t = 1.6400e-09 ... done.
Computing Coupled( 1 poisson-equation(s) , 1 current-contact-equation(s) , 
                   1 electron-equation(s) , 1 hole-equation(s) ) 
using Bank/Rose nonlinear solver.

Iteration   |Rhs|      factor     |step|     error   #inner  #iterative  time
------------------------------------------------------------------------------
    0      2.86e+06                                                      0.05
    1      1.55e+04   1.00e+00   1.67e-03   9.55e+01    0         1      0.12
    2      6.71e-03   1.00e+00   2.13e-06   6.70e-02    0         1      0.18
Finished, because...
Error smaller than 1 ( 6.6991E-02 ).

Accumulated times:
Assembly time:        0.16 s
Solve time:      0.02 s
Total time:      0.18 s

contact        voltage     electron current    hole current     total current
 drain_conta  5.000E-02       6.127E-06         1.799E-22        6.127E-06
 gate_contac  1.080E-01      -3.205E-08         0.000E+00       -3.205E-08
 source_cont  0.000E+00      -6.095E-06        -1.709E-22       -6.095E-06


Computing BE-step from 1.6400e-09 s to 1.6600e-09 s (Stepsize: 2.0000e-11 s)
Extrapolating values for t = 1.6600e-09 ... done.
Computing Coupled( 1 poisson-equation(s) , 1 current-contact-equation(s) , 
                   1 electron-equation(s) , 1 hole-equation(s) ) 
using Bank/Rose nonlinear solver.

Iteration   |Rhs|      factor     |step|     error   #inner  #iterative  time
------------------------------------------------------------------------------
    0      7.37e+06                                                      0.03
    1      4.06e+04   1.00e+00   4.52e-03   2.59e+02    0         1      0.10
    2      7.21e-02   1.00e+00   1.24e-05   3.38e-01    0         1      0.19
Finished, because...
Error smaller than 1 ( 3.3831E-01 ).

Accumulated times:
Assembly time:        0.15 s
Solve time:      0.03 s
Total time:      0.19 s

contact        voltage     electron current    hole current     total current
 drain_conta  5.000E-02       5.908E-06         1.825E-22        5.908E-06
 gate_contac  1.020E-01      -3.171E-08         0.000E+00       -3.171E-08
 source_cont  0.000E+00      -5.877E-06        -1.727E-22       -5.877E-06


Computing BE-step from 1.6600e-09 s to 1.6800e-09 s (Stepsize: 2.0000e-11 s)
Extrapolating values for t = 1.6800e-09 ... done.
Computing Coupled( 1 poisson-equation(s) , 1 current-contact-equation(s) , 
                   1 electron-equation(s) , 1 hole-equation(s) ) 
using Bank/Rose nonlinear solver.

Iteration   |Rhs|      factor     |step|     error   #inner  #iterative  time
------------------------------------------------------------------------------
    0      2.94e+06                                                      0.06
    1      6.46e+03   1.00e+00   1.86e-03   1.05e+02    0         1      0.16
    2      2.15e-03   1.00e+00   2.16e-06   5.66e-02    0         1      0.25
Finished, because...
Error smaller than 1 ( 5.6616E-02 ).

Accumulated times:
Assembly time:        0.20 s
Solve time:      0.03 s
Total time:      0.25 s

contact        voltage     electron current    hole current     total current
 drain_conta  5.000E-02       5.689E-06         1.850E-22        5.689E-06
 gate_contac  9.600E-02      -3.135E-08         0.000E+00       -3.135E-08
 source_cont  0.000E+00      -5.657E-06        -1.745E-22       -5.657E-06


Computing BE-step from 1.6800e-09 s to 1.7000e-09 s (Stepsize: 2.0000e-11 s)
Extrapolating values for t = 1.7000e-09 ... done.
Computing Coupled( 1 poisson-equation(s) , 1 current-contact-equation(s) , 
                   1 electron-equation(s) , 1 hole-equation(s) ) 
using Bank/Rose nonlinear solver.

Iteration   |Rhs|      factor     |step|     error   #inner  #iterative  time
------------------------------------------------------------------------------
    0      8.20e+06                                                      0.03
    1      4.48e+04   1.00e+00   5.05e-03   2.85e+02    0         1      0.09
    2      1.44e-01   1.00e+00   1.65e-05   4.55e-01    0         1      0.16
Finished, because...
Error smaller than 1 ( 4.5451E-01 ).

Accumulated times:
Assembly time:        0.14 s
Solve time:      0.02 s
Total time:      0.16 s

contact        voltage     electron current    hole current     total current
 drain_conta  5.000E-02       5.467E-06         1.877E-22        5.467E-06
 gate_contac  9.000E-02      -3.097E-08         0.000E+00       -3.097E-08
 source_cont  0.000E+00      -5.436E-06        -1.763E-22       -5.436E-06


Computing BE-step from 1.7000e-09 s to 1.7200e-09 s (Stepsize: 2.0000e-11 s)
Extrapolating values for t = 1.7200e-09 ... done.
Computing Coupled( 1 poisson-equation(s) , 1 current-contact-equation(s) , 
                   1 electron-equation(s) , 1 hole-equation(s) ) 
using Bank/Rose nonlinear solver.

Iteration   |Rhs|      factor     |step|     error   #inner  #iterative  time
------------------------------------------------------------------------------
    0      3.03e+06                                                      0.06
    1      7.18e+03   1.00e+00   2.08e-03   1.15e+02    0         1      0.12
    2      3.50e-03   1.00e+00   2.74e-06   7.28e-02    0         1      0.17
Finished, because...
Error smaller than 1 ( 7.2812E-02 ).

Accumulated times:
Assembly time:        0.14 s
Solve time:      0.03 s
Total time:      0.17 s

contact        voltage     electron current    hole current     total current
 drain_conta  5.000E-02       5.243E-06         1.904E-22        5.243E-06
 gate_contac  8.400E-02      -3.058E-08         0.000E+00       -3.058E-08
 source_cont  0.000E+00      -5.213E-06        -1.780E-22       -5.213E-06


Computing BE-step from 1.7200e-09 s to 1.7400e-09 s (Stepsize: 2.0000e-11 s)
Extrapolating values for t = 1.7400e-09 ... done.
Computing Coupled( 1 poisson-equation(s) , 1 current-contact-equation(s) , 
                   1 electron-equation(s) , 1 hole-equation(s) ) 
using Bank/Rose nonlinear solver.

Iteration   |Rhs|      factor     |step|     error   #inner  #iterative  time
------------------------------------------------------------------------------
    0      7.46e+06                                                      0.04
    1      4.95e+04   1.00e+00   5.64e-03   3.10e+02    0         1      0.13
    2      1.72e-01   1.00e+00   2.00e-05   5.48e-01    0         1      0.23
Finished, because...
Error smaller than 1 ( 5.4761E-01 ).

Accumulated times:
Assembly time:        0.19 s
Solve time:      0.04 s
Total time:      0.23 s

contact        voltage     electron current    hole current     total current
 drain_conta  5.000E-02       5.017E-06         1.930E-22        5.017E-06
 gate_contac  7.800E-02      -3.015E-08         0.000E+00       -3.015E-08
 source_cont  0.000E+00      -4.987E-06        -1.795E-22       -4.987E-06


Computing BE-step from 1.7400e-09 s to 1.7600e-09 s (Stepsize: 2.0000e-11 s)
Extrapolating values for t = 1.7600e-09 ... done.
Computing Coupled( 1 poisson-equation(s) , 1 current-contact-equation(s) , 
                   1 electron-equation(s) , 1 hole-equation(s) ) 
using Bank/Rose nonlinear solver.

Iteration   |Rhs|      factor     |step|     error   #inner  #iterative  time
------------------------------------------------------------------------------
    0      2.83e+06                                                      0.06
    1      7.69e+03   1.00e+00   2.31e-03   1.27e+02    0         1      0.16
    2      3.49e-03   1.00e+00   3.23e-06   8.83e-02    0         1      0.23
Finished, because...
Error smaller than 1 ( 8.8315E-02 ).

Accumulated times:
Assembly time:        0.19 s
Solve time:      0.04 s
Total time:      0.23 s

contact        voltage     electron current    hole current     total current
 drain_conta  5.000E-02       4.790E-06         1.957E-22        4.790E-06
 gate_contac  7.200E-02      -2.973E-08         0.000E+00       -2.973E-08
 source_cont  0.000E+00      -4.760E-06        -1.809E-22       -4.760E-06


Computing BE-step from 1.7600e-09 s to 1.7800e-09 s (Stepsize: 2.0000e-11 s)
Extrapolating values for t = 1.7800e-09 ... done.
Computing Coupled( 1 poisson-equation(s) , 1 current-contact-equation(s) , 
                   1 electron-equation(s) , 1 hole-equation(s) ) 
using Bank/Rose nonlinear solver.

Iteration   |Rhs|      factor     |step|     error   #inner  #iterative  time
------------------------------------------------------------------------------
    0      7.28e+06                                                      0.04
    1      5.28e+04   1.00e+00   6.25e-03   3.46e+02    0         1      0.10
    2      1.89e-01   1.00e+00   2.33e-05   6.68e-01    0         1      0.18
Finished, because...
Error smaller than 1 ( 6.6801E-01 ).

Accumulated times:
Assembly time:        0.16 s
Solve time:      0.02 s
Total time:      0.18 s

contact        voltage     electron current    hole current     total current
 drain_conta  5.000E-02       4.562E-06         1.985E-22        4.562E-06
 gate_contac  6.600E-02      -2.929E-08         0.000E+00       -2.929E-08
 source_cont  0.000E+00      -4.532E-06        -1.822E-22       -4.532E-06


Computing BE-step from 1.7800e-09 s to 1.8000e-09 s (Stepsize: 2.0000e-11 s)
Extrapolating values for t = 1.8000e-09 ... done.
Computing Coupled( 1 poisson-equation(s) , 1 current-contact-equation(s) , 
                   1 electron-equation(s) , 1 hole-equation(s) ) 
using Bank/Rose nonlinear solver.

Iteration   |Rhs|      factor     |step|     error   #inner  #iterative  time
------------------------------------------------------------------------------
    0      3.05e+06                                                      0.03
    1      8.44e+03   1.00e+00   2.55e-03   1.40e+02    0         1      0.09
    2      6.18e-03   1.00e+00   3.82e-06   1.13e-01    0         1      0.16
Finished, because...
Error smaller than 1 ( 1.1311E-01 ).

Accumulated times:
Assembly time:        0.12 s
Solve time:      0.03 s
Total time:      0.16 s

contact        voltage     electron current    hole current     total current
 drain_conta  5.000E-02       4.331E-06         2.012E-22        4.331E-06
 gate_contac  6.000E-02      -2.881E-08         0.000E+00       -2.881E-08
 source_cont  0.000E+00      -4.302E-06        -1.833E-22       -4.302E-06


Computing BE-step from 1.8000e-09 s to 1.8200e-09 s (Stepsize: 2.0000e-11 s)
Extrapolating values for t = 1.8200e-09 ... done.
Computing Coupled( 1 poisson-equation(s) , 1 current-contact-equation(s) , 
                   1 electron-equation(s) , 1 hole-equation(s) ) 
using Bank/Rose nonlinear solver.

Iteration   |Rhs|      factor     |step|     error   #inner  #iterative  time
------------------------------------------------------------------------------
    0      7.62e+06                                                      0.04
    1      5.75e+04   1.00e+00   6.90e-03   3.86e+02    0         1      0.10
    2      4.84e-01   1.00e+00   2.81e-05   9.03e-01    0         1      0.16
Finished, because...
Error smaller than 1 ( 9.0282E-01 ).

Accumulated times:
Assembly time:        0.14 s
Solve time:      0.02 s
Total time:      0.16 s

contact        voltage     electron current    hole current     total current
 drain_conta  5.000E-02       4.099E-06         2.039E-22        4.099E-06
 gate_contac  5.400E-02      -2.835E-08         0.000E+00       -2.835E-08
 source_cont  0.000E+00      -4.070E-06        -1.842E-22       -4.070E-06


Computing BE-step from 1.8200e-09 s to 1.8400e-09 s (Stepsize: 2.0000e-11 s)
Extrapolating values for t = 1.8400e-09 ... done.
Computing Coupled( 1 poisson-equation(s) , 1 current-contact-equation(s) , 
                   1 electron-equation(s) , 1 hole-equation(s) ) 
using Bank/Rose nonlinear solver.

Iteration   |Rhs|      factor     |step|     error   #inner  #iterative  time
------------------------------------------------------------------------------
    0      2.64e+06                                                      0.04
    1      9.08e+03   1.00e+00   2.85e-03   1.56e+02    0         1      0.10
    2      1.03e-02   1.00e+00   4.96e-06   1.56e-01    0         1      0.17
Finished, because...
Error smaller than 1 ( 1.5572E-01 ).

Accumulated times:
Assembly time:        0.14 s
Solve time:      0.03 s
Total time:      0.17 s

contact        voltage     electron current    hole current     total current
 drain_conta  5.000E-02       3.866E-06         2.066E-22        3.866E-06
 gate_contac  4.800E-02      -2.783E-08         0.000E+00       -2.783E-08
 source_cont  0.000E+00      -3.838E-06        -1.848E-22       -3.838E-06


Computing BE-step from 1.8400e-09 s to 1.8600e-09 s (Stepsize: 2.0000e-11 s)
Extrapolating values for t = 1.8600e-09 ... done.
Computing Coupled( 1 poisson-equation(s) , 1 current-contact-equation(s) , 
                   1 electron-equation(s) , 1 hole-equation(s) ) 
using Bank/Rose nonlinear solver.

Iteration   |Rhs|      factor     |step|     error   #inner  #iterative  time
------------------------------------------------------------------------------
    0      6.84e+06                                                      0.03
    1      6.17e+04   1.00e+00   7.73e-03   4.24e+02    0         1      0.09
    2      5.89e-01   1.00e+00   3.70e-05   1.25e+00    0         1      0.15
    3      2.87e-04   1.00e+00   4.56e-10   1.22e-05    0         1      0.21
Finished, because...
Error smaller than 1 ( 1.2194E-05 ).

Accumulated times:
Assembly time:        0.17 s
Solve time:      0.04 s
Total time:      0.21 s

contact        voltage     electron current    hole current     total current
 drain_conta  5.000E-02       3.634E-06         2.094E-22        3.634E-06
 gate_contac  4.200E-02      -2.728E-08         0.000E+00       -2.728E-08
 source_cont  0.000E+00      -3.607E-06        -1.852E-22       -3.607E-06


Computing BE-step from 1.8600e-09 s to 1.8800e-09 s (Stepsize: 2.0000e-11 s)
Extrapolating values for t = 1.8800e-09 ... done.
Computing Coupled( 1 poisson-equation(s) , 1 current-contact-equation(s) , 
                   1 electron-equation(s) , 1 hole-equation(s) ) 
using Bank/Rose nonlinear solver.

Iteration   |Rhs|      factor     |step|     error   #inner  #iterative  time
------------------------------------------------------------------------------
    0      2.57e+06                                                      0.05
    1      9.55e+03   1.00e+00   3.16e-03   1.70e+02    0         1      0.12
    2      5.35e-02   1.00e+00   6.44e-06   2.46e-01    0         1      0.18
Finished, because...
Error smaller than 1 ( 2.4577E-01 ).

Accumulated times:
Assembly time:        0.14 s
Solve time:      0.03 s
Total time:      0.18 s

contact        voltage     electron current    hole current     total current
 drain_conta  5.000E-02       3.403E-06         2.121E-22        3.403E-06
 gate_contac  3.600E-02      -2.671E-08         0.000E+00       -2.671E-08
 source_cont  0.000E+00      -3.376E-06        -1.852E-22       -3.376E-06


Computing BE-step from 1.8800e-09 s to 1.9000e-09 s (Stepsize: 2.0000e-11 s)
Extrapolating values for t = 1.9000e-09 ... done.
Computing Coupled( 1 poisson-equation(s) , 1 current-contact-equation(s) , 
                   1 electron-equation(s) , 1 hole-equation(s) ) 
using Bank/Rose nonlinear solver.

Iteration   |Rhs|      factor     |step|     error   #inner  #iterative  time
------------------------------------------------------------------------------
    0      6.67e+06                                                      0.05
    1      6.43e+04   1.00e+00   8.56e-03   4.69e+02    0         1      0.11
    2      1.98e+00   1.00e+00   4.43e-05   1.69e+00    0         1      0.17
    3      3.27e-04   1.00e+00   6.44e-10   2.32e-05    0         1      0.23
Finished, because...
Error smaller than 1 ( 2.3226E-05 ).

Accumulated times:
Assembly time:        0.20 s
Solve time:      0.03 s
Total time:      0.23 s

contact        voltage     electron current    hole current     total current
 drain_conta  5.000E-02       3.173E-06         2.148E-22        3.173E-06
 gate_contac  3.000E-02      -2.614E-08         0.000E+00       -2.614E-08
 source_cont  0.000E+00      -3.147E-06        -1.847E-22       -3.147E-06


Computing BE-step from 1.9000e-09 s to 1.9200e-09 s (Stepsize: 2.0000e-11 s)
Extrapolating values for t = 1.9200e-09 ... done.
Computing Coupled( 1 poisson-equation(s) , 1 current-contact-equation(s) , 
                   1 electron-equation(s) , 1 hole-equation(s) ) 
using Bank/Rose nonlinear solver.

Iteration   |Rhs|      factor     |step|     error   #inner  #iterative  time
------------------------------------------------------------------------------
    0      2.55e+06                                                      0.04
    1      9.80e+03   1.00e+00   3.47e-03   2.01e+02    0         1      0.09
    2      3.45e-02   1.00e+00   6.58e-06   2.59e-01    0         1      0.17
Finished, because...
Error smaller than 1 ( 2.5912E-01 ).

Accumulated times:
Assembly time:        0.13 s
Solve time:      0.04 s
Total time:      0.18 s

contact        voltage     electron current    hole current     total current
 drain_conta  5.000E-02       2.943E-06         2.176E-22        2.943E-06
 gate_contac  2.400E-02      -2.556E-08         0.000E+00       -2.556E-08
 source_cont  0.000E+00      -2.918E-06        -1.838E-22       -2.918E-06


Computing BE-step from 1.9200e-09 s to 1.9400e-09 s (Stepsize: 2.0000e-11 s)
Extrapolating values for t = 1.9400e-09 ... done.
Computing Coupled( 1 poisson-equation(s) , 1 current-contact-equation(s) , 
                   1 electron-equation(s) , 1 hole-equation(s) ) 
using Bank/Rose nonlinear solver.

Iteration   |Rhs|      factor     |step|     error   #inner  #iterative  time
------------------------------------------------------------------------------
    0      6.67e+06                                                      0.06
    1      6.58e+04   1.00e+00   9.37e-03   5.51e+02    0         1      0.12
    2      2.46e+00   1.00e+00   4.89e-05   2.11e+00    0         1      0.18
    3      2.80e-04   1.00e+00   7.33e-10   3.31e-05    0         1      0.24
Finished, because...
Error smaller than 1 ( 3.3123E-05 ).

Accumulated times:
Assembly time:        0.21 s
Solve time:      0.03 s
Total time:      0.24 s

contact        voltage     electron current    hole current     total current
 drain_conta  5.000E-02       2.717E-06         2.203E-22        2.717E-06
 gate_contac  1.800E-02      -2.495E-08         0.000E+00       -2.495E-08
 source_cont  0.000E+00      -2.692E-06        -1.824E-22       -2.692E-06


Computing BE-step from 1.9400e-09 s to 1.9600e-09 s (Stepsize: 2.0000e-11 s)
Extrapolating values for t = 1.9600e-09 ... done.
Computing Coupled( 1 poisson-equation(s) , 1 current-contact-equation(s) , 
                   1 electron-equation(s) , 1 hole-equation(s) ) 
using Bank/Rose nonlinear solver.

Iteration   |Rhs|      factor     |step|     error   #inner  #iterative  time
------------------------------------------------------------------------------
    0      2.55e+06                                                      0.04
    1      1.01e+04   1.00e+00   3.78e-03   2.23e+02    0         1      0.11
    2      4.64e-02   1.00e+00   7.36e-06   3.35e-01    0         1      0.17
Finished, because...
Error smaller than 1 ( 3.3536E-01 ).

Accumulated times:
Assembly time:        0.14 s
Solve time:      0.03 s
Total time:      0.17 s

contact        voltage     electron current    hole current     total current
 drain_conta  5.000E-02       2.495E-06         2.230E-22        2.495E-06
 gate_contac  1.200E-02      -2.430E-08         0.000E+00       -2.430E-08
 source_cont  0.000E+00      -2.471E-06        -1.803E-22       -2.471E-06


Computing BE-step from 1.9600e-09 s to 1.9800e-09 s (Stepsize: 2.0000e-11 s)
Extrapolating values for t = 1.9800e-09 ... done.
Computing Coupled( 1 poisson-equation(s) , 1 current-contact-equation(s) , 
                   1 electron-equation(s) , 1 hole-equation(s) ) 
using Bank/Rose nonlinear solver.

Iteration   |Rhs|      factor     |step|     error   #inner  #iterative  time
------------------------------------------------------------------------------
    0      6.66e+06                                                      0.05
    1      6.74e+04   1.00e+00   1.02e-02   6.18e+02    0         1      0.12
    2      1.74e+00   1.00e+00   5.16e-05   2.52e+00    0         1      0.22
    3      2.66e-04   1.00e+00   8.74e-10   4.64e-05    0         1      0.32
Finished, because...
Error smaller than 1 ( 4.6415E-05 ).

Accumulated times:
Assembly time:        0.26 s
Solve time:      0.05 s
Total time:      0.32 s

contact        voltage     electron current    hole current     total current
 drain_conta  5.000E-02       2.278E-06         2.258E-22        2.278E-06
 gate_contac  6.000E-03      -2.365E-08         0.000E+00       -2.365E-08
 source_cont  0.000E+00      -2.254E-06        -1.776E-22       -2.254E-06


Computing BE-step from 1.9800e-09 s to 2.0000e-09 s (Stepsize: 2.0000e-11 s)
Extrapolating values for t = 2.0000e-09 ... done.
Computing Coupled( 1 poisson-equation(s) , 1 current-contact-equation(s) , 
                   1 electron-equation(s) , 1 hole-equation(s) ) 
using Bank/Rose nonlinear solver.

Iteration   |Rhs|      factor     |step|     error   #inner  #iterative  time
------------------------------------------------------------------------------
    0      2.55e+06                                                      0.03
    1      1.03e+04   1.00e+00   4.11e-03   2.62e+02    0         1      0.09
    2      3.72e-02   1.00e+00   7.73e-06   4.16e-01    0         1      0.15
Finished, because...
Error smaller than 1 ( 4.1644E-01 ).

Accumulated times:
Assembly time:        0.13 s
Solve time:      0.02 s
Total time:      0.15 s

contact        voltage     electron current    hole current     total current
 drain_conta  5.000E-02       2.068E-06         2.285E-22        2.068E-06
 gate_contac  0.000E+00      -2.298E-08         0.000E+00       -2.298E-08
 source_cont  0.000E+00      -2.045E-06        -1.741E-22       -2.045E-06



Finished, because...
Curve trace finished.


===============================
Starting solve of next problem:
Transient (
      Max. #iterations : 50, 
      Initial step : 1.0000e-12 s,       Minimum step : 1.0000e-16 s, Maximum step : 5.0000e-11 s, 
      Initial time : 2.0000e-09 s, Final time : 3.0000e-09 s, 
      Goal values :
        Contact gate_contact : 1V
    )
  {
    Coupled ( Digits : 5, Max. #iterations : 100, 
        Solver : blocked decomposition,
        #undamped iterations : 100 
        )
        { Poisson Electron Hole } 
    CurrentPlot (
         Time (fixed times:
             2.0000e-09 2.0200e-09 2.0400e-09 2.0600e-09 2.0800e-09
             2.1000e-09 2.1200e-09 2.1400e-09 2.1600e-09 2.1800e-09
             2.2000e-09 2.2200e-09 2.2400e-09 2.2600e-09 2.2800e-09
             2.3000e-09 2.3200e-09 2.3400e-09 2.3600e-09 2.3800e-09
             2.4000e-09 2.4200e-09 2.4400e-09 2.4600e-09 2.4800e-09
             2.5000e-09 2.5200e-09 2.5400e-09 2.5600e-09 2.5800e-09
             2.6000e-09 2.6200e-09 2.6400e-09 2.6600e-09 2.6800e-09
             2.7000e-09 2.7200e-09 2.7400e-09 2.7600e-09 2.7800e-09
             2.8000e-09 2.8200e-09 2.8400e-09 2.8600e-09 2.8800e-09
             2.9000e-09 2.9200e-09 2.9400e-09 2.9600e-09 2.9800e-09
             3.0000e-09) )
      { }
  }
===============================

contact        voltage     electron current    hole current     total current
 drain_conta  5.000E-02       2.068E-06         2.285E-22        2.068E-06
 gate_contac  0.000E+00      -2.298E-08         0.000E+00       -2.298E-08
 source_cont  0.000E+00      -2.045E-06        -1.741E-22       -2.045E-06

Reusing extrapolation from a previous transient

Computing BE-step from 2.0000e-09 s to 2.0010e-09 s (Stepsize: 1.0000e-12 s)
Extrapolating values for t = 2.0010e-09 ... done.
Computing Coupled( 1 poisson-equation(s) , 1 current-contact-equation(s) , 
                   1 electron-equation(s) , 1 hole-equation(s) ) 
using Bank/Rose nonlinear solver.

Iteration   |Rhs|      factor     |step|     error   #inner  #iterative  time
------------------------------------------------------------------------------
    0      2.79e+10                                                      0.03
    1      3.22e+05   1.00e+00   2.22e-02   1.20e+03    0         1      0.10
    2      4.90e+00   1.00e+00   7.35e-05   6.10e+00    0         1      0.16
    3      1.96e-04   1.00e+00   1.24e-09   7.56e-05    0         1      0.23
Finished, because...
Error smaller than 1 ( 7.5592E-05 ).

Accumulated times:
Assembly time:        0.16 s
Solve time:      0.07 s
Total time:      0.23 s

contact        voltage     electron current    hole current     total current
 drain_conta  5.000E-02       2.056E-06         2.279E-22        2.056E-06
 gate_contac  1.000E-03       6.861E-08         0.000E+00        6.861E-08
 source_cont  0.000E+00      -2.125E-06        -1.771E-22       -2.125E-06


Computing BE-step from 2.0010e-09 s to 2.0024e-09 s (Stepsize: 1.4000e-12 s)
Extrapolating values for t = 2.0024e-09 ... done.
Computing Coupled( 1 poisson-equation(s) , 1 current-contact-equation(s) , 
                   1 electron-equation(s) , 1 hole-equation(s) ) 
using Bank/Rose nonlinear solver.

Iteration   |Rhs|      factor     |step|     error   #inner  #iterative  time
------------------------------------------------------------------------------
    0      1.78e+05                                                      0.04
    1      3.61e+03   1.00e+00   2.21e-03   1.22e+02    0         1      0.10
    2      4.40e-03   1.00e+00   1.76e-06   8.23e-02    0         1      0.16
Finished, because...
Error smaller than 1 ( 8.2250E-02 ).

Accumulated times:
Assembly time:        0.14 s
Solve time:      0.02 s
Total time:      0.16 s

contact        voltage     electron current    hole current     total current
 drain_conta  5.000E-02       2.101E-06         2.263E-22        2.101E-06
 gate_contac  2.400E-03       7.552E-08         0.000E+00        7.552E-08
 source_cont  0.000E+00      -2.176E-06        -1.846E-22       -2.177E-06


Computing BE-step from 2.0024e-09 s to 2.0044e-09 s (Stepsize: 1.9600e-12 s)
Extrapolating values for t = 2.0044e-09 ... done.
Computing Coupled( 1 poisson-equation(s) , 1 current-contact-equation(s) , 
                   1 electron-equation(s) , 1 hole-equation(s) ) 
using Bank/Rose nonlinear solver.

Iteration   |Rhs|      factor     |step|     error   #inner  #iterative  time
------------------------------------------------------------------------------
    0      1.64e+05                                                      0.03
    1      2.22e+01   1.00e+00   1.22e-03   5.62e+00    0         1      0.12
    2      2.71e-04   1.00e+00   3.35e-07   2.06e-03    0         1      0.21
Finished, because...
Error smaller than 1 ( 2.0561E-03 ).

Accumulated times:
Assembly time:        0.17 s
Solve time:      0.03 s
Total time:      0.21 s

contact        voltage     electron current    hole current     total current
 drain_conta  5.000E-02       2.169E-06         2.233E-22        2.169E-06
 gate_contac  4.360E-03       7.668E-08         0.000E+00        7.668E-08
 source_cont  0.000E+00      -2.246E-06        -1.979E-22       -2.246E-06


Computing BE-step from 2.0044e-09 s to 2.0071e-09 s (Stepsize: 2.7440e-12 s)
Extrapolating values for t = 2.0071e-09 ... done.
Computing Coupled( 1 poisson-equation(s) , 1 current-contact-equation(s) , 
                   1 electron-equation(s) , 1 hole-equation(s) ) 
using Bank/Rose nonlinear solver.

Iteration   |Rhs|      factor     |step|     error   #inner  #iterative  time
------------------------------------------------------------------------------
    0      3.23e+05                                                      0.04
    1      1.79e+02   1.00e+00   2.04e-03   3.08e+01    0         1      0.09
    2      2.08e-04   1.00e+00   6.11e-07   5.99e-03    0         1      0.15
Finished, because...
Error smaller than 1 ( 5.9942E-03 ).

Accumulated times:
Assembly time:        0.11 s
Solve time:      0.04 s
Total time:      0.15 s

contact        voltage     electron current    hole current     total current
 drain_conta  5.000E-02       2.266E-06         2.190E-22        2.266E-06
 gate_contac  7.104E-03       7.761E-08         0.000E+00        7.761E-08
 source_cont  0.000E+00      -2.344E-06        -2.165E-22       -2.344E-06


Computing BE-step from 2.0071e-09 s to 2.0109e-09 s (Stepsize: 3.8416e-12 s)
Extrapolating values for t = 2.0109e-09 ... done.
Computing Coupled( 1 poisson-equation(s) , 1 current-contact-equation(s) , 
                   1 electron-equation(s) , 1 hole-equation(s) ) 
using Bank/Rose nonlinear solver.

Iteration   |Rhs|      factor     |step|     error   #inner  #iterative  time
------------------------------------------------------------------------------
    0      6.36e+05                                                      0.04
    1      7.06e+02   1.00e+00   3.62e-03   6.23e+01    0         1      0.10
    2      2.21e-04   1.00e+00   1.94e-06   2.04e-02    0         1      0.16
Finished, because...
Error smaller than 1 ( 2.0380E-02 ).

Accumulated times:
Assembly time:        0.14 s
Solve time:      0.02 s
Total time:      0.16 s

contact        voltage     electron current    hole current     total current
 drain_conta  5.000E-02       2.404E-06         2.135E-22        2.404E-06
 gate_contac  1.095E-02       7.881E-08         0.000E+00        7.881E-08
 source_cont  0.000E+00      -2.483E-06        -2.394E-22       -2.483E-06


Computing BE-step from 2.0109e-09 s to 2.0163e-09 s (Stepsize: 5.3782e-12 s)
Extrapolating values for t = 2.0163e-09 ... done.
Computing Coupled( 1 poisson-equation(s) , 1 current-contact-equation(s) , 
                   1 electron-equation(s) , 1 hole-equation(s) ) 
using Bank/Rose nonlinear solver.

Iteration   |Rhs|      factor     |step|     error   #inner  #iterative  time
------------------------------------------------------------------------------
    0      1.26e+06                                                      0.03
    1      2.75e+03   1.00e+00   6.01e-03   1.15e+02    0         1      0.09
    2      3.31e-03   1.00e+00   6.26e-06   7.34e-02    0         1      0.15
Finished, because...
Error smaller than 1 ( 7.3359E-02 ).

Accumulated times:
Assembly time:        0.12 s
Solve time:      0.02 s
Total time:      0.15 s

contact        voltage     electron current    hole current     total current
 drain_conta  5.000E-02       2.601E-06         2.069E-22        2.601E-06
 gate_contac  1.632E-02       8.049E-08         0.000E+00        8.049E-08
 source_cont  0.000E+00      -2.682E-06        -2.646E-22       -2.682E-06


Computing BE-step from 2.0163e-09 s to 2.0200e-09 s (Stepsize: 3.6762e-12 s)
Extrapolating values for t = 2.0200e-09 ... done.
Computing Coupled( 1 poisson-equation(s) , 1 current-contact-equation(s) , 
                   1 electron-equation(s) , 1 hole-equation(s) ) 
using Bank/Rose nonlinear solver.

Iteration   |Rhs|      factor     |step|     error   #inner  #iterative  time
------------------------------------------------------------------------------
    0      8.40e+05                                                      0.05
    1      1.21e+03   1.00e+00   2.74e-03   7.35e+01    0         1      0.15
    2      6.61e-04   1.00e+00   1.69e-06   2.92e-02    0         1      0.24
Finished, because...
Error smaller than 1 ( 2.9151E-02 ).

Accumulated times:
Assembly time:        0.21 s
Solve time:      0.03 s
Total time:      0.25 s

contact        voltage     electron current    hole current     total current
 drain_conta  5.000E-02       2.738E-06         2.029E-22        2.738E-06
 gate_contac  2.000E-02       8.210E-08         0.000E+00        8.210E-08
 source_cont  0.000E+00      -2.820E-06        -2.783E-22       -2.820E-06


Computing BE-step from 2.0200e-09 s to 2.0275e-09 s (Stepsize: 7.5295e-12 s)
Extrapolating values for t = 2.0275e-09 ... done.
Computing Coupled( 1 poisson-equation(s) , 1 current-contact-equation(s) , 
                   1 electron-equation(s) , 1 hole-equation(s) ) 
using Bank/Rose nonlinear solver.

Iteration   |Rhs|      factor     |step|     error   #inner  #iterative  time
------------------------------------------------------------------------------
    0      4.82e+06                                                      0.04
    1      4.09e+04   1.00e+00   1.60e-02   3.95e+02    0         1      0.10
    2      5.41e-01   1.00e+00   6.03e-05   8.73e-01    0         1      0.16
Finished, because...
Error smaller than 1 ( 8.7292E-01 ).

Accumulated times:
Assembly time:        0.14 s
Solve time:      0.02 s
Total time:      0.16 s

contact        voltage     electron current    hole current     total current
 drain_conta  5.000E-02       3.023E-06         1.965E-22        3.023E-06
 gate_contac  2.753E-02       8.411E-08         0.000E+00        8.411E-08
 source_cont  0.000E+00      -3.107E-06        -2.949E-22       -3.107E-06


Computing BE-step from 2.0275e-09 s to 2.0381e-09 s (Stepsize: 1.0541e-11 s)
Extrapolating values for t = 2.0381e-09 ... done.
Computing Coupled( 1 poisson-equation(s) , 1 current-contact-equation(s) , 
                   1 electron-equation(s) , 1 hole-equation(s) ) 
using Bank/Rose nonlinear solver.

Iteration   |Rhs|      factor     |step|     error   #inner  #iterative  time
------------------------------------------------------------------------------
    0      5.99e+06                                                      0.04
    1      6.12e+04   1.00e+00   1.42e-02   4.52e+02    0         1      0.10
    2      8.30e-01   1.00e+00   5.93e-05   1.09e+00    0         1      0.20
    3      2.75e-04   1.00e+00   1.11e-09   1.12e-05    0         1      0.28
Finished, because...
Error smaller than 1 ( 1.1158E-05 ).

Accumulated times:
Assembly time:        0.21 s
Solve time:      0.05 s
Total time:      0.28 s

contact        voltage     electron current    hole current     total current
 drain_conta  5.000E-02       3.425E-06         1.903E-22        3.425E-06
 gate_contac  3.807E-02       8.704E-08         0.000E+00        8.704E-08
 source_cont  0.000E+00      -3.512E-06        -3.013E-22       -3.512E-06


Computing BE-step from 2.0381e-09 s to 2.0400e-09 s (Stepsize: 1.9291e-12 s)
Extrapolating values for t = 2.0400e-09 ... done.
Computing Coupled( 1 poisson-equation(s) , 1 current-contact-equation(s) , 
                   1 electron-equation(s) , 1 hole-equation(s) ) 
using Bank/Rose nonlinear solver.

Iteration   |Rhs|      factor     |step|     error   #inner  #iterative  time
------------------------------------------------------------------------------
    0      6.08e+05                                                      0.04
    1      5.89e+02   1.00e+00   9.79e-04   4.36e+01    0         1      0.10
    2      2.75e-04   1.00e+00   2.94e-07   1.07e-02    0         1      0.16
Finished, because...
Error smaller than 1 ( 1.0656E-02 ).

Accumulated times:
Assembly time:        0.14 s
Solve time:      0.02 s
Total time:      0.16 s

contact        voltage     electron current    hole current     total current
 drain_conta  5.000E-02       3.498E-06         1.894E-22        3.498E-06
 gate_contac  4.000E-02       8.897E-08         0.000E+00        8.897E-08
 source_cont  0.000E+00      -3.587E-06        -3.014E-22       -3.587E-06


Computing BE-step from 2.0400e-09 s to 2.0548e-09 s (Stepsize: 1.4758e-11 s)
Extrapolating values for t = 2.0548e-09 ... done.
Computing Coupled( 1 poisson-equation(s) , 1 current-contact-equation(s) , 
                   1 electron-equation(s) , 1 hole-equation(s) ) 
using Bank/Rose nonlinear solver.

Iteration   |Rhs|      factor     |step|     error   #inner  #iterative  time
------------------------------------------------------------------------------
    0      1.24e+07                                                      0.03
    1      2.42e+05   1.00e+00   1.54e-02   7.66e+02    0         1      0.12
    2      5.42e+00   1.00e+00   1.04e-04   3.44e+00    0         1      0.21
    3      5.10e-04   1.00e+00   8.35e-09   1.05e-04    0         1      0.31
Finished, because...
Error smaller than 1 ( 1.0515E-04 ).

Accumulated times:
Assembly time:        0.25 s
Solve time:      0.06 s
Total time:      0.31 s

contact        voltage     electron current    hole current     total current
 drain_conta  5.000E-02       4.067E-06         1.843E-22        4.067E-06
 gate_contac  5.476E-02       9.166E-08         0.000E+00        9.166E-08
 source_cont  0.000E+00      -4.158E-06        -2.889E-22       -4.158E-06


Computing BE-step from 2.0548e-09 s to 2.0600e-09 s (Stepsize: 5.2421e-12 s)
Extrapolating values for t = 2.0600e-09 ... done.
Computing Coupled( 1 poisson-equation(s) , 1 current-contact-equation(s) , 
                   1 electron-equation(s) , 1 hole-equation(s) ) 
using Bank/Rose nonlinear solver.

Iteration   |Rhs|      factor     |step|     error   #inner  #iterative  time
------------------------------------------------------------------------------
    0      3.11e+06                                                      0.06
    1      1.35e+04   1.00e+00   3.29e-03   1.73e+02    0         1      0.16
    2      1.64e-02   1.00e+00   4.57e-06   1.80e-01    0         1      0.26
Finished, because...
Error smaller than 1 ( 1.7993E-01 ).

Accumulated times:
Assembly time:        0.22 s
Solve time:      0.04 s
Total time:      0.26 s

contact        voltage     electron current    hole current     total current
 drain_conta  5.000E-02       4.268E-06         1.831E-22        4.268E-06
 gate_contac  6.000E-02       9.457E-08         0.000E+00        9.457E-08
 source_cont  0.000E+00      -4.363E-06        -2.814E-22       -4.363E-06


Computing BE-step from 2.0600e-09 s to 2.0800e-09 s (Stepsize: 2.0000e-11 s)
Extrapolating values for t = 2.0800e-09 ... done.
Computing Coupled( 1 poisson-equation(s) , 1 current-contact-equation(s) , 
                   1 electron-equation(s) , 1 hole-equation(s) ) 
using Bank/Rose nonlinear solver.

Iteration   |Rhs|      factor     |step|     error   #inner  #iterative  time
------------------------------------------------------------------------------
    0      3.37e+07                                                      0.05
    1      1.32e+06   1.00e+00   2.53e-02   1.55e+03    0         1      0.15
    2      9.85e+01   1.00e+00   3.72e-04   1.19e+01    0         1      0.24
    3      5.41e-04   1.00e+00   4.73e-08   1.12e-03    0         1      0.34
Finished, because...
Error smaller than 1 ( 1.1193E-03 ).

Accumulated times:
Assembly time:        0.28 s
Solve time:      0.06 s
Total time:      0.34 s

contact        voltage     electron current    hole current     total current
 drain_conta  5.000E-02       5.027E-06         1.781E-22        5.027E-06
 gate_contac  8.000E-02       9.783E-08         0.000E+00        9.783E-08
 source_cont  0.000E+00      -5.125E-06        -2.537E-22       -5.125E-06


Computing BE-step from 2.0800e-09 s to 2.1000e-09 s (Stepsize: 2.0000e-11 s)
Extrapolating values for t = 2.1000e-09 ... done.
Computing Coupled( 1 poisson-equation(s) , 1 current-contact-equation(s) , 
                   1 electron-equation(s) , 1 hole-equation(s) ) 
using Bank/Rose nonlinear solver.

Iteration   |Rhs|      factor     |step|     error   #inner  #iterative  time
------------------------------------------------------------------------------
    0      2.71e+07                                                      0.06
    1      8.08e+05   1.00e+00   2.05e-02   1.10e+03    0         1      0.12
    2      2.27e+01   1.00e+00   2.78e-04   5.50e+00    0         1      0.20
    3      5.00e-04   1.00e+00   2.62e-08   2.04e-04    0         1      0.29
Finished, because...
Error smaller than 1 ( 2.0425E-04 ).

Accumulated times:
Assembly time:        0.25 s
Solve time:      0.04 s
Total time:      0.29 s

contact        voltage     electron current    hole current     total current
 drain_conta  5.000E-02       5.767E-06         1.731E-22        5.767E-06
 gate_contac  1.000E-01       1.026E-07         0.000E+00        1.026E-07
 source_cont  0.000E+00      -5.869E-06        -2.276E-22       -5.869E-06


Computing BE-step from 2.1000e-09 s to 2.1200e-09 s (Stepsize: 2.0000e-11 s)
Extrapolating values for t = 2.1200e-09 ... done.
Computing Coupled( 1 poisson-equation(s) , 1 current-contact-equation(s) , 
                   1 electron-equation(s) , 1 hole-equation(s) ) 
using Bank/Rose nonlinear solver.

Iteration   |Rhs|      factor     |step|     error   #inner  #iterative  time
------------------------------------------------------------------------------
    0      2.50e+07                                                      0.06
    1      5.14e+05   1.00e+00   1.62e-02   8.11e+02    0         1      0.15
    2      7.97e+00   1.00e+00   1.75e-04   2.94e+00    0         1      0.24
    3      1.12e-03   1.00e+00   1.00e-08   4.96e-05    0         1      0.34
Finished, because...
Error smaller than 1 ( 4.9561E-05 ).

Accumulated times:
Assembly time:        0.29 s
Solve time:      0.04 s
Total time:      0.34 s

contact        voltage     electron current    hole current     total current
 drain_conta  5.000E-02       6.488E-06         1.678E-22        6.488E-06
 gate_contac  1.200E-01       1.066E-07         0.000E+00        1.066E-07
 source_cont  0.000E+00      -6.595E-06        -2.063E-22       -6.595E-06


Computing BE-step from 2.1200e-09 s to 2.1400e-09 s (Stepsize: 2.0000e-11 s)
Extrapolating values for t = 2.1400e-09 ... done.
Computing Coupled( 1 poisson-equation(s) , 1 current-contact-equation(s) , 
                   1 electron-equation(s) , 1 hole-equation(s) ) 
using Bank/Rose nonlinear solver.

Iteration   |Rhs|      factor     |step|     error   #inner  #iterative  time
------------------------------------------------------------------------------
    0      8.31e+07                                                      0.05
    1      5.12e+06   1.00e+00   4.57e-02   2.38e+03    0         1      0.11
    2      6.02e+02   1.00e+00   1.40e-03   2.20e+01    0         1      0.17
    3      1.24e-03   1.00e+00   6.59e-07   2.68e-03    0         1      0.23
Finished, because...
Error smaller than 1 ( 2.6823E-03 ).

Accumulated times:
Assembly time:        0.19 s
Solve time:      0.03 s
Total time:      0.23 s

contact        voltage     electron current    hole current     total current
 drain_conta  5.000E-02       7.191E-06         1.622E-22        7.191E-06
 gate_contac  1.400E-01       1.101E-07         0.000E+00        1.101E-07
 source_cont  0.000E+00      -7.301E-06        -1.899E-22       -7.301E-06


Computing BE-step from 2.1400e-09 s to 2.1600e-09 s (Stepsize: 2.0000e-11 s)
Extrapolating values for t = 2.1600e-09 ... done.
Computing Coupled( 1 poisson-equation(s) , 1 current-contact-equation(s) , 
                   1 electron-equation(s) , 1 hole-equation(s) ) 
using Bank/Rose nonlinear solver.

Iteration   |Rhs|      factor     |step|     error   #inner  #iterative  time
------------------------------------------------------------------------------
    0      3.52e+07                                                      0.05
    1      9.33e+05   1.00e+00   1.85e-02   9.52e+02    0         1      0.15
    2      2.36e+01   1.00e+00   2.23e-04   3.59e+00    0         1      0.24
    3      1.29e-03   1.00e+00   1.45e-08   5.71e-05    0         1      0.33
Finished, because...
Error smaller than 1 ( 5.7081E-05 ).

Accumulated times:
Assembly time:        0.27 s
Solve time:      0.06 s
Total time:      0.33 s

contact        voltage     electron current    hole current     total current
 drain_conta  5.000E-02       7.874E-06         1.567E-22        7.874E-06
 gate_contac  1.600E-01       1.131E-07         0.000E+00        1.131E-07
 source_cont  0.000E+00      -7.987E-06        -1.772E-22       -7.987E-06


Computing BE-step from 2.1600e-09 s to 2.1800e-09 s (Stepsize: 2.0000e-11 s)
Extrapolating values for t = 2.1800e-09 ... done.
Computing Coupled( 1 poisson-equation(s) , 1 current-contact-equation(s) , 
                   1 electron-equation(s) , 1 hole-equation(s) ) 
using Bank/Rose nonlinear solver.

Iteration   |Rhs|      factor     |step|     error   #inner  #iterative  time
------------------------------------------------------------------------------
    0      1.06e+08                                                      0.04
    1      7.38e+06   1.00e+00   4.62e-02   2.49e+03    0         1      0.10
    2      1.28e+03   1.00e+00   1.42e-03   2.27e+01    0         1      0.16
    3      1.09e-03   1.00e+00   6.54e-07   2.43e-03    0         1      0.22
Finished, because...
Error smaller than 1 ( 2.4326E-03 ).

Accumulated times:
Assembly time:        0.19 s
Solve time:      0.03 s
Total time:      0.22 s

contact        voltage     electron current    hole current     total current
 drain_conta  5.000E-02       8.527E-06         1.515E-22        8.527E-06
 gate_contac  1.800E-01       1.157E-07         0.000E+00        1.157E-07
 source_cont  0.000E+00      -8.643E-06        -1.671E-22       -8.643E-06


Computing BE-step from 2.1800e-09 s to 2.2000e-09 s (Stepsize: 2.0000e-11 s)
Extrapolating values for t = 2.2000e-09 ... done.
Computing Coupled( 1 poisson-equation(s) , 1 current-contact-equation(s) , 
                   1 electron-equation(s) , 1 hole-equation(s) ) 
using Bank/Rose nonlinear solver.

Iteration   |Rhs|      factor     |step|     error   #inner  #iterative  time
------------------------------------------------------------------------------
    0      4.75e+07                                                      0.03
    1      6.97e+05   1.00e+00   1.33e-02   7.10e+02    0         1      0.09
    2      1.44e+01   1.00e+00   1.20e-04   2.10e+00    0         1      0.16
    3      1.10e-03   1.00e+00   4.11e-09   2.40e-05    0         1      0.22
Finished, because...
Error smaller than 1 ( 2.3959E-05 ).

Accumulated times:
Assembly time:        0.17 s
Solve time:      0.03 s
Total time:      0.22 s

contact        voltage     electron current    hole current     total current
 drain_conta  5.000E-02       9.150E-06         1.465E-22        9.150E-06
 gate_contac  2.000E-01       1.181E-07         0.000E+00        1.181E-07
 source_cont  0.000E+00      -9.268E-06        -1.587E-22       -9.268E-06


Computing BE-step from 2.2000e-09 s to 2.2200e-09 s (Stepsize: 2.0000e-11 s)
Extrapolating values for t = 2.2200e-09 ... done.
Computing Coupled( 1 poisson-equation(s) , 1 current-contact-equation(s) , 
                   1 electron-equation(s) , 1 hole-equation(s) ) 
using Bank/Rose nonlinear solver.

Iteration   |Rhs|      factor     |step|     error   #inner  #iterative  time
------------------------------------------------------------------------------
    0      1.50e+08                                                      0.04
    1      5.63e+06   1.00e+00   3.37e-02   1.85e+03    0         1      0.10
    2      6.62e+02   1.00e+00   7.83e-04   1.29e+01    0         1      0.16
    3      2.23e-03   1.00e+00   1.81e-07   9.68e-04    0         1      0.21
Finished, because...
Error smaller than 1 ( 9.6767E-04 ).

Accumulated times:
Assembly time:        0.18 s
Solve time:      0.03 s
Total time:      0.21 s

contact        voltage     electron current    hole current     total current
 drain_conta  5.000E-02       9.745E-06         1.420E-22        9.745E-06
 gate_contac  2.200E-01       1.202E-07         0.000E+00        1.202E-07
 source_cont  0.000E+00      -9.866E-06        -1.517E-22       -9.866E-06


Computing BE-step from 2.2200e-09 s to 2.2400e-09 s (Stepsize: 2.0000e-11 s)
Extrapolating values for t = 2.2400e-09 ... done.
Computing Coupled( 1 poisson-equation(s) , 1 current-contact-equation(s) , 
                   1 electron-equation(s) , 1 hole-equation(s) ) 
using Bank/Rose nonlinear solver.

Iteration   |Rhs|      factor     |step|     error   #inner  #iterative  time
------------------------------------------------------------------------------
    0      6.47e+07                                                      0.03
    1      5.82e+05   1.00e+00   9.96e-03   5.43e+02    0         1      0.10
    2      7.09e+00   1.00e+00   7.00e-05   1.22e+00    0         1      0.16
    3      2.69e-03   1.00e+00   1.41e-09   8.75e-06    0         1      0.22
Finished, because...
Error smaller than 1 ( 8.7545E-06 ).

Accumulated times:
Assembly time:        0.18 s
Solve time:      0.03 s
Total time:      0.22 s

contact        voltage     electron current    hole current     total current
 drain_conta  5.000E-02       1.032E-05         1.378E-22        1.032E-05
 gate_contac  2.400E-01       1.221E-07         0.000E+00        1.221E-07
 source_cont  0.000E+00      -1.044E-05        -1.457E-22       -1.044E-05


Computing BE-step from 2.2400e-09 s to 2.2600e-09 s (Stepsize: 2.0000e-11 s)
Extrapolating values for t = 2.2600e-09 ... done.
Computing Coupled( 1 poisson-equation(s) , 1 current-contact-equation(s) , 
                   1 electron-equation(s) , 1 hole-equation(s) ) 
using Bank/Rose nonlinear solver.

Iteration   |Rhs|      factor     |step|     error   #inner  #iterative  time
------------------------------------------------------------------------------
    0      2.00e+08                                                      0.04
    1      4.71e+06   1.00e+00   2.53e-02   1.41e+03    0         1      0.10
    2      3.23e+02   1.00e+00   4.56e-04   7.56e+00    0         1      0.16
    3      2.50e-03   1.00e+00   6.21e-08   3.63e-04    0         1      0.22
Finished, because...
Error smaller than 1 ( 3.6296E-04 ).

Accumulated times:
Assembly time:        0.18 s
Solve time:      0.03 s
Total time:      0.22 s

contact        voltage     electron current    hole current     total current
 drain_conta  5.000E-02       1.087E-05         1.341E-22        1.087E-05
 gate_contac  2.600E-01       1.238E-07         0.000E+00        1.238E-07
 source_cont  0.000E+00      -1.099E-05        -1.406E-22       -1.099E-05


Computing BE-step from 2.2600e-09 s to 2.2800e-09 s (Stepsize: 2.0000e-11 s)
Extrapolating values for t = 2.2800e-09 ... done.
Computing Coupled( 1 poisson-equation(s) , 1 current-contact-equation(s) , 
                   1 electron-equation(s) , 1 hole-equation(s) ) 
using Bank/Rose nonlinear solver.

Iteration   |Rhs|      factor     |step|     error   #inner  #iterative  time
------------------------------------------------------------------------------
    0      8.39e+07                                                      0.04
    1      5.11e+05   1.00e+00   7.70e-03   4.26e+02    0         1      0.10
    2      3.30e+00   1.00e+00   4.25e-05   7.22e-01    0         1      0.17
Finished, because...
Error smaller than 1 ( 7.2248E-01 ).

Accumulated times:
Assembly time:        0.14 s
Solve time:      0.02 s
Total time:      0.17 s

contact        voltage     electron current    hole current     total current
 drain_conta  5.000E-02       1.140E-05         1.307E-22        1.140E-05
 gate_contac  2.800E-01       1.253E-07         0.000E+00        1.253E-07
 source_cont  0.000E+00      -1.152E-05        -1.362E-22       -1.152E-05


Computing BE-step from 2.2800e-09 s to 2.3000e-09 s (Stepsize: 2.0000e-11 s)
Extrapolating values for t = 2.3000e-09 ... done.
Computing Coupled( 1 poisson-equation(s) , 1 current-contact-equation(s) , 
                   1 electron-equation(s) , 1 hole-equation(s) ) 
using Bank/Rose nonlinear solver.

Iteration   |Rhs|      factor     |step|     error   #inner  #iterative  time
------------------------------------------------------------------------------
    0      2.55e+08                                                      0.04
    1      4.17e+06   1.00e+00   1.97e-02   1.11e+03    0         1      0.10
    2      1.47e+02   1.00e+00   2.80e-04   4.52e+00    0         1      0.16
    3      2.19e-03   1.00e+00   2.37e-08   1.41e-04    0         1      0.23
Finished, because...
Error smaller than 1 ( 1.4089E-04 ).

Accumulated times:
Assembly time:        0.19 s
Solve time:      0.04 s
Total time:      0.23 s

contact        voltage     electron current    hole current     total current
 drain_conta  5.000E-02       1.190E-05         1.277E-22        1.190E-05
 gate_contac  3.000E-01       1.267E-07         0.000E+00        1.267E-07
 source_cont  0.000E+00      -1.203E-05        -1.323E-22       -1.203E-05


Computing BE-step from 2.3000e-09 s to 2.3200e-09 s (Stepsize: 2.0000e-11 s)
Extrapolating values for t = 2.3200e-09 ... done.
Computing Coupled( 1 poisson-equation(s) , 1 current-contact-equation(s) , 
                   1 electron-equation(s) , 1 hole-equation(s) ) 
using Bank/Rose nonlinear solver.

Iteration   |Rhs|      factor     |step|     error   #inner  #iterative  time
------------------------------------------------------------------------------
    0      1.04e+08                                                      0.04
    1      4.77e+05   1.00e+00   6.12e-03   3.39e+02    0         1      0.10
    2      1.52e+00   1.00e+00   2.73e-05   4.38e-01    0         1      0.16
Finished, because...
Error smaller than 1 ( 4.3818E-01 ).

Accumulated times:
Assembly time:        0.14 s
Solve time:      0.02 s
Total time:      0.16 s

contact        voltage     electron current    hole current     total current
 drain_conta  5.000E-02       1.239E-05         1.249E-22        1.239E-05
 gate_contac  3.200E-01       1.280E-07         0.000E+00        1.280E-07
 source_cont  0.000E+00      -1.252E-05        -1.289E-22       -1.252E-05


Computing BE-step from 2.3200e-09 s to 2.3400e-09 s (Stepsize: 2.0000e-11 s)
Extrapolating values for t = 2.3400e-09 ... done.
Computing Coupled( 1 poisson-equation(s) , 1 current-contact-equation(s) , 
                   1 electron-equation(s) , 1 hole-equation(s) ) 
using Bank/Rose nonlinear solver.

Iteration   |Rhs|      factor     |step|     error   #inner  #iterative  time
------------------------------------------------------------------------------
    0      3.13e+08                                                      0.03
    1      3.89e+06   1.00e+00   1.57e-02   8.82e+02    0         1      0.12
    2      6.71e+01   1.00e+00   1.81e-04   2.76e+00    0         1      0.22
    3      2.38e-03   1.00e+00   1.00e-08   5.65e-05    0         1      0.31
Finished, because...
Error smaller than 1 ( 5.6529E-05 ).

Accumulated times:
Assembly time:        0.25 s
Solve time:      0.05 s
Total time:      0.31 s

contact        voltage     electron current    hole current     total current
 drain_conta  5.000E-02       1.286E-05         1.224E-22        1.286E-05
 gate_contac  3.400E-01       1.291E-07         0.000E+00        1.291E-07
 source_cont  0.000E+00      -1.299E-05        -1.259E-22       -1.299E-05


Computing BE-step from 2.3400e-09 s to 2.3600e-09 s (Stepsize: 2.0000e-11 s)
Extrapolating values for t = 2.3600e-09 ... done.
Computing Coupled( 1 poisson-equation(s) , 1 current-contact-equation(s) , 
                   1 electron-equation(s) , 1 hole-equation(s) ) 
using Bank/Rose nonlinear solver.

Iteration   |Rhs|      factor     |step|     error   #inner  #iterative  time
------------------------------------------------------------------------------
    0      1.25e+08                                                      0.04
    1      4.59e+05   1.00e+00   4.96e-03   2.74e+02    0         1      0.09
    2      7.01e-01   1.00e+00   1.80e-05   2.71e-01    0         1      0.15
Finished, because...
Error smaller than 1 ( 2.7069E-01 ).

Accumulated times:
Assembly time:        0.11 s
Solve time:      0.03 s
Total time:      0.15 s

contact        voltage     electron current    hole current     total current
 drain_conta  5.000E-02       1.331E-05         1.202E-22        1.331E-05
 gate_contac  3.600E-01       1.301E-07         0.000E+00        1.301E-07
 source_cont  0.000E+00      -1.344E-05        -1.232E-22       -1.344E-05


Computing BE-step from 2.3600e-09 s to 2.3800e-09 s (Stepsize: 2.0000e-11 s)
Extrapolating values for t = 2.3800e-09 ... done.
Computing Coupled( 1 poisson-equation(s) , 1 current-contact-equation(s) , 
                   1 electron-equation(s) , 1 hole-equation(s) ) 
using Bank/Rose nonlinear solver.

Iteration   |Rhs|      factor     |step|     error   #inner  #iterative  time
------------------------------------------------------------------------------
    0      3.72e+08                                                      0.04
    1      3.72e+06   1.00e+00   1.28e-02   7.14e+02    0         1      0.13
    2      3.25e+01   1.00e+00   1.19e-04   1.71e+00    0         1      0.22
    3      2.24e-03   1.00e+00   4.44e-09   2.36e-05    0         1      0.32
Finished, because...
Error smaller than 1 ( 2.3579E-05 ).

Accumulated times:
Assembly time:        0.27 s
Solve time:      0.04 s
Total time:      0.32 s

contact        voltage     electron current    hole current     total current
 drain_conta  5.000E-02       1.374E-05         1.181E-22        1.374E-05
 gate_contac  3.800E-01       1.311E-07         0.000E+00        1.311E-07
 source_cont  0.000E+00      -1.387E-05        -1.208E-22       -1.387E-05


Computing BE-step from 2.3800e-09 s to 2.4000e-09 s (Stepsize: 2.0000e-11 s)
Extrapolating values for t = 2.4000e-09 ... done.
Computing Coupled( 1 poisson-equation(s) , 1 current-contact-equation(s) , 
                   1 electron-equation(s) , 1 hole-equation(s) ) 
using Bank/Rose nonlinear solver.

Iteration   |Rhs|      factor     |step|     error   #inner  #iterative  time
------------------------------------------------------------------------------
    0      1.45e+08                                                      0.04
    1      4.49e+05   1.00e+00   4.07e-03   2.25e+02    0         1      0.09
    2      4.31e-01   1.00e+00   1.21e-05   1.70e-01    0         1      0.15
Finished, because...
Error smaller than 1 ( 1.7048E-01 ).

Accumulated times:
Assembly time:        0.12 s
Solve time:      0.02 s
Total time:      0.15 s

contact        voltage     electron current    hole current     total current
 drain_conta  5.000E-02       1.416E-05         1.162E-22        1.416E-05
 gate_contac  4.000E-01       1.320E-07         0.000E+00        1.320E-07
 source_cont  0.000E+00      -1.429E-05        -1.186E-22       -1.429E-05


Computing BE-step from 2.4000e-09 s to 2.4200e-09 s (Stepsize: 2.0000e-11 s)
Extrapolating values for t = 2.4200e-09 ... done.
Computing Coupled( 1 poisson-equation(s) , 1 current-contact-equation(s) , 
                   1 electron-equation(s) , 1 hole-equation(s) ) 
using Bank/Rose nonlinear solver.

Iteration   |Rhs|      factor     |step|     error   #inner  #iterative  time
------------------------------------------------------------------------------
    0      4.28e+08                                                      0.04
    1      3.60e+06   1.00e+00   1.05e-02   5.85e+02    0         1      0.10
    2      1.97e+01   1.00e+00   8.07e-05   1.09e+00    0         1      0.15
    3      5.48e-03   1.00e+00   2.04e-09   1.02e-05    0         1      0.21
Finished, because...
Error smaller than 1 ( 1.0212E-05 ).

Accumulated times:
Assembly time:        0.16 s
Solve time:      0.04 s
Total time:      0.21 s

contact        voltage     electron current    hole current     total current
 drain_conta  5.000E-02       1.456E-05         1.144E-22        1.456E-05
 gate_contac  4.200E-01       1.328E-07         0.000E+00        1.328E-07
 source_cont  0.000E+00      -1.469E-05        -1.166E-22       -1.469E-05


Computing BE-step from 2.4200e-09 s to 2.4400e-09 s (Stepsize: 2.0000e-11 s)
Extrapolating values for t = 2.4400e-09 ... done.
Computing Coupled( 1 poisson-equation(s) , 1 current-contact-equation(s) , 
                   1 electron-equation(s) , 1 hole-equation(s) ) 
using Bank/Rose nonlinear solver.

Iteration   |Rhs|      factor     |step|     error   #inner  #iterative  time
------------------------------------------------------------------------------
    0      1.64e+08                                                      0.03
    1      4.41e+05   1.00e+00   3.39e-03   1.87e+02    0         1      0.10
    2      2.64e-01   1.00e+00   8.33e-06   1.10e-01    0         1      0.16
Finished, because...
Error smaller than 1 ( 1.0963E-01 ).

Accumulated times:
Assembly time:        0.13 s
Solve time:      0.03 s
Total time:      0.16 s

contact        voltage     electron current    hole current     total current
 drain_conta  5.000E-02       1.494E-05         1.128E-22        1.494E-05
 gate_contac  4.400E-01       1.335E-07         0.000E+00        1.335E-07
 source_cont  0.000E+00      -1.507E-05        -1.148E-22       -1.507E-05


Computing BE-step from 2.4400e-09 s to 2.4600e-09 s (Stepsize: 2.0000e-11 s)
Extrapolating values for t = 2.4600e-09 ... done.
Computing Coupled( 1 poisson-equation(s) , 1 current-contact-equation(s) , 
                   1 electron-equation(s) , 1 hole-equation(s) ) 
using Bank/Rose nonlinear solver.

Iteration   |Rhs|      factor     |step|     error   #inner  #iterative  time
------------------------------------------------------------------------------
    0      4.80e+08                                                      0.04
    1      3.50e+06   1.00e+00   8.79e-03   4.86e+02    0         1      0.10
    2      1.20e+01   1.00e+00   5.56e-05   7.03e-01    0         1      0.16
Finished, because...
Error smaller than 1 ( 7.0317E-01 ).

Accumulated times:
Assembly time:        0.14 s
Solve time:      0.02 s
Total time:      0.16 s

contact        voltage     electron current    hole current     total current
 drain_conta  5.000E-02       1.531E-05         1.113E-22        1.531E-05
 gate_contac  4.600E-01       1.342E-07         0.000E+00        1.342E-07
 source_cont  0.000E+00      -1.544E-05        -1.131E-22       -1.544E-05


Computing BE-step from 2.4600e-09 s to 2.4800e-09 s (Stepsize: 2.0000e-11 s)
Extrapolating values for t = 2.4800e-09 ... done.
Computing Coupled( 1 poisson-equation(s) , 1 current-contact-equation(s) , 
                   1 electron-equation(s) , 1 hole-equation(s) ) 
using Bank/Rose nonlinear solver.

Iteration   |Rhs|      factor     |step|     error   #inner  #iterative  time
------------------------------------------------------------------------------
    0      1.82e+08                                                      0.04
    1      4.32e+05   1.00e+00   2.86e-03   1.57e+02    0         1      0.10
    2      1.58e-01   1.00e+00   5.81e-06   7.22e-02    0         1      0.17
Finished, because...
Error smaller than 1 ( 7.2187E-02 ).

Accumulated times:
Assembly time:        0.13 s
Solve time:      0.04 s
Total time:      0.17 s

contact        voltage     electron current    hole current     total current
 drain_conta  5.000E-02       1.567E-05         1.099E-22        1.567E-05
 gate_contac  4.800E-01       1.348E-07         0.000E+00        1.348E-07
 source_cont  0.000E+00      -1.580E-05        -1.116E-22       -1.580E-05


Computing BE-step from 2.4800e-09 s to 2.5000e-09 s (Stepsize: 2.0000e-11 s)
Extrapolating values for t = 2.5000e-09 ... done.
Computing Coupled( 1 poisson-equation(s) , 1 current-contact-equation(s) , 
                   1 electron-equation(s) , 1 hole-equation(s) ) 
using Bank/Rose nonlinear solver.

Iteration   |Rhs|      factor     |step|     error   #inner  #iterative  time
------------------------------------------------------------------------------
    0      5.26e+08                                                      0.04
    1      3.39e+06   1.00e+00   7.42e-03   4.08e+02    0         1      0.10
    2      6.70e+00   1.00e+00   3.88e-05   4.68e-01    0         1      0.15
Finished, because...
Error smaller than 1 ( 4.6761E-01 ).

Accumulated times:
Assembly time:        0.12 s
Solve time:      0.03 s
Total time:      0.15 s

contact        voltage     electron current    hole current     total current
 drain_conta  5.000E-02       1.601E-05         1.087E-22        1.601E-05
 gate_contac  5.000E-01       1.354E-07         0.000E+00        1.354E-07
 source_cont  0.000E+00      -1.614E-05        -1.101E-22       -1.614E-05


Computing BE-step from 2.5000e-09 s to 2.5200e-09 s (Stepsize: 2.0000e-11 s)
Extrapolating values for t = 2.5200e-09 ... done.
Computing Coupled( 1 poisson-equation(s) , 1 current-contact-equation(s) , 
                   1 electron-equation(s) , 1 hole-equation(s) ) 
using Bank/Rose nonlinear solver.

Iteration   |Rhs|      factor     |step|     error   #inner  #iterative  time
------------------------------------------------------------------------------
    0      1.97e+08                                                      0.04
    1      4.20e+05   1.00e+00   2.43e-03   1.33e+02    0         1      0.10
    2      8.70e-02   1.00e+00   4.10e-06   4.89e-02    0         1      0.16
Finished, because...
Error smaller than 1 ( 4.8877E-02 ).

Accumulated times:
Assembly time:        0.14 s
Solve time:      0.02 s
Total time:      0.16 s

contact        voltage     electron current    hole current     total current
 drain_conta  5.000E-02       1.634E-05         1.075E-22        1.634E-05
 gate_contac  5.200E-01       1.359E-07         0.000E+00        1.359E-07
 source_cont  0.000E+00      -1.647E-05        -1.088E-22       -1.647E-05


Computing BE-step from 2.5200e-09 s to 2.5400e-09 s (Stepsize: 2.0000e-11 s)
Extrapolating values for t = 2.5400e-09 ... done.
Computing Coupled( 1 poisson-equation(s) , 1 current-contact-equation(s) , 
                   1 electron-equation(s) , 1 hole-equation(s) ) 
using Bank/Rose nonlinear solver.

Iteration   |Rhs|      factor     |step|     error   #inner  #iterative  time
------------------------------------------------------------------------------
    0      5.66e+08                                                      0.04
    1      3.32e+06   1.00e+00   6.32e-03   3.46e+02    0         1      0.10
    2      3.61e+00   1.00e+00   2.75e-05   3.21e-01    0         1      0.19
Finished, because...
Error smaller than 1 ( 3.2062E-01 ).

Accumulated times:
Assembly time:        0.16 s
Solve time:      0.03 s
Total time:      0.19 s

contact        voltage     electron current    hole current     total current
 drain_conta  5.000E-02       1.666E-05         1.064E-22        1.666E-05
 gate_contac  5.400E-01       1.364E-07         0.000E+00        1.364E-07
 source_cont  0.000E+00      -1.679E-05        -1.075E-22       -1.679E-05


Computing BE-step from 2.5400e-09 s to 2.5600e-09 s (Stepsize: 2.0000e-11 s)
Extrapolating values for t = 2.5600e-09 ... done.
Computing Coupled( 1 poisson-equation(s) , 1 current-contact-equation(s) , 
                   1 electron-equation(s) , 1 hole-equation(s) ) 
using Bank/Rose nonlinear solver.

Iteration   |Rhs|      factor     |step|     error   #inner  #iterative  time
------------------------------------------------------------------------------
    0      2.10e+08                                                      0.06
    1      4.14e+05   1.00e+00   2.09e-03   1.13e+02    0         1      0.15
    2      5.74e-02   1.00e+00   2.98e-06   3.42e-02    0         1      0.22
Finished, because...
Error smaller than 1 ( 3.4198E-02 ).

Accumulated times:
Assembly time:        0.18 s
Solve time:      0.04 s
Total time:      0.22 s

contact        voltage     electron current    hole current     total current
 drain_conta  5.000E-02       1.696E-05         1.054E-22        1.696E-05
 gate_contac  5.600E-01       1.369E-07         0.000E+00        1.369E-07
 source_cont  0.000E+00      -1.710E-05        -1.064E-22       -1.710E-05


Computing BE-step from 2.5600e-09 s to 2.5800e-09 s (Stepsize: 2.0000e-11 s)
Extrapolating values for t = 2.5800e-09 ... done.
Computing Coupled( 1 poisson-equation(s) , 1 current-contact-equation(s) , 
                   1 electron-equation(s) , 1 hole-equation(s) ) 
using Bank/Rose nonlinear solver.

Iteration   |Rhs|      factor     |step|     error   #inner  #iterative  time
------------------------------------------------------------------------------
    0      5.99e+08                                                      0.05
    1      3.26e+06   1.00e+00   5.46e-03   2.96e+02    0         1      0.15
    2      3.64e+00   1.00e+00   2.00e-05   2.28e-01    0         1      0.23
Finished, because...
Error smaller than 1 ( 2.2772E-01 ).

Accumulated times:
Assembly time:        0.19 s
Solve time:      0.03 s
Total time:      0.23 s

contact        voltage     electron current    hole current     total current
 drain_conta  5.000E-02       1.726E-05         1.044E-22        1.726E-05
 gate_contac  5.800E-01       1.373E-07         0.000E+00        1.373E-07
 source_cont  0.000E+00      -1.740E-05        -1.053E-22       -1.740E-05


Computing BE-step from 2.5800e-09 s to 2.6000e-09 s (Stepsize: 2.0000e-11 s)
Extrapolating values for t = 2.6000e-09 ... done.
Computing Coupled( 1 poisson-equation(s) , 1 current-contact-equation(s) , 
                   1 electron-equation(s) , 1 hole-equation(s) ) 
using Bank/Rose nonlinear solver.

Iteration   |Rhs|      factor     |step|     error   #inner  #iterative  time
------------------------------------------------------------------------------
    0      2.21e+08                                                      0.04
    1      4.08e+05   1.00e+00   1.82e-03   9.76e+01    0         1      0.09
    2      5.82e-02   1.00e+00   2.18e-06   2.48e-02    0         1      0.17
Finished, because...
Error smaller than 1 ( 2.4828E-02 ).

Accumulated times:
Assembly time:        0.13 s
Solve time:      0.03 s
Total time:      0.17 s

contact        voltage     electron current    hole current     total current
 drain_conta  5.000E-02       1.755E-05         1.035E-22        1.755E-05
 gate_contac  6.000E-01       1.377E-07         0.000E+00        1.377E-07
 source_cont  0.000E+00      -1.768E-05        -1.043E-22       -1.768E-05


Computing BE-step from 2.6000e-09 s to 2.6200e-09 s (Stepsize: 2.0000e-11 s)
Extrapolating values for t = 2.6200e-09 ... done.
Computing Coupled( 1 poisson-equation(s) , 1 current-contact-equation(s) , 
                   1 electron-equation(s) , 1 hole-equation(s) ) 
using Bank/Rose nonlinear solver.

Iteration   |Rhs|      factor     |step|     error   #inner  #iterative  time
------------------------------------------------------------------------------
    0      6.26e+08                                                      0.06
    1      3.17e+06   1.00e+00   4.75e-03   2.55e+02    0         1      0.16
    2      3.57e+00   1.00e+00   1.46e-05   1.68e-01    0         1      0.25
Finished, because...
Error smaller than 1 ( 1.6800E-01 ).

Accumulated times:
Assembly time:        0.20 s
Solve time:      0.04 s
Total time:      0.25 s

contact        voltage     electron current    hole current     total current
 drain_conta  5.000E-02       1.782E-05         1.027E-22        1.782E-05
 gate_contac  6.200E-01       1.381E-07         0.000E+00        1.381E-07
 source_cont  0.000E+00      -1.796E-05        -1.033E-22       -1.796E-05


Computing BE-step from 2.6200e-09 s to 2.6400e-09 s (Stepsize: 2.0000e-11 s)
Extrapolating values for t = 2.6400e-09 ... done.
Computing Coupled( 1 poisson-equation(s) , 1 current-contact-equation(s) , 
                   1 electron-equation(s) , 1 hole-equation(s) ) 
using Bank/Rose nonlinear solver.

Iteration   |Rhs|      factor     |step|     error   #inner  #iterative  time
------------------------------------------------------------------------------
    0      2.30e+08                                                      0.06
    1      3.97e+05   1.00e+00   1.59e-03   8.48e+01    0         1      0.14
    2      5.69e-02   1.00e+00   1.61e-06   1.87e-02    0         1      0.20
Finished, because...
Error smaller than 1 ( 1.8730E-02 ).

Accumulated times:
Assembly time:        0.17 s
Solve time:      0.03 s
Total time:      0.20 s

contact        voltage     electron current    hole current     total current
 drain_conta  5.000E-02       1.809E-05         1.019E-22        1.809E-05
 gate_contac  6.400E-01       1.384E-07         0.000E+00        1.384E-07
 source_cont  0.000E+00      -1.823E-05        -1.024E-22       -1.823E-05


Computing BE-step from 2.6400e-09 s to 2.6600e-09 s (Stepsize: 2.0000e-11 s)
Extrapolating values for t = 2.6600e-09 ... done.
Computing Coupled( 1 poisson-equation(s) , 1 current-contact-equation(s) , 
                   1 electron-equation(s) , 1 hole-equation(s) ) 
using Bank/Rose nonlinear solver.

Iteration   |Rhs|      factor     |step|     error   #inner  #iterative  time
------------------------------------------------------------------------------
    0      6.49e+08                                                      0.05
    1      3.06e+06   1.00e+00   4.16e-03   2.22e+02    0         1      0.15
    2      3.36e+00   1.00e+00   1.08e-05   1.29e-01    0         1      0.24
Finished, because...
Error smaller than 1 ( 1.2868E-01 ).

Accumulated times:
Assembly time:        0.20 s
Solve time:      0.04 s
Total time:      0.24 s

contact        voltage     electron current    hole current     total current
 drain_conta  5.000E-02       1.835E-05         1.011E-22        1.835E-05
 gate_contac  6.600E-01       1.388E-07         0.000E+00        1.388E-07
 source_cont  0.000E+00      -1.849E-05        -1.015E-22       -1.849E-05


Computing BE-step from 2.6600e-09 s to 2.6800e-09 s (Stepsize: 2.0000e-11 s)
Extrapolating values for t = 2.6800e-09 ... done.
Computing Coupled( 1 poisson-equation(s) , 1 current-contact-equation(s) , 
                   1 electron-equation(s) , 1 hole-equation(s) ) 
using Bank/Rose nonlinear solver.

Iteration   |Rhs|      factor     |step|     error   #inner  #iterative  time
------------------------------------------------------------------------------
    0      2.37e+08                                                      0.06
    1      3.83e+05   1.00e+00   1.40e-03   7.41e+01    0         1      0.16
    2      5.36e-02   1.00e+00   1.21e-06   1.46e-02    0         1      0.24
Finished, because...
Error smaller than 1 ( 1.4647E-02 ).

Accumulated times:
Assembly time:        0.20 s
Solve time:      0.04 s
Total time:      0.24 s

contact        voltage     electron current    hole current     total current
 drain_conta  5.000E-02       1.860E-05         1.004E-22        1.860E-05
 gate_contac  6.800E-01       1.391E-07         0.000E+00        1.391E-07
 source_cont  0.000E+00      -1.874E-05        -1.007E-22       -1.874E-05


Computing BE-step from 2.6800e-09 s to 2.7000e-09 s (Stepsize: 2.0000e-11 s)
Extrapolating values for t = 2.7000e-09 ... done.
Computing Coupled( 1 poisson-equation(s) , 1 current-contact-equation(s) , 
                   1 electron-equation(s) , 1 hole-equation(s) ) 
using Bank/Rose nonlinear solver.

Iteration   |Rhs|      factor     |step|     error   #inner  #iterative  time
------------------------------------------------------------------------------
    0      6.66e+08                                                      0.03
    1      2.92e+06   1.00e+00   3.67e-03   1.94e+02    0         1      0.11
    2      3.15e+00   1.00e+00   8.14e-06   1.02e-01    0         1      0.20
Finished, because...
Error smaller than 1 ( 1.0191E-01 ).

Accumulated times:
Assembly time:        0.17 s
Solve time:      0.03 s
Total time:      0.20 s

contact        voltage     electron current    hole current     total current
 drain_conta  5.000E-02       1.884E-05         9.968E-23        1.884E-05
 gate_contac  7.000E-01       1.394E-07         0.000E+00        1.394E-07
 source_cont  0.000E+00      -1.898E-05        -9.996E-23       -1.898E-05


Computing BE-step from 2.7000e-09 s to 2.7200e-09 s (Stepsize: 2.0000e-11 s)
Extrapolating values for t = 2.7200e-09 ... done.
Computing Coupled( 1 poisson-equation(s) , 1 current-contact-equation(s) , 
                   1 electron-equation(s) , 1 hole-equation(s) ) 
using Bank/Rose nonlinear solver.

Iteration   |Rhs|      factor     |step|     error   #inner  #iterative  time
------------------------------------------------------------------------------
    0      2.42e+08                                                      0.07
    1      3.66e+05   1.00e+00   1.24e-03   6.52e+01    0         1      0.16
    2      5.16e-02   1.00e+00   9.14e-07   1.18e-02    0         1      0.24
Finished, because...
Error smaller than 1 ( 1.1809E-02 ).

Accumulated times:
Assembly time:        0.20 s
Solve time:      0.04 s
Total time:      0.24 s

contact        voltage     electron current    hole current     total current
 drain_conta  5.000E-02       1.907E-05         9.902E-23        1.907E-05
 gate_contac  7.200E-01       1.397E-07         0.000E+00        1.397E-07
 source_cont  0.000E+00      -1.921E-05        -9.924E-23       -1.921E-05


Computing BE-step from 2.7200e-09 s to 2.7400e-09 s (Stepsize: 2.0000e-11 s)
Extrapolating values for t = 2.7400e-09 ... done.
Computing Coupled( 1 poisson-equation(s) , 1 current-contact-equation(s) , 
                   1 electron-equation(s) , 1 hole-equation(s) ) 
using Bank/Rose nonlinear solver.

Iteration   |Rhs|      factor     |step|     error   #inner  #iterative  time
------------------------------------------------------------------------------
    0      6.78e+08                                                      0.04
    1      2.77e+06   1.00e+00   3.26e-03   1.71e+02    0         1      0.10
    2      3.09e+00   1.00e+00   6.18e-06   8.29e-02    0         1      0.16
Finished, because...
Error smaller than 1 ( 8.2919E-02 ).

Accumulated times:
Assembly time:        0.14 s
Solve time:      0.02 s
Total time:      0.16 s

contact        voltage     electron current    hole current     total current
 drain_conta  5.000E-02       1.930E-05         9.840E-23        1.930E-05
 gate_contac  7.400E-01       1.399E-07         0.000E+00        1.399E-07
 source_cont  0.000E+00      -1.944E-05        -9.854E-23       -1.944E-05


Computing BE-step from 2.7400e-09 s to 2.7600e-09 s (Stepsize: 2.0000e-11 s)
Extrapolating values for t = 2.7600e-09 ... done.
Computing Coupled( 1 poisson-equation(s) , 1 current-contact-equation(s) , 
                   1 electron-equation(s) , 1 hole-equation(s) ) 
using Bank/Rose nonlinear solver.

Iteration   |Rhs|      factor     |step|     error   #inner  #iterative  time
------------------------------------------------------------------------------
    0      2.46e+08                                                      0.04
    1      3.47e+05   1.00e+00   1.11e-03   5.77e+01    0         1      0.14
    2      4.96e-02   1.00e+00   7.01e-07   9.75e-03    0         1      0.24
Finished, because...
Error smaller than 1 ( 9.7493E-03 ).

Accumulated times:
Assembly time:        0.20 s
Solve time:      0.04 s
Total time:      0.24 s

contact        voltage     electron current    hole current     total current
 drain_conta  5.000E-02       1.952E-05         9.780E-23        1.952E-05
 gate_contac  7.600E-01       1.402E-07         0.000E+00        1.402E-07
 source_cont  0.000E+00      -1.966E-05        -9.788E-23       -1.966E-05


Computing BE-step from 2.7600e-09 s to 2.7800e-09 s (Stepsize: 2.0000e-11 s)
Extrapolating values for t = 2.7800e-09 ... done.
Computing Coupled( 1 poisson-equation(s) , 1 current-contact-equation(s) , 
                   1 electron-equation(s) , 1 hole-equation(s) ) 
using Bank/Rose nonlinear solver.

Iteration   |Rhs|      factor     |step|     error   #inner  #iterative  time
------------------------------------------------------------------------------
    0      6.86e+08                                                      0.04
    1      2.61e+06   1.00e+00   2.92e-03   1.51e+02    0         1      0.11
    2      2.90e+00   1.00e+00   4.74e-06   6.89e-02    0         1      0.21
Finished, because...
Error smaller than 1 ( 6.8867E-02 ).

Accumulated times:
Assembly time:        0.18 s
Solve time:      0.03 s
Total time:      0.21 s

contact        voltage     electron current    hole current     total current
 drain_conta  5.000E-02       1.973E-05         9.723E-23        1.973E-05
 gate_contac  7.800E-01       1.404E-07         0.000E+00        1.404E-07
 source_cont  0.000E+00      -1.987E-05        -9.726E-23       -1.987E-05


Computing BE-step from 2.7800e-09 s to 2.8000e-09 s (Stepsize: 2.0000e-11 s)
Extrapolating values for t = 2.8000e-09 ... done.
Computing Coupled( 1 poisson-equation(s) , 1 current-contact-equation(s) , 
                   1 electron-equation(s) , 1 hole-equation(s) ) 
using Bank/Rose nonlinear solver.

Iteration   |Rhs|      factor     |step|     error   #inner  #iterative  time
------------------------------------------------------------------------------
    0      2.48e+08                                                      0.06
    1      3.27e+05   1.00e+00   9.99e-04   5.13e+01    0         1      0.16
    2      4.67e-02   1.00e+00   5.43e-07   8.19e-03    0         1      0.25
Finished, because...
Error smaller than 1 ( 8.1908E-03 ).

Accumulated times:
Assembly time:        0.21 s
Solve time:      0.04 s
Total time:      0.25 s

contact        voltage     electron current    hole current     total current
 drain_conta  5.000E-02       1.994E-05         9.669E-23        1.994E-05
 gate_contac  8.000E-01       1.406E-07         0.000E+00        1.406E-07
 source_cont  0.000E+00      -2.008E-05        -9.665E-23       -2.008E-05


Computing BE-step from 2.8000e-09 s to 2.8200e-09 s (Stepsize: 2.0000e-11 s)
Extrapolating values for t = 2.8200e-09 ... done.
Computing Coupled( 1 poisson-equation(s) , 1 current-contact-equation(s) , 
                   1 electron-equation(s) , 1 hole-equation(s) ) 
using Bank/Rose nonlinear solver.

Iteration   |Rhs|      factor     |step|     error   #inner  #iterative  time
------------------------------------------------------------------------------
    0      6.89e+08                                                      0.06
    1      2.44e+06   1.00e+00   2.63e-03   1.35e+02    0         1      0.13
    2      2.63e+00   1.00e+00   3.68e-06   5.81e-02    0         1      0.19
Finished, because...
Error smaller than 1 ( 5.8057E-02 ).

Accumulated times:
Assembly time:        0.16 s
Solve time:      0.03 s
Total time:      0.19 s

contact        voltage     electron current    hole current     total current
 drain_conta  5.000E-02       2.014E-05         9.616E-23        2.014E-05
 gate_contac  8.200E-01       1.408E-07         0.000E+00        1.408E-07
 source_cont  0.000E+00      -2.028E-05        -9.608E-23       -2.028E-05


Computing BE-step from 2.8200e-09 s to 2.8400e-09 s (Stepsize: 2.0000e-11 s)
Extrapolating values for t = 2.8400e-09 ... done.
Computing Coupled( 1 poisson-equation(s) , 1 current-contact-equation(s) , 
                   1 electron-equation(s) , 1 hole-equation(s) ) 
using Bank/Rose nonlinear solver.

Iteration   |Rhs|      factor     |step|     error   #inner  #iterative  time
------------------------------------------------------------------------------
    0      2.49e+08                                                      0.03
    1      3.06e+05   1.00e+00   9.03e-04   4.59e+01    0         1      0.10
    2      4.29e-02   1.00e+00   4.25e-07   6.97e-03    0         1      0.20
Finished, because...
Error smaller than 1 ( 6.9681E-03 ).

Accumulated times:
Assembly time:        0.16 s
Solve time:      0.03 s
Total time:      0.20 s

contact        voltage     electron current    hole current     total current
 drain_conta  5.000E-02       2.033E-05         9.566E-23        2.033E-05
 gate_contac  8.400E-01       1.410E-07         0.000E+00        1.410E-07
 source_cont  0.000E+00      -2.047E-05        -9.552E-23       -2.047E-05


Computing BE-step from 2.8400e-09 s to 2.8600e-09 s (Stepsize: 2.0000e-11 s)
Extrapolating values for t = 2.8600e-09 ... done.
Computing Coupled( 1 poisson-equation(s) , 1 current-contact-equation(s) , 
                   1 electron-equation(s) , 1 hole-equation(s) ) 
using Bank/Rose nonlinear solver.

Iteration   |Rhs|      factor     |step|     error   #inner  #iterative  time
------------------------------------------------------------------------------
    0      6.88e+08                                                      0.06
    1      2.27e+06   1.00e+00   2.38e-03   1.20e+02    0         1      0.13
    2      2.33e+00   1.00e+00   2.89e-06   4.95e-02    0         1      0.19
Finished, because...
Error smaller than 1 ( 4.9472E-02 ).

Accumulated times:
Assembly time:        0.16 s
Solve time:      0.03 s
Total time:      0.19 s

contact        voltage     electron current    hole current     total current
 drain_conta  5.000E-02       2.052E-05         9.517E-23        2.052E-05
 gate_contac  8.600E-01       1.412E-07         0.000E+00        1.412E-07
 source_cont  0.000E+00      -2.066E-05        -9.499E-23       -2.066E-05


Computing BE-step from 2.8600e-09 s to 2.8800e-09 s (Stepsize: 2.0000e-11 s)
Extrapolating values for t = 2.8800e-09 ... done.
Computing Coupled( 1 poisson-equation(s) , 1 current-contact-equation(s) , 
                   1 electron-equation(s) , 1 hole-equation(s) ) 
using Bank/Rose nonlinear solver.

Iteration   |Rhs|      factor     |step|     error   #inner  #iterative  time
------------------------------------------------------------------------------
    0      2.48e+08                                                      0.05
    1      2.85e+05   1.00e+00   8.20e-04   4.12e+01    0         1      0.15
    2      3.75e-02   1.00e+00   3.37e-07   5.98e-03    0         1      0.25
Finished, because...
Error smaller than 1 ( 5.9813E-03 ).

Accumulated times:
Assembly time:        0.21 s
Solve time:      0.03 s
Total time:      0.25 s

contact        voltage     electron current    hole current     total current
 drain_conta  5.000E-02       2.070E-05         9.471E-23        2.070E-05
 gate_contac  8.800E-01       1.414E-07         0.000E+00        1.414E-07
 source_cont  0.000E+00      -2.084E-05        -9.448E-23       -2.084E-05


Computing BE-step from 2.8800e-09 s to 2.9000e-09 s (Stepsize: 2.0000e-11 s)
Extrapolating values for t = 2.9000e-09 ... done.
Computing Coupled( 1 poisson-equation(s) , 1 current-contact-equation(s) , 
                   1 electron-equation(s) , 1 hole-equation(s) ) 
using Bank/Rose nonlinear solver.

Iteration   |Rhs|      factor     |step|     error   #inner  #iterative  time
------------------------------------------------------------------------------
    0      6.87e+08                                                      0.06
    1      2.10e+06   1.00e+00   2.16e-03   1.08e+02    0         1      0.16
    2      2.03e+00   1.00e+00   2.29e-06   4.25e-02    0         1      0.25
Finished, because...
Error smaller than 1 ( 4.2488E-02 ).

Accumulated times:
Assembly time:        0.21 s
Solve time:      0.04 s
Total time:      0.25 s

contact        voltage     electron current    hole current     total current
 drain_conta  5.000E-02       2.088E-05         9.426E-23        2.088E-05
 gate_contac  9.000E-01       1.416E-07         0.000E+00        1.416E-07
 source_cont  0.000E+00      -2.102E-05        -9.399E-23       -2.102E-05


Computing BE-step from 2.9000e-09 s to 2.9200e-09 s (Stepsize: 2.0000e-11 s)
Extrapolating values for t = 2.9200e-09 ... done.
Computing Coupled( 1 poisson-equation(s) , 1 current-contact-equation(s) , 
                   1 electron-equation(s) , 1 hole-equation(s) ) 
using Bank/Rose nonlinear solver.

Iteration   |Rhs|      factor     |step|     error   #inner  #iterative  time
------------------------------------------------------------------------------
    0      2.48e+08                                                      0.06
    1      2.65e+05   1.00e+00   7.48e-04   3.72e+01    0         1      0.15
    2      3.29e-02   1.00e+00   2.69e-07   5.17e-03    0         1      0.21
Finished, because...
Error smaller than 1 ( 5.1683E-03 ).

Accumulated times:
Assembly time:        0.18 s
Solve time:      0.03 s
Total time:      0.21 s

contact        voltage     electron current    hole current     total current
 drain_conta  5.000E-02       2.105E-05         9.382E-23        2.105E-05
 gate_contac  9.200E-01       1.418E-07         0.000E+00        1.418E-07
 source_cont  0.000E+00      -2.119E-05        -9.351E-23       -2.119E-05


Computing BE-step from 2.9200e-09 s to 2.9400e-09 s (Stepsize: 2.0000e-11 s)
Extrapolating values for t = 2.9400e-09 ... done.
Computing Coupled( 1 poisson-equation(s) , 1 current-contact-equation(s) , 
                   1 electron-equation(s) , 1 hole-equation(s) ) 
using Bank/Rose nonlinear solver.

Iteration   |Rhs|      factor     |step|     error   #inner  #iterative  time
------------------------------------------------------------------------------
    0      6.87e+08                                                      0.03
    1      1.95e+06   1.00e+00   1.97e-03   9.78e+01    0         1      0.09
    2      1.76e+00   1.00e+00   1.84e-06   3.67e-02    0         1      0.16
Finished, because...
Error smaller than 1 ( 3.6708E-02 ).

Accumulated times:
Assembly time:        0.11 s
Solve time:      0.03 s
Total time:      0.16 s

contact        voltage     electron current    hole current     total current
 drain_conta  5.000E-02       2.122E-05         9.341E-23        2.122E-05
 gate_contac  9.400E-01       1.419E-07         0.000E+00        1.419E-07
 source_cont  0.000E+00      -2.136E-05        -9.306E-23       -2.136E-05


Computing BE-step from 2.9400e-09 s to 2.9600e-09 s (Stepsize: 2.0000e-11 s)
Extrapolating values for t = 2.9600e-09 ... done.
Computing Coupled( 1 poisson-equation(s) , 1 current-contact-equation(s) , 
                   1 electron-equation(s) , 1 hole-equation(s) ) 
using Bank/Rose nonlinear solver.

Iteration   |Rhs|      factor     |step|     error   #inner  #iterative  time
------------------------------------------------------------------------------
    0      2.48e+08                                                      0.04
    1      2.45e+05   1.00e+00   6.86e-04   3.37e+01    0         1      0.12
    2      2.82e-02   1.00e+00   2.18e-07   4.49e-03    0         1      0.22
Finished, because...
Error smaller than 1 ( 4.4883E-03 ).

Accumulated times:
Assembly time:        0.18 s
Solve time:      0.04 s
Total time:      0.22 s

contact        voltage     electron current    hole current     total current
 drain_conta  5.000E-02       2.138E-05         9.300E-23        2.138E-05
 gate_contac  9.600E-01       1.421E-07         0.000E+00        1.421E-07
 source_cont  0.000E+00      -2.152E-05        -9.261E-23       -2.152E-05


Computing BE-step from 2.9600e-09 s to 2.9800e-09 s (Stepsize: 2.0000e-11 s)
Extrapolating values for t = 2.9800e-09 ... done.
Computing Coupled( 1 poisson-equation(s) , 1 current-contact-equation(s) , 
                   1 electron-equation(s) , 1 hole-equation(s) ) 
using Bank/Rose nonlinear solver.

Iteration   |Rhs|      factor     |step|     error   #inner  #iterative  time
------------------------------------------------------------------------------
    0      6.85e+08                                                      0.06
    1      1.79e+06   1.00e+00   1.81e-03   8.86e+01    0         1      0.16
    2      1.50e+00   1.00e+00   1.49e-06   3.19e-02    0         1      0.25
Finished, because...
Error smaller than 1 ( 3.1863E-02 ).

Accumulated times:
Assembly time:        0.21 s
Solve time:      0.04 s
Total time:      0.25 s

contact        voltage     electron current    hole current     total current
 drain_conta  5.000E-02       2.154E-05         9.261E-23        2.154E-05
 gate_contac  9.800E-01       1.422E-07         0.000E+00        1.422E-07
 source_cont  0.000E+00      -2.168E-05        -9.219E-23       -2.168E-05


Computing BE-step from 2.9800e-09 s to 3.0000e-09 s (Stepsize: 2.0000e-11 s)
Extrapolating values for t = 3.0000e-09 ... done.
Computing Coupled( 1 poisson-equation(s) , 1 current-contact-equation(s) , 
                   1 electron-equation(s) , 1 hole-equation(s) ) 
using Bank/Rose nonlinear solver.

Iteration   |Rhs|      factor     |step|     error   #inner  #iterative  time
------------------------------------------------------------------------------
    0      2.47e+08                                                      0.06
    1      2.26e+05   1.00e+00   6.31e-04   3.07e+01    0         1      0.15
    2      2.46e-02   1.00e+00   1.76e-07   3.91e-03    0         1      0.25
Finished, because...
Error smaller than 1 ( 3.9140E-03 ).

Accumulated times:
Assembly time:        0.21 s
Solve time:      0.04 s
Total time:      0.25 s

contact        voltage     electron current    hole current     total current
 drain_conta  5.000E-02       2.169E-05         9.223E-23        2.169E-05
 gate_contac  1.000E+00       1.423E-07         0.000E+00        1.423E-07
 source_cont  0.000E+00      -2.184E-05        -9.177E-23       -2.184E-05



Finished, because...
Curve trace finished.


===============================
Starting solve of next problem:
Transient (
      Max. #iterations : 50, 
      Initial step : 1.0000e-10 s,       Minimum step : 1.0000e-15 s, Maximum step : 1.0000e-08 s, 
      Initial time : 3.0000e-09 s, Final time : 1.0300e-07 s, 
    )
  {
    Coupled ( Digits : 5, Max. #iterations : 100, 
        Solver : blocked decomposition,
        #undamped iterations : 100 
        )
        { Poisson Electron Hole } 
    CurrentPlot (
         Time (fixed times:
             3.0000e-09 4.0000e-09 5.0000e-09 6.0000e-09 7.0000e-09
             8.0000e-09 9.0000e-09 1.0000e-08 1.1000e-08 1.2000e-08
             1.3000e-08 1.4000e-08 1.5000e-08 1.6000e-08 1.7000e-08
             1.8000e-08 1.9000e-08 2.0000e-08 2.1000e-08 2.2000e-08
             2.3000e-08 2.4000e-08 2.5000e-08 2.6000e-08 2.7000e-08
             2.8000e-08 2.9000e-08 3.0000e-08 3.1000e-08 3.2000e-08
             3.3000e-08 3.4000e-08 3.5000e-08 3.6000e-08 3.7000e-08
             3.8000e-08 3.9000e-08 4.0000e-08 4.1000e-08 4.2000e-08
             4.3000e-08 4.4000e-08 4.5000e-08 4.6000e-08 4.7000e-08
             4.8000e-08 4.9000e-08 5.0000e-08 5.1000e-08 5.2000e-08
             5.3000e-08 5.4000e-08 5.5000e-08 5.6000e-08 5.7000e-08
             5.8000e-08 5.9000e-08 6.0000e-08 6.1000e-08 6.2000e-08
             6.3000e-08 6.4000e-08 6.5000e-08 6.6000e-08 6.7000e-08
             6.8000e-08 6.9000e-08 7.0000e-08 7.1000e-08 7.2000e-08
             7.3000e-08 7.4000e-08 7.5000e-08 7.6000e-08 7.7000e-08
             7.8000e-08 7.9000e-08 8.0000e-08 8.1000e-08 8.2000e-08
             8.3000e-08 8.4000e-08 8.5000e-08 8.6000e-08 8.7000e-08
             8.8000e-08 8.9000e-08 9.0000e-08 9.1000e-08 9.2000e-08
             9.3000e-08 9.4000e-08 9.5000e-08 9.6000e-08 9.7000e-08
             9.8000e-08 9.9000e-08 1.0000e-07 1.0100e-07 1.0200e-07
             1.0300e-07) )
      { }
  }
===============================

contact        voltage     electron current    hole current     total current
 drain_conta  5.000E-02       2.169E-05         9.223E-23        2.169E-05
 gate_contac  1.000E+00       1.423E-07         0.000E+00        1.423E-07
 source_cont  0.000E+00      -2.184E-05        -9.177E-23       -2.184E-05

Reusing extrapolation from a previous transient

Computing BE-step from 3.0000e-09 s to 3.1000e-09 s (Stepsize: 1.0000e-10 s)
Extrapolating values for t = 3.1000e-09 ... done.
Computing Coupled( 1 poisson-equation(s) , 1 current-contact-equation(s) , 
                   1 electron-equation(s) , 1 hole-equation(s) ) 
using Bank/Rose nonlinear solver.

Iteration   |Rhs|      factor     |step|     error   #inner  #iterative  time
------------------------------------------------------------------------------
    0      2.15e+12                                                      0.04
    1      1.32e+09   1.00e+00   1.21e+00   5.62e+03    0         1      0.11
    2      2.67e+06   1.00e+00   7.99e-03   7.69e+01    0         1      0.17
    3      6.84e+00   1.00e+00   1.06e-05   8.07e-02    0         1      0.23
Finished, because...
Error smaller than 1 ( 8.0746E-02 ).

Accumulated times:
Assembly time:        0.18 s
Solve time:      0.05 s
Total time:      0.23 s

contact        voltage     electron current    hole current     total current
 drain_conta  5.000E-02       2.177E-05         9.228E-23        2.177E-05
 gate_contac  1.000E+00       8.108E-11         0.000E+00        8.108E-11
 source_cont  0.000E+00      -2.177E-05        -9.146E-23       -2.177E-05


Computing BE-step from 3.1000e-09 s to 3.2400e-09 s (Stepsize: 1.4000e-10 s)
Extrapolating values for t = 3.2400e-09 ... done.
Computing Coupled( 1 poisson-equation(s) , 1 current-contact-equation(s) , 
                   1 electron-equation(s) , 1 hole-equation(s) ) 
using Bank/Rose nonlinear solver.

Iteration   |Rhs|      factor     |step|     error   #inner  #iterative  time
------------------------------------------------------------------------------
    0      1.86e+05                                                      0.06
    1      8.69e+02   1.00e+00   1.36e-03   6.08e+00    0         1      0.16
    2      9.87e-03   1.00e+00   7.78e-07   7.35e-05    0         1      0.25
Finished, because...
Error smaller than 1 ( 7.3452E-05 ).

Accumulated times:
Assembly time:        0.22 s
Solve time:      0.03 s
Total time:      0.25 s

contact        voltage     electron current    hole current     total current
 drain_conta  5.000E-02       2.177E-05         9.226E-23        2.177E-05
 gate_contac  1.000E+00       1.107E-11         0.000E+00        1.107E-11
 source_cont  0.000E+00      -2.177E-05        -9.148E-23       -2.177E-05


Computing BE-step from 3.2400e-09 s to 3.4360e-09 s (Stepsize: 1.9600e-10 s)
Extrapolating values for t = 3.4360e-09 ... done.
Computing Coupled( 1 poisson-equation(s) , 1 current-contact-equation(s) , 
                   1 electron-equation(s) , 1 hole-equation(s) ) 
using Bank/Rose nonlinear solver.

Iteration   |Rhs|      factor     |step|     error   #inner  #iterative  time
------------------------------------------------------------------------------
    0      1.04e+02                                                      0.06
    1      8.56e-03   1.00e+00   3.34e-05   3.16e-03    0         1      0.14
Finished, because...
Error smaller than 1 ( 3.1560E-03 ).

Accumulated times:
Assembly time:        0.11 s
Solve time:      0.02 s
Total time:      0.14 s

contact        voltage     electron current    hole current     total current
 drain_conta  5.000E-02       2.177E-05         9.226E-23        2.177E-05
 gate_contac  1.000E+00       1.104E-11         0.000E+00        1.104E-11
 source_cont  0.000E+00      -2.177E-05        -9.148E-23       -2.177E-05


Computing BE-step from 3.4360e-09 s to 3.7104e-09 s (Stepsize: 2.7440e-10 s)
Extrapolating values for t = 3.7104e-09 ... done.
Computing Coupled( 1 poisson-equation(s) , 1 current-contact-equation(s) , 
                   1 electron-equation(s) , 1 hole-equation(s) ) 
using Bank/Rose nonlinear solver.

Iteration   |Rhs|      factor     |step|     error   #inner  #iterative  time
------------------------------------------------------------------------------
    0      1.56e+02                                                      0.03
    1      8.84e-03   1.00e+00   1.30e-06   1.77e-04    0         1      0.09
Finished, because...
Error smaller than 1 ( 1.7722E-04 ).

Accumulated times:
Assembly time:        0.08 s
Solve time:      0.01 s
Total time:      0.09 s

contact        voltage     electron current    hole current     total current
 drain_conta  5.000E-02       2.177E-05         9.226E-23        2.177E-05
 gate_contac  1.000E+00       1.104E-11         0.000E+00        1.104E-11
 source_cont  0.000E+00      -2.177E-05        -9.148E-23       -2.177E-05


Computing BE-step from 3.7104e-09 s to 4.0000e-09 s (Stepsize: 2.8960e-10 s)
Extrapolating values for t = 4.0000e-09 ... done.
Computing Coupled( 1 poisson-equation(s) , 1 current-contact-equation(s) , 
                   1 electron-equation(s) , 1 hole-equation(s) ) 
using Bank/Rose nonlinear solver.

Iteration   |Rhs|      factor     |step|     error   #inner  #iterative  time
------------------------------------------------------------------------------
    0      1.98e+02                                                      0.03
    1      8.77e-03   1.00e+00   3.77e-08   2.17e-04    0         1      0.11
Finished, because...
Error smaller than 1 ( 2.1732E-04 ).

Accumulated times:
Assembly time:        0.10 s
Solve time:      0.01 s
Total time:      0.11 s

contact        voltage     electron current    hole current     total current
 drain_conta  5.000E-02       2.177E-05         9.226E-23        2.177E-05
 gate_contac  1.000E+00       1.104E-11         0.000E+00        1.104E-11
 source_cont  0.000E+00      -2.177E-05        -9.148E-23       -2.177E-05


Computing BE-step from 4.0000e-09 s to 4.5378e-09 s (Stepsize: 5.3782e-10 s)
Extrapolating values for t = 4.5378e-09 ... done.
Computing Coupled( 1 poisson-equation(s) , 1 current-contact-equation(s) , 
                   1 electron-equation(s) , 1 hole-equation(s) ) 
using Bank/Rose nonlinear solver.

Iteration   |Rhs|      factor     |step|     error   #inner  #iterative  time
------------------------------------------------------------------------------
    0      5.39e+02                                                      0.06
    1      9.77e-03   1.00e+00   8.39e-08   6.27e-04    0         1      0.15
Finished, because...
Error smaller than 1 ( 6.2665E-04 ).

Accumulated times:
Assembly time:        0.13 s
Solve time:      0.02 s
Total time:      0.16 s

contact        voltage     electron current    hole current     total current
 drain_conta  5.000E-02       2.177E-05         9.226E-23        2.177E-05
 gate_contac  1.000E+00       1.103E-11         0.000E+00        1.103E-11
 source_cont  0.000E+00      -2.177E-05        -9.148E-23       -2.177E-05


Computing BE-step from 4.5378e-09 s to 5.0000e-09 s (Stepsize: 4.6218e-10 s)
Extrapolating values for t = 5.0000e-09 ... done.
Computing Coupled( 1 poisson-equation(s) , 1 current-contact-equation(s) , 
                   1 electron-equation(s) , 1 hole-equation(s) ) 
using Bank/Rose nonlinear solver.

Iteration   |Rhs|      factor     |step|     error   #inner  #iterative  time
------------------------------------------------------------------------------
    0      5.59e+02                                                      0.06
    1      8.10e-03   1.00e+00   7.99e-08   6.01e-04    0         1      0.16
Finished, because...
Error smaller than 1 ( 6.0146E-04 ).

Accumulated times:
Assembly time:        0.14 s
Solve time:      0.02 s
Total time:      0.16 s

contact        voltage     electron current    hole current     total current
 drain_conta  5.000E-02       2.177E-05         9.226E-23        2.177E-05
 gate_contac  1.000E+00       1.103E-11         0.000E+00        1.103E-11
 source_cont  0.000E+00      -2.177E-05        -9.148E-23       -2.177E-05


Computing BE-step from 5.0000e-09 s to 6.0000e-09 s (Stepsize: 1.0000e-09 s)
Extrapolating values for t = 6.0000e-09 ... done.
Computing Coupled( 1 poisson-equation(s) , 1 current-contact-equation(s) , 
                   1 electron-equation(s) , 1 hole-equation(s) ) 
using Bank/Rose nonlinear solver.

Iteration   |Rhs|      factor     |step|     error   #inner  #iterative  time
------------------------------------------------------------------------------
    0      1.77e+03                                                      0.06
    1      8.78e-03   1.00e+00   2.80e-07   2.09e-03    0         1      0.15
Finished, because...
Error smaller than 1 ( 2.0871E-03 ).

Accumulated times:
Assembly time:        0.13 s
Solve time:      0.02 s
Total time:      0.15 s

contact        voltage     electron current    hole current     total current
 drain_conta  5.000E-02       2.177E-05         9.226E-23        2.177E-05
 gate_contac  1.000E+00       1.102E-11         0.000E+00        1.102E-11
 source_cont  0.000E+00      -2.177E-05        -9.148E-23       -2.177E-05


Computing BE-step from 6.0000e-09 s to 7.0000e-09 s (Stepsize: 1.0000e-09 s)
Extrapolating values for t = 7.0000e-09 ... done.
Computing Coupled( 1 poisson-equation(s) , 1 current-contact-equation(s) , 
                   1 electron-equation(s) , 1 hole-equation(s) ) 
using Bank/Rose nonlinear solver.

Iteration   |Rhs|      factor     |step|     error   #inner  #iterative  time
------------------------------------------------------------------------------
    0      2.42e+03                                                      0.06
    1      1.05e-02   1.00e+00   3.52e-07   2.65e-03    0         1      0.16
Finished, because...
Error smaller than 1 ( 2.6458E-03 ).

Accumulated times:
Assembly time:        0.14 s
Solve time:      0.01 s
Total time:      0.16 s

contact        voltage     electron current    hole current     total current
 drain_conta  5.000E-02       2.177E-05         9.225E-23        2.177E-05
 gate_contac  1.000E+00       1.102E-11         0.000E+00        1.102E-11
 source_cont  0.000E+00      -2.177E-05        -9.147E-23       -2.177E-05


Computing BE-step from 7.0000e-09 s to 8.0000e-09 s (Stepsize: 1.0000e-09 s)
Extrapolating values for t = 8.0000e-09 ... done.
Computing Coupled( 1 poisson-equation(s) , 1 current-contact-equation(s) , 
                   1 electron-equation(s) , 1 hole-equation(s) ) 
using Bank/Rose nonlinear solver.

Iteration   |Rhs|      factor     |step|     error   #inner  #iterative  time
------------------------------------------------------------------------------
    0      2.41e+03                                                      0.04
    1      9.64e-03   1.00e+00   3.52e-07   2.65e-03    0         1      0.11
Finished, because...
Error smaller than 1 ( 2.6459E-03 ).

Accumulated times:
Assembly time:        0.10 s
Solve time:      0.01 s
Total time:      0.11 s

contact        voltage     electron current    hole current     total current
 drain_conta  5.000E-02       2.177E-05         9.225E-23        2.177E-05
 gate_contac  1.000E+00       1.101E-11         0.000E+00        1.101E-11
 source_cont  0.000E+00      -2.177E-05        -9.147E-23       -2.177E-05


Computing BE-step from 8.0000e-09 s to 9.0000e-09 s (Stepsize: 1.0000e-09 s)
Extrapolating values for t = 9.0000e-09 ... done.
Computing Coupled( 1 poisson-equation(s) , 1 current-contact-equation(s) , 
                   1 electron-equation(s) , 1 hole-equation(s) ) 
using Bank/Rose nonlinear solver.

Iteration   |Rhs|      factor     |step|     error   #inner  #iterative  time
------------------------------------------------------------------------------
    0      7.24e+03                                                      0.06
    1      1.12e-02   1.00e+00   1.06e-06   7.94e-03    0         1      0.15
Finished, because...
Error smaller than 1 ( 7.9376E-03 ).

Accumulated times:
Assembly time:        0.13 s
Solve time:      0.02 s
Total time:      0.15 s

contact        voltage     electron current    hole current     total current
 drain_conta  5.000E-02       2.177E-05         9.225E-23        2.177E-05
 gate_contac  1.000E+00       1.100E-11         0.000E+00        1.100E-11
 source_cont  0.000E+00      -2.177E-05        -9.147E-23       -2.177E-05


Computing BE-step from 9.0000e-09 s to 1.0000e-08 s (Stepsize: 1.0000e-09 s)
Extrapolating values for t = 1.0000e-08 ... done.
Computing Coupled( 1 poisson-equation(s) , 1 current-contact-equation(s) , 
                   1 electron-equation(s) , 1 hole-equation(s) ) 
using Bank/Rose nonlinear solver.

Iteration   |Rhs|      factor     |step|     error   #inner  #iterative  time
------------------------------------------------------------------------------
    0      3.61e+03                                                      0.07
    1      9.56e-03   1.00e+00   5.29e-07   3.97e-03    0         1      0.16
Finished, because...
Error smaller than 1 ( 3.9690E-03 ).

Accumulated times:
Assembly time:        0.13 s
Solve time:      0.02 s
Total time:      0.16 s

contact        voltage     electron current    hole current     total current
 drain_conta  5.000E-02       2.177E-05         9.225E-23        2.177E-05
 gate_contac  1.000E+00       1.099E-11         0.000E+00        1.099E-11
 source_cont  0.000E+00      -2.177E-05        -9.147E-23       -2.177E-05


Computing BE-step from 1.0000e-08 s to 1.1000e-08 s (Stepsize: 1.0000e-09 s)
Extrapolating values for t = 1.1000e-08 ... done.
Computing Coupled( 1 poisson-equation(s) , 1 current-contact-equation(s) , 
                   1 electron-equation(s) , 1 hole-equation(s) ) 
using Bank/Rose nonlinear solver.

Iteration   |Rhs|      factor     |step|     error   #inner  #iterative  time
------------------------------------------------------------------------------
    0      9.63e+03                                                      0.06
    1      8.74e-03   1.00e+00   1.41e-06   1.06e-02    0         1      0.14
Finished, because...
Error smaller than 1 ( 1.0584E-02 ).

Accumulated times:
Assembly time:        0.12 s
Solve time:      0.02 s
Total time:      0.14 s

contact        voltage     electron current    hole current     total current
 drain_conta  5.000E-02       2.177E-05         9.225E-23        2.177E-05
 gate_contac  1.000E+00       1.099E-11         0.000E+00        1.099E-11
 source_cont  0.000E+00      -2.177E-05        -9.147E-23       -2.177E-05


Computing BE-step from 1.1000e-08 s to 1.2000e-08 s (Stepsize: 1.0000e-09 s)
Extrapolating values for t = 1.2000e-08 ... done.
Computing Coupled( 1 poisson-equation(s) , 1 current-contact-equation(s) , 
                   1 electron-equation(s) , 1 hole-equation(s) ) 
using Bank/Rose nonlinear solver.

Iteration   |Rhs|      factor     |step|     error   #inner  #iterative  time
------------------------------------------------------------------------------
    0      3.60e+03                                                      0.04
    1      1.01e-02   1.00e+00   5.29e-07   3.97e-03    0         1      0.09
Finished, because...
Error smaller than 1 ( 3.9692E-03 ).

Accumulated times:
Assembly time:        0.08 s
Solve time:      0.01 s
Total time:      0.09 s

contact        voltage     electron current    hole current     total current
 drain_conta  5.000E-02       2.177E-05         9.225E-23        2.177E-05
 gate_contac  1.000E+00       1.098E-11         0.000E+00        1.098E-11
 source_cont  0.000E+00      -2.177E-05        -9.147E-23       -2.177E-05


Computing BE-step from 1.2000e-08 s to 1.3000e-08 s (Stepsize: 1.0000e-09 s)
Extrapolating values for t = 1.3000e-08 ... done.
Computing Coupled( 1 poisson-equation(s) , 1 current-contact-equation(s) , 
                   1 electron-equation(s) , 1 hole-equation(s) ) 
using Bank/Rose nonlinear solver.

Iteration   |Rhs|      factor     |step|     error   #inner  #iterative  time
------------------------------------------------------------------------------
    0      9.61e+03                                                      0.03
    1      8.36e-03   1.00e+00   1.41e-06   1.06e-02    0         1      0.09
Finished, because...
Error smaller than 1 ( 1.0585E-02 ).

Accumulated times:
Assembly time:        0.08 s
Solve time:      0.01 s
Total time:      0.09 s

contact        voltage     electron current    hole current     total current
 drain_conta  5.000E-02       2.177E-05         9.225E-23        2.177E-05
 gate_contac  1.000E+00       1.097E-11         0.000E+00        1.097E-11
 source_cont  0.000E+00      -2.177E-05        -9.147E-23       -2.177E-05


Computing BE-step from 1.3000e-08 s to 1.4000e-08 s (Stepsize: 1.0000e-09 s)
Extrapolating values for t = 1.4000e-08 ... done.
Computing Coupled( 1 poisson-equation(s) , 1 current-contact-equation(s) , 
                   1 electron-equation(s) , 1 hole-equation(s) ) 
using Bank/Rose nonlinear solver.

Iteration   |Rhs|      factor     |step|     error   #inner  #iterative  time
------------------------------------------------------------------------------
    0      3.59e+03                                                      0.03
    1      9.32e-03   1.00e+00   5.29e-07   3.97e-03    0         1      0.11
Finished, because...
Error smaller than 1 ( 3.9694E-03 ).

Accumulated times:
Assembly time:        0.10 s
Solve time:      0.01 s
Total time:      0.11 s

contact        voltage     electron current    hole current     total current
 drain_conta  5.000E-02       2.177E-05         9.224E-23        2.177E-05
 gate_contac  1.000E+00       1.096E-11         0.000E+00        1.096E-11
 source_cont  0.000E+00      -2.177E-05        -9.146E-23       -2.177E-05


Computing BE-step from 1.4000e-08 s to 1.5000e-08 s (Stepsize: 1.0000e-09 s)
Extrapolating values for t = 1.5000e-08 ... done.
Computing Coupled( 1 poisson-equation(s) , 1 current-contact-equation(s) , 
                   1 electron-equation(s) , 1 hole-equation(s) ) 
using Bank/Rose nonlinear solver.

Iteration   |Rhs|      factor     |step|     error   #inner  #iterative  time
------------------------------------------------------------------------------
    0      9.58e+03                                                      0.06
    1      8.52e-03   1.00e+00   1.41e-06   1.06e-02    0         1      0.15
Finished, because...
Error smaller than 1 ( 1.0585E-02 ).

Accumulated times:
Assembly time:        0.13 s
Solve time:      0.02 s
Total time:      0.15 s

contact        voltage     electron current    hole current     total current
 drain_conta  5.000E-02       2.177E-05         9.224E-23        2.177E-05
 gate_contac  1.000E+00       1.096E-11         0.000E+00        1.096E-11
 source_cont  0.000E+00      -2.177E-05        -9.146E-23       -2.177E-05


Computing BE-step from 1.5000e-08 s to 1.6000e-08 s (Stepsize: 1.0000e-09 s)
Extrapolating values for t = 1.6000e-08 ... done.
Computing Coupled( 1 poisson-equation(s) , 1 current-contact-equation(s) , 
                   1 electron-equation(s) , 1 hole-equation(s) ) 
using Bank/Rose nonlinear solver.

Iteration   |Rhs|      factor     |step|     error   #inner  #iterative  time
------------------------------------------------------------------------------
    0      3.58e+03                                                      0.07
    1      8.78e-03   1.00e+00   5.30e-07   3.97e-03    0         1      0.16
Finished, because...
Error smaller than 1 ( 3.9696E-03 ).

Accumulated times:
Assembly time:        0.13 s
Solve time:      0.02 s
Total time:      0.16 s

contact        voltage     electron current    hole current     total current
 drain_conta  5.000E-02       2.177E-05         9.224E-23        2.177E-05
 gate_contac  1.000E+00       1.095E-11         0.000E+00        1.095E-11
 source_cont  0.000E+00      -2.177E-05        -9.146E-23       -2.177E-05


Computing BE-step from 1.6000e-08 s to 1.7000e-08 s (Stepsize: 1.0000e-09 s)
Extrapolating values for t = 1.7000e-08 ... done.
Computing Coupled( 1 poisson-equation(s) , 1 current-contact-equation(s) , 
                   1 electron-equation(s) , 1 hole-equation(s) ) 
using Bank/Rose nonlinear solver.

Iteration   |Rhs|      factor     |step|     error   #inner  #iterative  time
------------------------------------------------------------------------------
    0      9.55e+03                                                      0.03
    1      1.09e-02   1.00e+00   1.41e-06   1.06e-02    0         1      0.10
Finished, because...
Error smaller than 1 ( 1.0586E-02 ).

Accumulated times:
Assembly time:        0.09 s
Solve time:      0.01 s
Total time:      0.10 s

contact        voltage     electron current    hole current     total current
 drain_conta  5.000E-02       2.177E-05         9.224E-23        2.177E-05
 gate_contac  1.000E+00       1.094E-11         0.000E+00        1.094E-11
 source_cont  0.000E+00      -2.177E-05        -9.146E-23       -2.177E-05


Computing BE-step from 1.7000e-08 s to 1.8000e-08 s (Stepsize: 1.0000e-09 s)
Extrapolating values for t = 1.8000e-08 ... done.
Computing Coupled( 1 poisson-equation(s) , 1 current-contact-equation(s) , 
                   1 electron-equation(s) , 1 hole-equation(s) ) 
using Bank/Rose nonlinear solver.

Iteration   |Rhs|      factor     |step|     error   #inner  #iterative  time
------------------------------------------------------------------------------
    0      3.57e+03                                                      0.04
    1      9.04e-03   1.00e+00   5.30e-07   3.97e-03    0         1      0.10
Finished, because...
Error smaller than 1 ( 3.9697E-03 ).

Accumulated times:
Assembly time:        0.09 s
Solve time:      0.01 s
Total time:      0.10 s

contact        voltage     electron current    hole current     total current
 drain_conta  5.000E-02       2.177E-05         9.224E-23        2.177E-05
 gate_contac  1.000E+00       1.093E-11         0.000E+00        1.093E-11
 source_cont  0.000E+00      -2.177E-05        -9.146E-23       -2.177E-05


Computing BE-step from 1.8000e-08 s to 1.9000e-08 s (Stepsize: 1.0000e-09 s)
Extrapolating values for t = 1.9000e-08 ... done.
Computing Coupled( 1 poisson-equation(s) , 1 current-contact-equation(s) , 
                   1 electron-equation(s) , 1 hole-equation(s) ) 
using Bank/Rose nonlinear solver.

Iteration   |Rhs|      factor     |step|     error   #inner  #iterative  time
------------------------------------------------------------------------------
    0      9.53e+03                                                      0.04
    1      8.63e-03   1.00e+00   1.41e-06   1.06e-02    0         1      0.10
Finished, because...
Error smaller than 1 ( 1.0586E-02 ).

Accumulated times:
Assembly time:        0.09 s
Solve time:      0.01 s
Total time:      0.10 s

contact        voltage     electron current    hole current     total current
 drain_conta  5.000E-02       2.177E-05         9.224E-23        2.177E-05
 gate_contac  1.000E+00       1.093E-11         0.000E+00        1.093E-11
 source_cont  0.000E+00      -2.177E-05        -9.146E-23       -2.177E-05


Computing BE-step from 1.9000e-08 s to 2.0000e-08 s (Stepsize: 1.0000e-09 s)
Extrapolating values for t = 2.0000e-08 ... done.
Computing Coupled( 1 poisson-equation(s) , 1 current-contact-equation(s) , 
                   1 electron-equation(s) , 1 hole-equation(s) ) 
using Bank/Rose nonlinear solver.

Iteration   |Rhs|      factor     |step|     error   #inner  #iterative  time
------------------------------------------------------------------------------
    0      3.56e+03                                                      0.04
    1      9.59e-03   1.00e+00   5.30e-07   3.97e-03    0         1      0.10
Finished, because...
Error smaller than 1 ( 3.9698E-03 ).

Accumulated times:
Assembly time:        0.09 s
Solve time:      0.01 s
Total time:      0.10 s

contact        voltage     electron current    hole current     total current
 drain_conta  5.000E-02       2.177E-05         9.224E-23        2.177E-05
 gate_contac  1.000E+00       1.092E-11         0.000E+00        1.092E-11
 source_cont  0.000E+00      -2.177E-05        -9.145E-23       -2.177E-05


Computing BE-step from 2.0000e-08 s to 2.1000e-08 s (Stepsize: 1.0000e-09 s)
Extrapolating values for t = 2.1000e-08 ... done.
Computing Coupled( 1 poisson-equation(s) , 1 current-contact-equation(s) , 
                   1 electron-equation(s) , 1 hole-equation(s) ) 
using Bank/Rose nonlinear solver.

Iteration   |Rhs|      factor     |step|     error   #inner  #iterative  time
------------------------------------------------------------------------------
    0      9.50e+03                                                      0.04
    1      8.05e-03   1.00e+00   1.41e-06   1.06e-02    0         1      0.11
Finished, because...
Error smaller than 1 ( 1.0586E-02 ).

Accumulated times:
Assembly time:        0.09 s
Solve time:      0.01 s
Total time:      0.11 s

contact        voltage     electron current    hole current     total current
 drain_conta  5.000E-02       2.178E-05         9.223E-23        2.178E-05
 gate_contac  1.000E+00       1.091E-11         0.000E+00        1.091E-11
 source_cont  0.000E+00      -2.178E-05        -9.145E-23       -2.178E-05


Computing BE-step from 2.1000e-08 s to 2.2000e-08 s (Stepsize: 1.0000e-09 s)
Extrapolating values for t = 2.2000e-08 ... done.
Computing Coupled( 1 poisson-equation(s) , 1 current-contact-equation(s) , 
                   1 electron-equation(s) , 1 hole-equation(s) ) 
using Bank/Rose nonlinear solver.

Iteration   |Rhs|      factor     |step|     error   #inner  #iterative  time
------------------------------------------------------------------------------
    0      3.55e+03                                                      0.04
    1      1.11e-02   1.00e+00   5.30e-07   3.97e-03    0         1      0.10
Finished, because...
Error smaller than 1 ( 3.9699E-03 ).

Accumulated times:
Assembly time:        0.09 s
Solve time:      0.01 s
Total time:      0.10 s

contact        voltage     electron current    hole current     total current
 drain_conta  5.000E-02       2.178E-05         9.223E-23        2.178E-05
 gate_contac  1.000E+00       1.090E-11         0.000E+00        1.090E-11
 source_cont  0.000E+00      -2.178E-05        -9.145E-23       -2.178E-05


Computing BE-step from 2.2000e-08 s to 2.3000e-08 s (Stepsize: 1.0000e-09 s)
Extrapolating values for t = 2.3000e-08 ... done.
Computing Coupled( 1 poisson-equation(s) , 1 current-contact-equation(s) , 
                   1 electron-equation(s) , 1 hole-equation(s) ) 
using Bank/Rose nonlinear solver.

Iteration   |Rhs|      factor     |step|     error   #inner  #iterative  time
------------------------------------------------------------------------------
    0      9.48e+03                                                      0.04
    1      9.63e-03   1.00e+00   1.41e-06   1.06e-02    0         1      0.10
Finished, because...
Error smaller than 1 ( 1.0586E-02 ).

Accumulated times:
Assembly time:        0.09 s
Solve time:      0.01 s
Total time:      0.10 s

contact        voltage     electron current    hole current     total current
 drain_conta  5.000E-02       2.178E-05         9.223E-23        2.178E-05
 gate_contac  1.000E+00       1.089E-11         0.000E+00        1.089E-11
 source_cont  0.000E+00      -2.178E-05        -9.145E-23       -2.178E-05


Computing BE-step from 2.3000e-08 s to 2.4000e-08 s (Stepsize: 1.0000e-09 s)
Extrapolating values for t = 2.4000e-08 ... done.
Computing Coupled( 1 poisson-equation(s) , 1 current-contact-equation(s) , 
                   1 electron-equation(s) , 1 hole-equation(s) ) 
using Bank/Rose nonlinear solver.

Iteration   |Rhs|      factor     |step|     error   #inner  #iterative  time
------------------------------------------------------------------------------
    0      3.54e+03                                                      0.04
    1      9.32e-03   1.00e+00   5.31e-07   3.97e-03    0         1      0.11
Finished, because...
Error smaller than 1 ( 3.9699E-03 ).

Accumulated times:
Assembly time:        0.09 s
Solve time:      0.02 s
Total time:      0.11 s

contact        voltage     electron current    hole current     total current
 drain_conta  5.000E-02       2.178E-05         9.223E-23        2.178E-05
 gate_contac  1.000E+00       1.089E-11         0.000E+00        1.089E-11
 source_cont  0.000E+00      -2.178E-05        -9.145E-23       -2.178E-05


Computing BE-step from 2.4000e-08 s to 2.5000e-08 s (Stepsize: 1.0000e-09 s)
Extrapolating values for t = 2.5000e-08 ... done.
Computing Coupled( 1 poisson-equation(s) , 1 current-contact-equation(s) , 
                   1 electron-equation(s) , 1 hole-equation(s) ) 
using Bank/Rose nonlinear solver.

Iteration   |Rhs|      factor     |step|     error   #inner  #iterative  time
------------------------------------------------------------------------------
    0      9.45e+03                                                      0.03
    1      8.45e-03   1.00e+00   1.42e-06   1.06e-02    0         1      0.09
Finished, because...
Error smaller than 1 ( 1.0586E-02 ).

Accumulated times:
Assembly time:        0.07 s
Solve time:      0.02 s
Total time:      0.09 s

contact        voltage     electron current    hole current     total current
 drain_conta  5.000E-02       2.178E-05         9.223E-23        2.178E-05
 gate_contac  1.000E+00       1.088E-11         0.000E+00        1.088E-11
 source_cont  0.000E+00      -2.178E-05        -9.145E-23       -2.178E-05


Computing BE-step from 2.5000e-08 s to 2.6000e-08 s (Stepsize: 1.0000e-09 s)
Extrapolating values for t = 2.6000e-08 ... done.
Computing Coupled( 1 poisson-equation(s) , 1 current-contact-equation(s) , 
                   1 electron-equation(s) , 1 hole-equation(s) ) 
using Bank/Rose nonlinear solver.

Iteration   |Rhs|      factor     |step|     error   #inner  #iterative  time
------------------------------------------------------------------------------
    0      3.53e+03                                                      0.03
    1      8.27e-03   1.00e+00   5.31e-07   3.97e-03    0         1      0.09
Finished, because...
Error smaller than 1 ( 3.9699E-03 ).

Accumulated times:
Assembly time:        0.07 s
Solve time:      0.01 s
Total time:      0.09 s

contact        voltage     electron current    hole current     total current
 drain_conta  5.000E-02       2.178E-05         9.223E-23        2.178E-05
 gate_contac  1.000E+00       1.087E-11         0.000E+00        1.087E-11
 source_cont  0.000E+00      -2.178E-05        -9.145E-23       -2.178E-05


Computing BE-step from 2.6000e-08 s to 2.7000e-08 s (Stepsize: 1.0000e-09 s)
Extrapolating values for t = 2.7000e-08 ... done.
Computing Coupled( 1 poisson-equation(s) , 1 current-contact-equation(s) , 
                   1 electron-equation(s) , 1 hole-equation(s) ) 
using Bank/Rose nonlinear solver.

Iteration   |Rhs|      factor     |step|     error   #inner  #iterative  time
------------------------------------------------------------------------------
    0      9.42e+03                                                      0.04
    1      1.10e-02   1.00e+00   1.42e-06   1.06e-02    0         1      0.10
Finished, because...
Error smaller than 1 ( 1.0586E-02 ).

Accumulated times:
Assembly time:        0.09 s
Solve time:      0.01 s
Total time:      0.10 s

contact        voltage     electron current    hole current     total current
 drain_conta  5.000E-02       2.178E-05         9.223E-23        2.178E-05
 gate_contac  1.000E+00       1.086E-11         0.000E+00        1.086E-11
 source_cont  0.000E+00      -2.178E-05        -9.144E-23       -2.178E-05


Computing BE-step from 2.7000e-08 s to 2.8000e-08 s (Stepsize: 1.0000e-09 s)
Extrapolating values for t = 2.8000e-08 ... done.
Computing Coupled( 1 poisson-equation(s) , 1 current-contact-equation(s) , 
                   1 electron-equation(s) , 1 hole-equation(s) ) 
using Bank/Rose nonlinear solver.

Iteration   |Rhs|      factor     |step|     error   #inner  #iterative  time
------------------------------------------------------------------------------
    0      3.52e+03                                                      0.04
    1      8.18e-03   1.00e+00   5.31e-07   3.97e-03    0         1      0.10
Finished, because...
Error smaller than 1 ( 3.9699E-03 ).

Accumulated times:
Assembly time:        0.09 s
Solve time:      0.01 s
Total time:      0.10 s

contact        voltage     electron current    hole current     total current
 drain_conta  5.000E-02       2.178E-05         9.222E-23        2.178E-05
 gate_contac  1.000E+00       1.086E-11         0.000E+00        1.086E-11
 source_cont  0.000E+00      -2.178E-05        -9.144E-23       -2.178E-05


Computing BE-step from 2.8000e-08 s to 2.9000e-08 s (Stepsize: 1.0000e-09 s)
Extrapolating values for t = 2.9000e-08 ... done.
Computing Coupled( 1 poisson-equation(s) , 1 current-contact-equation(s) , 
                   1 electron-equation(s) , 1 hole-equation(s) ) 
using Bank/Rose nonlinear solver.

Iteration   |Rhs|      factor     |step|     error   #inner  #iterative  time
------------------------------------------------------------------------------
    0      9.40e+03                                                      0.03
    1      8.37e-03   1.00e+00   1.42e-06   1.06e-02    0         1      0.09
Finished, because...
Error smaller than 1 ( 1.0586E-02 ).

Accumulated times:
Assembly time:        0.08 s
Solve time:      0.01 s
Total time:      0.09 s

contact        voltage     electron current    hole current     total current
 drain_conta  5.000E-02       2.178E-05         9.222E-23        2.178E-05
 gate_contac  1.000E+00       1.085E-11         0.000E+00        1.085E-11
 source_cont  0.000E+00      -2.178E-05        -9.144E-23       -2.178E-05


Computing BE-step from 2.9000e-08 s to 3.0000e-08 s (Stepsize: 1.0000e-09 s)
Extrapolating values for t = 3.0000e-08 ... done.
Computing Coupled( 1 poisson-equation(s) , 1 current-contact-equation(s) , 
                   1 electron-equation(s) , 1 hole-equation(s) ) 
using Bank/Rose nonlinear solver.

Iteration   |Rhs|      factor     |step|     error   #inner  #iterative  time
------------------------------------------------------------------------------
    0      3.51e+03                                                      0.04
    1      1.00e-02   1.00e+00   5.32e-07   3.97e-03    0         1      0.10
Finished, because...
Error smaller than 1 ( 3.9698E-03 ).

Accumulated times:
Assembly time:        0.09 s
Solve time:      0.01 s
Total time:      0.10 s

contact        voltage     electron current    hole current     total current
 drain_conta  5.000E-02       2.178E-05         9.222E-23        2.178E-05
 gate_contac  1.000E+00       1.084E-11         0.000E+00        1.084E-11
 source_cont  0.000E+00      -2.178E-05        -9.144E-23       -2.178E-05


Computing BE-step from 3.0000e-08 s to 3.1000e-08 s (Stepsize: 1.0000e-09 s)
Extrapolating values for t = 3.1000e-08 ... done.
Computing Coupled( 1 poisson-equation(s) , 1 current-contact-equation(s) , 
                   1 electron-equation(s) , 1 hole-equation(s) ) 
using Bank/Rose nonlinear solver.

Iteration   |Rhs|      factor     |step|     error   #inner  #iterative  time
------------------------------------------------------------------------------
    0      9.37e+03                                                      0.04
    1      1.11e-02   1.00e+00   1.42e-06   1.06e-02    0         1      0.10
Finished, because...
Error smaller than 1 ( 1.0586E-02 ).

Accumulated times:
Assembly time:        0.09 s
Solve time:      0.01 s
Total time:      0.10 s

contact        voltage     electron current    hole current     total current
 drain_conta  5.000E-02       2.178E-05         9.222E-23        2.178E-05
 gate_contac  1.000E+00       1.083E-11         0.000E+00        1.083E-11
 source_cont  0.000E+00      -2.178E-05        -9.144E-23       -2.178E-05


Computing BE-step from 3.1000e-08 s to 3.2000e-08 s (Stepsize: 1.0000e-09 s)
Extrapolating values for t = 3.2000e-08 ... done.
Computing Coupled( 1 poisson-equation(s) , 1 current-contact-equation(s) , 
                   1 electron-equation(s) , 1 hole-equation(s) ) 
using Bank/Rose nonlinear solver.

Iteration   |Rhs|      factor     |step|     error   #inner  #iterative  time
------------------------------------------------------------------------------
    0      3.50e+03                                                      0.06
    1      1.10e-02   1.00e+00   5.32e-07   3.97e-03    0         1      0.15
Finished, because...
Error smaller than 1 ( 3.9697E-03 ).

Accumulated times:
Assembly time:        0.13 s
Solve time:      0.02 s
Total time:      0.15 s

contact        voltage     electron current    hole current     total current
 drain_conta  5.000E-02       2.178E-05         9.222E-23        2.178E-05
 gate_contac  1.000E+00       1.083E-11         0.000E+00        1.083E-11
 source_cont  0.000E+00      -2.178E-05        -9.144E-23       -2.178E-05


Computing BE-step from 3.2000e-08 s to 3.3000e-08 s (Stepsize: 1.0000e-09 s)
Extrapolating values for t = 3.3000e-08 ... done.
Computing Coupled( 1 poisson-equation(s) , 1 current-contact-equation(s) , 
                   1 electron-equation(s) , 1 hole-equation(s) ) 
using Bank/Rose nonlinear solver.

Iteration   |Rhs|      factor     |step|     error   #inner  #iterative  time
------------------------------------------------------------------------------
    0      9.35e+03                                                      0.06
    1      9.59e-03   1.00e+00   1.42e-06   1.06e-02    0         1      0.16
Finished, because...
Error smaller than 1 ( 1.0586E-02 ).

Accumulated times:
Assembly time:        0.14 s
Solve time:      0.02 s
Total time:      0.16 s

contact        voltage     electron current    hole current     total current
 drain_conta  5.000E-02       2.178E-05         9.222E-23        2.178E-05
 gate_contac  1.000E+00       1.082E-11         0.000E+00        1.082E-11
 source_cont  0.000E+00      -2.178E-05        -9.144E-23       -2.178E-05


Computing BE-step from 3.3000e-08 s to 3.4000e-08 s (Stepsize: 1.0000e-09 s)
Extrapolating values for t = 3.4000e-08 ... done.
Computing Coupled( 1 poisson-equation(s) , 1 current-contact-equation(s) , 
                   1 electron-equation(s) , 1 hole-equation(s) ) 
using Bank/Rose nonlinear solver.

Iteration   |Rhs|      factor     |step|     error   #inner  #iterative  time
------------------------------------------------------------------------------
    0      3.50e+03                                                      0.06
    1      8.44e-03   1.00e+00   5.32e-07   3.97e-03    0         1      0.16
Finished, because...
Error smaller than 1 ( 3.9695E-03 ).

Accumulated times:
Assembly time:        0.14 s
Solve time:      0.01 s
Total time:      0.16 s

contact        voltage     electron current    hole current     total current
 drain_conta  5.000E-02       2.178E-05         9.222E-23        2.178E-05
 gate_contac  1.000E+00       1.081E-11         0.000E+00        1.081E-11
 source_cont  0.000E+00      -2.178E-05        -9.143E-23       -2.178E-05


Computing BE-step from 3.4000e-08 s to 3.5000e-08 s (Stepsize: 1.0000e-09 s)
Extrapolating values for t = 3.5000e-08 ... done.
Computing Coupled( 1 poisson-equation(s) , 1 current-contact-equation(s) , 
                   1 electron-equation(s) , 1 hole-equation(s) ) 
using Bank/Rose nonlinear solver.

Iteration   |Rhs|      factor     |step|     error   #inner  #iterative  time
------------------------------------------------------------------------------
    0      9.32e+03                                                      0.06
    1      8.03e-03   1.00e+00   1.42e-06   1.06e-02    0         1      0.16
Finished, because...
Error smaller than 1 ( 1.0585E-02 ).

Accumulated times:
Assembly time:        0.14 s
Solve time:      0.02 s
Total time:      0.16 s

contact        voltage     electron current    hole current     total current
 drain_conta  5.000E-02       2.178E-05         9.221E-23        2.178E-05
 gate_contac  1.000E+00       1.080E-11         0.000E+00        1.080E-11
 source_cont  0.000E+00      -2.178E-05        -9.143E-23       -2.178E-05


Computing BE-step from 3.5000e-08 s to 3.6000e-08 s (Stepsize: 1.0000e-09 s)
Extrapolating values for t = 3.6000e-08 ... done.
Computing Coupled( 1 poisson-equation(s) , 1 current-contact-equation(s) , 
                   1 electron-equation(s) , 1 hole-equation(s) ) 
using Bank/Rose nonlinear solver.

Iteration   |Rhs|      factor     |step|     error   #inner  #iterative  time
------------------------------------------------------------------------------
    0      3.49e+03                                                      0.06
    1      1.01e-02   1.00e+00   5.32e-07   3.97e-03    0         1      0.16
Finished, because...
Error smaller than 1 ( 3.9693E-03 ).

Accumulated times:
Assembly time:        0.14 s
Solve time:      0.02 s
Total time:      0.16 s

contact        voltage     electron current    hole current     total current
 drain_conta  5.000E-02       2.178E-05         9.221E-23        2.178E-05
 gate_contac  1.000E+00       1.080E-11         0.000E+00        1.080E-11
 source_cont  0.000E+00      -2.178E-05        -9.143E-23       -2.178E-05


Computing BE-step from 3.6000e-08 s to 3.7000e-08 s (Stepsize: 1.0000e-09 s)
Extrapolating values for t = 3.7000e-08 ... done.
Computing Coupled( 1 poisson-equation(s) , 1 current-contact-equation(s) , 
                   1 electron-equation(s) , 1 hole-equation(s) ) 
using Bank/Rose nonlinear solver.

Iteration   |Rhs|      factor     |step|     error   #inner  #iterative  time
------------------------------------------------------------------------------
    0      9.30e+03                                                      0.06
    1      9.13e-03   1.00e+00   1.42e-06   1.06e-02    0         1      0.15
Finished, because...
Error smaller than 1 ( 1.0585E-02 ).

Accumulated times:
Assembly time:        0.13 s
Solve time:      0.02 s
Total time:      0.15 s

contact        voltage     electron current    hole current     total current
 drain_conta  5.000E-02       2.178E-05         9.221E-23        2.178E-05
 gate_contac  1.000E+00       1.079E-11         0.000E+00        1.079E-11
 source_cont  0.000E+00      -2.178E-05        -9.143E-23       -2.178E-05


Computing BE-step from 3.7000e-08 s to 3.8000e-08 s (Stepsize: 1.0000e-09 s)
Extrapolating values for t = 3.8000e-08 ... done.
Computing Coupled( 1 poisson-equation(s) , 1 current-contact-equation(s) , 
                   1 electron-equation(s) , 1 hole-equation(s) ) 
using Bank/Rose nonlinear solver.

Iteration   |Rhs|      factor     |step|     error   #inner  #iterative  time
------------------------------------------------------------------------------
    0      3.48e+03                                                      0.03
    1      8.71e-03   1.00e+00   5.32e-07   3.97e-03    0         1      0.09
Finished, because...
Error smaller than 1 ( 3.9691E-03 ).

Accumulated times:
Assembly time:        0.08 s
Solve time:      0.01 s
Total time:      0.09 s

contact        voltage     electron current    hole current     total current
 drain_conta  5.000E-02       2.179E-05         9.221E-23        2.179E-05
 gate_contac  1.000E+00       1.078E-11         0.000E+00        1.078E-11
 source_cont  0.000E+00      -2.179E-05        -9.143E-23       -2.179E-05


Computing BE-step from 3.8000e-08 s to 3.9000e-08 s (Stepsize: 1.0000e-09 s)
Extrapolating values for t = 3.9000e-08 ... done.
Computing Coupled( 1 poisson-equation(s) , 1 current-contact-equation(s) , 
                   1 electron-equation(s) , 1 hole-equation(s) ) 
using Bank/Rose nonlinear solver.

Iteration   |Rhs|      factor     |step|     error   #inner  #iterative  time
------------------------------------------------------------------------------
    0      9.27e+03                                                      0.04
    1      8.51e-03   1.00e+00   1.42e-06   1.06e-02    0         1      0.10
Finished, because...
Error smaller than 1 ( 1.0584E-02 ).

Accumulated times:
Assembly time:        0.09 s
Solve time:      0.01 s
Total time:      0.10 s

contact        voltage     electron current    hole current     total current
 drain_conta  5.000E-02       2.179E-05         9.221E-23        2.179E-05
 gate_contac  1.000E+00       1.077E-11         0.000E+00        1.077E-11
 source_cont  0.000E+00      -2.179E-05        -9.143E-23       -2.179E-05


Computing BE-step from 3.9000e-08 s to 4.0000e-08 s (Stepsize: 1.0000e-09 s)
Extrapolating values for t = 4.0000e-08 ... done.
Computing Coupled( 1 poisson-equation(s) , 1 current-contact-equation(s) , 
                   1 electron-equation(s) , 1 hole-equation(s) ) 
using Bank/Rose nonlinear solver.

Iteration   |Rhs|      factor     |step|     error   #inner  #iterative  time
------------------------------------------------------------------------------
    0      3.47e+03                                                      0.04
    1      1.11e-02   1.00e+00   5.33e-07   3.97e-03    0         1      0.14
Finished, because...
Error smaller than 1 ( 3.9688E-03 ).

Accumulated times:
Assembly time:        0.12 s
Solve time:      0.02 s
Total time:      0.14 s

contact        voltage     electron current    hole current     total current
 drain_conta  5.000E-02       2.179E-05         9.221E-23        2.179E-05
 gate_contac  1.000E+00       1.077E-11         0.000E+00        1.077E-11
 source_cont  0.000E+00      -2.179E-05        -9.143E-23       -2.179E-05


Computing BE-step from 4.0000e-08 s to 4.1000e-08 s (Stepsize: 1.0000e-09 s)
Extrapolating values for t = 4.1000e-08 ... done.
Computing Coupled( 1 poisson-equation(s) , 1 current-contact-equation(s) , 
                   1 electron-equation(s) , 1 hole-equation(s) ) 
using Bank/Rose nonlinear solver.

Iteration   |Rhs|      factor     |step|     error   #inner  #iterative  time
------------------------------------------------------------------------------
    0      9.24e+03                                                      0.06
    1      1.01e-02   1.00e+00   1.42e-06   1.06e-02    0         1      0.15
Finished, because...
Error smaller than 1 ( 1.0583E-02 ).

Accumulated times:
Assembly time:        0.13 s
Solve time:      0.02 s
Total time:      0.15 s

contact        voltage     electron current    hole current     total current
 drain_conta  5.000E-02       2.179E-05         9.221E-23        2.179E-05
 gate_contac  1.000E+00       1.076E-11         0.000E+00        1.076E-11
 source_cont  0.000E+00      -2.179E-05        -9.142E-23       -2.179E-05


Computing BE-step from 4.1000e-08 s to 4.2000e-08 s (Stepsize: 1.0000e-09 s)
Extrapolating values for t = 4.2000e-08 ... done.
Computing Coupled( 1 poisson-equation(s) , 1 current-contact-equation(s) , 
                   1 electron-equation(s) , 1 hole-equation(s) ) 
using Bank/Rose nonlinear solver.

Iteration   |Rhs|      factor     |step|     error   #inner  #iterative  time
------------------------------------------------------------------------------
    0      3.46e+03                                                      0.06
    1      9.72e-03   1.00e+00   5.33e-07   3.97e-03    0         1      0.16
Finished, because...
Error smaller than 1 ( 3.9685E-03 ).

Accumulated times:
Assembly time:        0.14 s
Solve time:      0.02 s
Total time:      0.16 s

contact        voltage     electron current    hole current     total current
 drain_conta  5.000E-02       2.179E-05         9.220E-23        2.179E-05
 gate_contac  1.000E+00       1.075E-11         0.000E+00        1.075E-11
 source_cont  0.000E+00      -2.179E-05        -9.142E-23       -2.179E-05


Computing BE-step from 4.2000e-08 s to 4.3000e-08 s (Stepsize: 1.0000e-09 s)
Extrapolating values for t = 4.3000e-08 ... done.
Computing Coupled( 1 poisson-equation(s) , 1 current-contact-equation(s) , 
                   1 electron-equation(s) , 1 hole-equation(s) ) 
using Bank/Rose nonlinear solver.

Iteration   |Rhs|      factor     |step|     error   #inner  #iterative  time
------------------------------------------------------------------------------
    0      9.22e+03                                                      0.06
    1      8.69e-03   1.00e+00   1.42e-06   1.06e-02    0         1      0.14
Finished, because...
Error smaller than 1 ( 1.0583E-02 ).

Accumulated times:
Assembly time:        0.12 s
Solve time:      0.02 s
Total time:      0.14 s

contact        voltage     electron current    hole current     total current
 drain_conta  5.000E-02       2.179E-05         9.220E-23        2.179E-05
 gate_contac  1.000E+00       1.074E-11         0.000E+00        1.074E-11
 source_cont  0.000E+00      -2.179E-05        -9.142E-23       -2.179E-05


Computing BE-step from 4.3000e-08 s to 4.4000e-08 s (Stepsize: 1.0000e-09 s)
Extrapolating values for t = 4.4000e-08 ... done.
Computing Coupled( 1 poisson-equation(s) , 1 current-contact-equation(s) , 
                   1 electron-equation(s) , 1 hole-equation(s) ) 
using Bank/Rose nonlinear solver.

Iteration   |Rhs|      factor     |step|     error   #inner  #iterative  time
------------------------------------------------------------------------------
    0      3.45e+03                                                      0.03
    1      7.90e-03   1.00e+00   5.33e-07   3.97e-03    0         1      0.11
Finished, because...
Error smaller than 1 ( 3.9682E-03 ).

Accumulated times:
Assembly time:        0.10 s
Solve time:      0.01 s
Total time:      0.11 s

contact        voltage     electron current    hole current     total current
 drain_conta  5.000E-02       2.179E-05         9.220E-23        2.179E-05
 gate_contac  1.000E+00       1.074E-11         0.000E+00        1.074E-11
 source_cont  0.000E+00      -2.179E-05        -9.142E-23       -2.179E-05


Computing BE-step from 4.4000e-08 s to 4.5000e-08 s (Stepsize: 1.0000e-09 s)
Extrapolating values for t = 4.5000e-08 ... done.
Computing Coupled( 1 poisson-equation(s) , 1 current-contact-equation(s) , 
                   1 electron-equation(s) , 1 hole-equation(s) ) 
using Bank/Rose nonlinear solver.

Iteration   |Rhs|      factor     |step|     error   #inner  #iterative  time
------------------------------------------------------------------------------
    0      9.19e+03                                                      0.03
    1      9.31e-03   1.00e+00   1.42e-06   1.06e-02    0         1      0.09
Finished, because...
Error smaller than 1 ( 1.0582E-02 ).

Accumulated times:
Assembly time:        0.08 s
Solve time:      0.01 s
Total time:      0.09 s

contact        voltage     electron current    hole current     total current
 drain_conta  5.000E-02       2.179E-05         9.220E-23        2.179E-05
 gate_contac  1.000E+00       1.073E-11         0.000E+00        1.073E-11
 source_cont  0.000E+00      -2.179E-05        -9.142E-23       -2.179E-05


Computing BE-step from 4.5000e-08 s to 4.6000e-08 s (Stepsize: 1.0000e-09 s)
Extrapolating values for t = 4.6000e-08 ... done.
Computing Coupled( 1 poisson-equation(s) , 1 current-contact-equation(s) , 
                   1 electron-equation(s) , 1 hole-equation(s) ) 
using Bank/Rose nonlinear solver.

Iteration   |Rhs|      factor     |step|     error   #inner  #iterative  time
------------------------------------------------------------------------------
    0      3.44e+03                                                      0.04
    1      9.77e-03   1.00e+00   5.33e-07   3.97e-03    0         1      0.13
Finished, because...
Error smaller than 1 ( 3.9679E-03 ).

Accumulated times:
Assembly time:        0.11 s
Solve time:      0.02 s
Total time:      0.13 s

contact        voltage     electron current    hole current     total current
 drain_conta  5.000E-02       2.179E-05         9.220E-23        2.179E-05
 gate_contac  1.000E+00       1.072E-11         0.000E+00        1.072E-11
 source_cont  0.000E+00      -2.179E-05        -9.142E-23       -2.179E-05


Computing BE-step from 4.6000e-08 s to 4.7000e-08 s (Stepsize: 1.0000e-09 s)
Extrapolating values for t = 4.7000e-08 ... done.
Computing Coupled( 1 poisson-equation(s) , 1 current-contact-equation(s) , 
                   1 electron-equation(s) , 1 hole-equation(s) ) 
using Bank/Rose nonlinear solver.

Iteration   |Rhs|      factor     |step|     error   #inner  #iterative  time
------------------------------------------------------------------------------
    0      9.17e+03                                                      0.06
    1      7.69e-03   1.00e+00   1.42e-06   1.06e-02    0         1      0.13
Finished, because...
Error smaller than 1 ( 1.0581E-02 ).

Accumulated times:
Assembly time:        0.11 s
Solve time:      0.01 s
Total time:      0.13 s

contact        voltage     electron current    hole current     total current
 drain_conta  5.000E-02       2.179E-05         9.220E-23        2.179E-05
 gate_contac  1.000E+00       1.071E-11         0.000E+00        1.071E-11
 source_cont  0.000E+00      -2.179E-05        -9.141E-23       -2.179E-05


Computing BE-step from 4.7000e-08 s to 4.8000e-08 s (Stepsize: 1.0000e-09 s)
Extrapolating values for t = 4.8000e-08 ... done.
Computing Coupled( 1 poisson-equation(s) , 1 current-contact-equation(s) , 
                   1 electron-equation(s) , 1 hole-equation(s) ) 
using Bank/Rose nonlinear solver.

Iteration   |Rhs|      factor     |step|     error   #inner  #iterative  time
------------------------------------------------------------------------------
    0      3.43e+03                                                      0.07
    1      8.73e-03   1.00e+00   5.33e-07   3.97e-03    0         1      0.16
Finished, because...
Error smaller than 1 ( 3.9675E-03 ).

Accumulated times:
Assembly time:        0.14 s
Solve time:      0.02 s
Total time:      0.16 s

contact        voltage     electron current    hole current     total current
 drain_conta  5.000E-02       2.179E-05         9.220E-23        2.179E-05
 gate_contac  1.000E+00       1.070E-11         0.000E+00        1.070E-11
 source_cont  0.000E+00      -2.179E-05        -9.141E-23       -2.179E-05


Computing BE-step from 4.8000e-08 s to 4.9000e-08 s (Stepsize: 1.0000e-09 s)
Extrapolating values for t = 4.9000e-08 ... done.
Computing Coupled( 1 poisson-equation(s) , 1 current-contact-equation(s) , 
                   1 electron-equation(s) , 1 hole-equation(s) ) 
using Bank/Rose nonlinear solver.

Iteration   |Rhs|      factor     |step|     error   #inner  #iterative  time
------------------------------------------------------------------------------
    0      9.14e+03                                                      0.06
    1      8.78e-03   1.00e+00   1.42e-06   1.06e-02    0         1      0.16
Finished, because...
Error smaller than 1 ( 1.0580E-02 ).

Accumulated times:
Assembly time:        0.14 s
Solve time:      0.02 s
Total time:      0.16 s

contact        voltage     electron current    hole current     total current
 drain_conta  5.000E-02       2.179E-05         9.219E-23        2.179E-05
 gate_contac  1.000E+00       1.070E-11         0.000E+00        1.070E-11
 source_cont  0.000E+00      -2.179E-05        -9.141E-23       -2.179E-05


Computing BE-step from 4.9000e-08 s to 5.0000e-08 s (Stepsize: 1.0000e-09 s)
Extrapolating values for t = 5.0000e-08 ... done.
Computing Coupled( 1 poisson-equation(s) , 1 current-contact-equation(s) , 
                   1 electron-equation(s) , 1 hole-equation(s) ) 
using Bank/Rose nonlinear solver.

Iteration   |Rhs|      factor     |step|     error   #inner  #iterative  time
------------------------------------------------------------------------------
    0      3.42e+03                                                      0.06
    1      9.66e-03   1.00e+00   5.34e-07   3.97e-03    0         1      0.16
Finished, because...
Error smaller than 1 ( 3.9670E-03 ).

Accumulated times:
Assembly time:        0.13 s
Solve time:      0.02 s
Total time:      0.16 s

contact        voltage     electron current    hole current     total current
 drain_conta  5.000E-02       2.179E-05         9.219E-23        2.179E-05
 gate_contac  1.000E+00       1.069E-11         0.000E+00        1.069E-11
 source_cont  0.000E+00      -2.179E-05        -9.141E-23       -2.179E-05


Computing BE-step from 5.0000e-08 s to 5.1000e-08 s (Stepsize: 1.0000e-09 s)
Extrapolating values for t = 5.1000e-08 ... done.
Computing Coupled( 1 poisson-equation(s) , 1 current-contact-equation(s) , 
                   1 electron-equation(s) , 1 hole-equation(s) ) 
using Bank/Rose nonlinear solver.

Iteration   |Rhs|      factor     |step|     error   #inner  #iterative  time
------------------------------------------------------------------------------
    0      9.12e+03                                                      0.05
    1      9.73e-03   1.00e+00   1.42e-06   1.06e-02    0         1      0.11
Finished, because...
Error smaller than 1 ( 1.0579E-02 ).

Accumulated times:
Assembly time:        0.09 s
Solve time:      0.02 s
Total time:      0.11 s

contact        voltage     electron current    hole current     total current
 drain_conta  5.000E-02       2.179E-05         9.219E-23        2.179E-05
 gate_contac  1.000E+00       1.068E-11         0.000E+00        1.068E-11
 source_cont  0.000E+00      -2.179E-05        -9.141E-23       -2.179E-05


Computing BE-step from 5.1000e-08 s to 5.2000e-08 s (Stepsize: 1.0000e-09 s)
Extrapolating values for t = 5.2000e-08 ... done.
Computing Coupled( 1 poisson-equation(s) , 1 current-contact-equation(s) , 
                   1 electron-equation(s) , 1 hole-equation(s) ) 
using Bank/Rose nonlinear solver.

Iteration   |Rhs|      factor     |step|     error   #inner  #iterative  time
------------------------------------------------------------------------------
    0      3.41e+03                                                      0.03
    1      9.74e-03   1.00e+00   5.34e-07   3.97e-03    0         1      0.09
Finished, because...
Error smaller than 1 ( 3.9666E-03 ).

Accumulated times:
Assembly time:        0.07 s
Solve time:      0.01 s
Total time:      0.09 s

contact        voltage     electron current    hole current     total current
 drain_conta  5.000E-02       2.179E-05         9.219E-23        2.179E-05
 gate_contac  1.000E+00       1.067E-11         0.000E+00        1.067E-11
 source_cont  0.000E+00      -2.179E-05        -9.141E-23       -2.179E-05


Computing BE-step from 5.2000e-08 s to 5.3000e-08 s (Stepsize: 1.0000e-09 s)
Extrapolating values for t = 5.3000e-08 ... done.
Computing Coupled( 1 poisson-equation(s) , 1 current-contact-equation(s) , 
                   1 electron-equation(s) , 1 hole-equation(s) ) 
using Bank/Rose nonlinear solver.

Iteration   |Rhs|      factor     |step|     error   #inner  #iterative  time
------------------------------------------------------------------------------
    0      9.09e+03                                                      0.06
    1      1.19e-02   1.00e+00   1.42e-06   1.06e-02    0         1      0.13
Finished, because...
Error smaller than 1 ( 1.0577E-02 ).

Accumulated times:
Assembly time:        0.11 s
Solve time:      0.02 s
Total time:      0.13 s

contact        voltage     electron current    hole current     total current
 drain_conta  5.000E-02       2.179E-05         9.219E-23        2.179E-05
 gate_contac  1.000E+00       1.067E-11         0.000E+00        1.067E-11
 source_cont  0.000E+00      -2.179E-05        -9.141E-23       -2.179E-05


Computing BE-step from 5.3000e-08 s to 5.4000e-08 s (Stepsize: 1.0000e-09 s)
Extrapolating values for t = 5.4000e-08 ... done.
Computing Coupled( 1 poisson-equation(s) , 1 current-contact-equation(s) , 
                   1 electron-equation(s) , 1 hole-equation(s) ) 
using Bank/Rose nonlinear solver.

Iteration   |Rhs|      factor     |step|     error   #inner  #iterative  time
------------------------------------------------------------------------------
    0      3.40e+03                                                      0.04
    1      8.43e-03   1.00e+00   5.34e-07   3.97e-03    0         1      0.09
Finished, because...
Error smaller than 1 ( 3.9661E-03 ).

Accumulated times:
Assembly time:        0.07 s
Solve time:      0.02 s
Total time:      0.09 s

contact        voltage     electron current    hole current     total current
 drain_conta  5.000E-02       2.179E-05         9.219E-23        2.179E-05
 gate_contac  1.000E+00       1.066E-11         0.000E+00        1.066E-11
 source_cont  0.000E+00      -2.179E-05        -9.140E-23       -2.179E-05


Computing BE-step from 5.4000e-08 s to 5.5000e-08 s (Stepsize: 1.0000e-09 s)
Extrapolating values for t = 5.5000e-08 ... done.
Computing Coupled( 1 poisson-equation(s) , 1 current-contact-equation(s) , 
                   1 electron-equation(s) , 1 hole-equation(s) ) 
using Bank/Rose nonlinear solver.

Iteration   |Rhs|      factor     |step|     error   #inner  #iterative  time
------------------------------------------------------------------------------
    0      9.06e+03                                                      0.04
    1      7.82e-03   1.00e+00   1.42e-06   1.06e-02    0         1      0.10
Finished, because...
Error smaller than 1 ( 1.0576E-02 ).

Accumulated times:
Assembly time:        0.09 s
Solve time:      0.01 s
Total time:      0.10 s

contact        voltage     electron current    hole current     total current
 drain_conta  5.000E-02       2.179E-05         9.219E-23        2.179E-05
 gate_contac  1.000E+00       1.065E-11         0.000E+00        1.065E-11
 source_cont  0.000E+00      -2.179E-05        -9.140E-23       -2.179E-05


Computing BE-step from 5.5000e-08 s to 5.6000e-08 s (Stepsize: 1.0000e-09 s)
Extrapolating values for t = 5.6000e-08 ... done.
Computing Coupled( 1 poisson-equation(s) , 1 current-contact-equation(s) , 
                   1 electron-equation(s) , 1 hole-equation(s) ) 
using Bank/Rose nonlinear solver.

Iteration   |Rhs|      factor     |step|     error   #inner  #iterative  time
------------------------------------------------------------------------------
    0      3.39e+03                                                      0.04
    1      9.72e-03   1.00e+00   5.34e-07   3.97e-03    0         1      0.10
Finished, because...
Error smaller than 1 ( 3.9656E-03 ).

Accumulated times:
Assembly time:        0.09 s
Solve time:      0.01 s
Total time:      0.10 s

contact        voltage     electron current    hole current     total current
 drain_conta  5.000E-02       2.180E-05         9.219E-23        2.180E-05
 gate_contac  1.000E+00       1.064E-11         0.000E+00        1.064E-11
 source_cont  0.000E+00      -2.180E-05        -9.140E-23       -2.180E-05


Computing BE-step from 5.6000e-08 s to 5.7000e-08 s (Stepsize: 1.0000e-09 s)
Extrapolating values for t = 5.7000e-08 ... done.
Computing Coupled( 1 poisson-equation(s) , 1 current-contact-equation(s) , 
                   1 electron-equation(s) , 1 hole-equation(s) ) 
using Bank/Rose nonlinear solver.

Iteration   |Rhs|      factor     |step|     error   #inner  #iterative  time
------------------------------------------------------------------------------
    0      9.04e+03                                                      0.06
    1      9.56e-03   1.00e+00   1.42e-06   1.06e-02    0         1      0.16
Finished, because...
Error smaller than 1 ( 1.0575E-02 ).

Accumulated times:
Assembly time:        0.14 s
Solve time:      0.02 s
Total time:      0.16 s

contact        voltage     electron current    hole current     total current
 drain_conta  5.000E-02       2.180E-05         9.218E-23        2.180E-05
 gate_contac  1.000E+00       1.064E-11         0.000E+00        1.064E-11
 source_cont  0.000E+00      -2.180E-05        -9.140E-23       -2.180E-05


Computing BE-step from 5.7000e-08 s to 5.8000e-08 s (Stepsize: 1.0000e-09 s)
Extrapolating values for t = 5.8000e-08 ... done.
Computing Coupled( 1 poisson-equation(s) , 1 current-contact-equation(s) , 
                   1 electron-equation(s) , 1 hole-equation(s) ) 
using Bank/Rose nonlinear solver.

Iteration   |Rhs|      factor     |step|     error   #inner  #iterative  time
------------------------------------------------------------------------------
    0      3.38e+03                                                      0.06
    1      1.15e-02   1.00e+00   5.34e-07   3.97e-03    0         1      0.15
Finished, because...
Error smaller than 1 ( 3.9650E-03 ).

Accumulated times:
Assembly time:        0.13 s
Solve time:      0.02 s
Total time:      0.15 s

contact        voltage     electron current    hole current     total current
 drain_conta  5.000E-02       2.180E-05         9.218E-23        2.180E-05
 gate_contac  1.000E+00       1.063E-11         0.000E+00        1.063E-11
 source_cont  0.000E+00      -2.180E-05        -9.140E-23       -2.180E-05


Computing BE-step from 5.8000e-08 s to 5.9000e-08 s (Stepsize: 1.0000e-09 s)
Extrapolating values for t = 5.9000e-08 ... done.
Computing Coupled( 1 poisson-equation(s) , 1 current-contact-equation(s) , 
                   1 electron-equation(s) , 1 hole-equation(s) ) 
using Bank/Rose nonlinear solver.

Iteration   |Rhs|      factor     |step|     error   #inner  #iterative  time
------------------------------------------------------------------------------
    0      9.01e+03                                                      0.06
    1      9.42e-03   1.00e+00   1.43e-06   1.06e-02    0         1      0.12
Finished, because...
Error smaller than 1 ( 1.0573E-02 ).

Accumulated times:
Assembly time:        0.10 s
Solve time:      0.01 s
Total time:      0.12 s

contact        voltage     electron current    hole current     total current
 drain_conta  5.000E-02       2.180E-05         9.218E-23        2.180E-05
 gate_contac  1.000E+00       1.062E-11         0.000E+00        1.062E-11
 source_cont  0.000E+00      -2.180E-05        -9.140E-23       -2.180E-05


Computing BE-step from 5.9000e-08 s to 6.0000e-08 s (Stepsize: 1.0000e-09 s)
Extrapolating values for t = 6.0000e-08 ... done.
Computing Coupled( 1 poisson-equation(s) , 1 current-contact-equation(s) , 
                   1 electron-equation(s) , 1 hole-equation(s) ) 
using Bank/Rose nonlinear solver.

Iteration   |Rhs|      factor     |step|     error   #inner  #iterative  time
------------------------------------------------------------------------------
    0      3.37e+03                                                      0.04
    1      9.60e-03   1.00e+00   5.35e-07   3.96e-03    0         1      0.10
Finished, because...
Error smaller than 1 ( 3.9644E-03 ).

Accumulated times:
Assembly time:        0.09 s
Solve time:      0.01 s
Total time:      0.10 s

contact        voltage     electron current    hole current     total current
 drain_conta  5.000E-02       2.180E-05         9.218E-23        2.180E-05
 gate_contac  1.000E+00       1.061E-11         0.000E+00        1.061E-11
 source_cont  0.000E+00      -2.180E-05        -9.140E-23       -2.180E-05


Computing BE-step from 6.0000e-08 s to 6.1000e-08 s (Stepsize: 1.0000e-09 s)
Extrapolating values for t = 6.1000e-08 ... done.
Computing Coupled( 1 poisson-equation(s) , 1 current-contact-equation(s) , 
                   1 electron-equation(s) , 1 hole-equation(s) ) 
using Bank/Rose nonlinear solver.

Iteration   |Rhs|      factor     |step|     error   #inner  #iterative  time
------------------------------------------------------------------------------
    0      8.99e+03                                                      0.04
    1      8.73e-03   1.00e+00   1.43e-06   1.06e-02    0         1      0.10
Finished, because...
Error smaller than 1 ( 1.0571E-02 ).

Accumulated times:
Assembly time:        0.09 s
Solve time:      0.01 s
Total time:      0.10 s

contact        voltage     electron current    hole current     total current
 drain_conta  5.000E-02       2.180E-05         9.218E-23        2.180E-05
 gate_contac  1.000E+00       1.061E-11         0.000E+00        1.061E-11
 source_cont  0.000E+00      -2.180E-05        -9.139E-23       -2.180E-05


Computing BE-step from 6.1000e-08 s to 6.2000e-08 s (Stepsize: 1.0000e-09 s)
Extrapolating values for t = 6.2000e-08 ... done.
Computing Coupled( 1 poisson-equation(s) , 1 current-contact-equation(s) , 
                   1 electron-equation(s) , 1 hole-equation(s) ) 
using Bank/Rose nonlinear solver.

Iteration   |Rhs|      factor     |step|     error   #inner  #iterative  time
------------------------------------------------------------------------------
    0      3.36e+03                                                      0.04
    1      1.05e-02   1.00e+00   5.35e-07   3.96e-03    0         1      0.12
Finished, because...
Error smaller than 1 ( 3.9638E-03 ).

Accumulated times:
Assembly time:        0.10 s
Solve time:      0.02 s
Total time:      0.12 s

contact        voltage     electron current    hole current     total current
 drain_conta  5.000E-02       2.180E-05         9.218E-23        2.180E-05
 gate_contac  1.000E+00       1.060E-11         0.000E+00        1.060E-11
 source_cont  0.000E+00      -2.180E-05        -9.139E-23       -2.180E-05


Computing BE-step from 6.2000e-08 s to 6.3000e-08 s (Stepsize: 1.0000e-09 s)
Extrapolating values for t = 6.3000e-08 ... done.
Computing Coupled( 1 poisson-equation(s) , 1 current-contact-equation(s) , 
                   1 electron-equation(s) , 1 hole-equation(s) ) 
using Bank/Rose nonlinear solver.

Iteration   |Rhs|      factor     |step|     error   #inner  #iterative  time
------------------------------------------------------------------------------
    0      8.96e+03                                                      0.06
    1      1.11e-02   1.00e+00   1.43e-06   1.06e-02    0         1      0.17
Finished, because...
Error smaller than 1 ( 1.0570E-02 ).

Accumulated times:
Assembly time:        0.15 s
Solve time:      0.02 s
Total time:      0.17 s

contact        voltage     electron current    hole current     total current
 drain_conta  5.000E-02       2.180E-05         9.218E-23        2.180E-05
 gate_contac  1.000E+00       1.059E-11         0.000E+00        1.059E-11
 source_cont  0.000E+00      -2.180E-05        -9.139E-23       -2.180E-05


Computing BE-step from 6.3000e-08 s to 6.4000e-08 s (Stepsize: 1.0000e-09 s)
Extrapolating values for t = 6.4000e-08 ... done.
Computing Coupled( 1 poisson-equation(s) , 1 current-contact-equation(s) , 
                   1 electron-equation(s) , 1 hole-equation(s) ) 
using Bank/Rose nonlinear solver.

Iteration   |Rhs|      factor     |step|     error   #inner  #iterative  time
------------------------------------------------------------------------------
    0      3.35e+03                                                      0.06
    1      9.67e-03   1.00e+00   5.35e-07   3.96e-03    0         1      0.16
Finished, because...
Error smaller than 1 ( 3.9631E-03 ).

Accumulated times:
Assembly time:        0.14 s
Solve time:      0.02 s
Total time:      0.16 s

contact        voltage     electron current    hole current     total current
 drain_conta  5.000E-02       2.180E-05         9.217E-23        2.180E-05
 gate_contac  1.000E+00       1.058E-11         0.000E+00        1.058E-11
 source_cont  0.000E+00      -2.180E-05        -9.139E-23       -2.180E-05


Computing BE-step from 6.4000e-08 s to 6.5000e-08 s (Stepsize: 1.0000e-09 s)
Extrapolating values for t = 6.5000e-08 ... done.
Computing Coupled( 1 poisson-equation(s) , 1 current-contact-equation(s) , 
                   1 electron-equation(s) , 1 hole-equation(s) ) 
using Bank/Rose nonlinear solver.

Iteration   |Rhs|      factor     |step|     error   #inner  #iterative  time
------------------------------------------------------------------------------
    0      8.94e+03                                                      0.06
    1      8.40e-03   1.00e+00   1.43e-06   1.06e-02    0         1      0.17
Finished, because...
Error smaller than 1 ( 1.0568E-02 ).

Accumulated times:
Assembly time:        0.15 s
Solve time:      0.02 s
Total time:      0.17 s

contact        voltage     electron current    hole current     total current
 drain_conta  5.000E-02       2.180E-05         9.217E-23        2.180E-05
 gate_contac  1.000E+00       1.057E-11         0.000E+00        1.057E-11
 source_cont  0.000E+00      -2.180E-05        -9.139E-23       -2.180E-05


Computing BE-step from 6.5000e-08 s to 6.6000e-08 s (Stepsize: 1.0000e-09 s)
Extrapolating values for t = 6.6000e-08 ... done.
Computing Coupled( 1 poisson-equation(s) , 1 current-contact-equation(s) , 
                   1 electron-equation(s) , 1 hole-equation(s) ) 
using Bank/Rose nonlinear solver.

Iteration   |Rhs|      factor     |step|     error   #inner  #iterative  time
------------------------------------------------------------------------------
    0      3.34e+03                                                      0.06
    1      8.77e-03   1.00e+00   5.35e-07   3.96e-03    0         1      0.15
Finished, because...
Error smaller than 1 ( 3.9625E-03 ).

Accumulated times:
Assembly time:        0.13 s
Solve time:      0.02 s
Total time:      0.15 s

contact        voltage     electron current    hole current     total current
 drain_conta  5.000E-02       2.180E-05         9.217E-23        2.180E-05
 gate_contac  1.000E+00       1.057E-11         0.000E+00        1.057E-11
 source_cont  0.000E+00      -2.180E-05        -9.139E-23       -2.180E-05


Computing BE-step from 6.6000e-08 s to 6.7000e-08 s (Stepsize: 1.0000e-09 s)
Extrapolating values for t = 6.7000e-08 ... done.
Computing Coupled( 1 poisson-equation(s) , 1 current-contact-equation(s) , 
                   1 electron-equation(s) , 1 hole-equation(s) ) 
using Bank/Rose nonlinear solver.

Iteration   |Rhs|      factor     |step|     error   #inner  #iterative  time
------------------------------------------------------------------------------
    0      8.91e+03                                                      0.06
    1      1.07e-02   1.00e+00   1.43e-06   1.06e-02    0         1      0.12
Finished, because...
Error smaller than 1 ( 1.0566E-02 ).

Accumulated times:
Assembly time:        0.11 s
Solve time:      0.01 s
Total time:      0.12 s

contact        voltage     electron current    hole current     total current
 drain_conta  5.000E-02       2.180E-05         9.217E-23        2.180E-05
 gate_contac  1.000E+00       1.056E-11         0.000E+00        1.056E-11
 source_cont  0.000E+00      -2.180E-05        -9.139E-23       -2.180E-05


Computing BE-step from 6.7000e-08 s to 6.8000e-08 s (Stepsize: 1.0000e-09 s)
Extrapolating values for t = 6.8000e-08 ... done.
Computing Coupled( 1 poisson-equation(s) , 1 current-contact-equation(s) , 
                   1 electron-equation(s) , 1 hole-equation(s) ) 
using Bank/Rose nonlinear solver.

Iteration   |Rhs|      factor     |step|     error   #inner  #iterative  time
------------------------------------------------------------------------------
    0      3.33e+03                                                      0.04
    1      1.03e-02   1.00e+00   5.35e-07   3.96e-03    0         1      0.10
Finished, because...
Error smaller than 1 ( 3.9617E-03 ).

Accumulated times:
Assembly time:        0.09 s
Solve time:      0.01 s
Total time:      0.10 s

contact        voltage     electron current    hole current     total current
 drain_conta  5.000E-02       2.180E-05         9.217E-23        2.180E-05
 gate_contac  1.000E+00       1.055E-11         0.000E+00        1.055E-11
 source_cont  0.000E+00      -2.180E-05        -9.138E-23       -2.180E-05


Computing BE-step from 6.8000e-08 s to 6.9000e-08 s (Stepsize: 1.0000e-09 s)
Extrapolating values for t = 6.9000e-08 ... done.
Computing Coupled( 1 poisson-equation(s) , 1 current-contact-equation(s) , 
                   1 electron-equation(s) , 1 hole-equation(s) ) 
using Bank/Rose nonlinear solver.

Iteration   |Rhs|      factor     |step|     error   #inner  #iterative  time
------------------------------------------------------------------------------
    0      8.89e+03                                                      0.03
    1      9.37e-03   1.00e+00   1.43e-06   1.06e-02    0         1      0.09
Finished, because...
Error smaller than 1 ( 1.0564E-02 ).

Accumulated times:
Assembly time:        0.08 s
Solve time:      0.01 s
Total time:      0.09 s

contact        voltage     electron current    hole current     total current
 drain_conta  5.000E-02       2.180E-05         9.217E-23        2.180E-05
 gate_contac  1.000E+00       1.054E-11         0.000E+00        1.054E-11
 source_cont  0.000E+00      -2.180E-05        -9.138E-23       -2.180E-05


Computing BE-step from 6.9000e-08 s to 7.0000e-08 s (Stepsize: 1.0000e-09 s)
Extrapolating values for t = 7.0000e-08 ... done.
Computing Coupled( 1 poisson-equation(s) , 1 current-contact-equation(s) , 
                   1 electron-equation(s) , 1 hole-equation(s) ) 
using Bank/Rose nonlinear solver.

Iteration   |Rhs|      factor     |step|     error   #inner  #iterative  time
------------------------------------------------------------------------------
    0      3.32e+03                                                      0.03
    1      8.67e-03   1.00e+00   5.35e-07   3.96e-03    0         1      0.09
Finished, because...
Error smaller than 1 ( 3.9610E-03 ).

Accumulated times:
Assembly time:        0.08 s
Solve time:      0.01 s
Total time:      0.09 s

contact        voltage     electron current    hole current     total current
 drain_conta  5.000E-02       2.180E-05         9.217E-23        2.180E-05
 gate_contac  1.000E+00       1.054E-11         0.000E+00        1.054E-11
 source_cont  0.000E+00      -2.180E-05        -9.138E-23       -2.180E-05


Computing BE-step from 7.0000e-08 s to 7.1000e-08 s (Stepsize: 1.0000e-09 s)
Extrapolating values for t = 7.1000e-08 ... done.
Computing Coupled( 1 poisson-equation(s) , 1 current-contact-equation(s) , 
                   1 electron-equation(s) , 1 hole-equation(s) ) 
using Bank/Rose nonlinear solver.

Iteration   |Rhs|      factor     |step|     error   #inner  #iterative  time
------------------------------------------------------------------------------
    0      8.86e+03                                                      0.05
    1      8.86e-03   1.00e+00   1.43e-06   1.06e-02    0         1      0.15
Finished, because...
Error smaller than 1 ( 1.0562E-02 ).

Accumulated times:
Assembly time:        0.13 s
Solve time:      0.02 s
Total time:      0.15 s

contact        voltage     electron current    hole current     total current
 drain_conta  5.000E-02       2.180E-05         9.216E-23        2.180E-05
 gate_contac  1.000E+00       1.053E-11         0.000E+00        1.053E-11
 source_cont  0.000E+00      -2.180E-05        -9.138E-23       -2.180E-05


Computing BE-step from 7.1000e-08 s to 7.2000e-08 s (Stepsize: 1.0000e-09 s)
Extrapolating values for t = 7.2000e-08 ... done.
Computing Coupled( 1 poisson-equation(s) , 1 current-contact-equation(s) , 
                   1 electron-equation(s) , 1 hole-equation(s) ) 
using Bank/Rose nonlinear solver.

Iteration   |Rhs|      factor     |step|     error   #inner  #iterative  time
------------------------------------------------------------------------------
    0      3.31e+03                                                      0.06
    1      1.15e-02   1.00e+00   5.35e-07   3.96e-03    0         1      0.15
Finished, because...
Error smaller than 1 ( 3.9602E-03 ).

Accumulated times:
Assembly time:        0.13 s
Solve time:      0.02 s
Total time:      0.15 s

contact        voltage     electron current    hole current     total current
 drain_conta  5.000E-02       2.180E-05         9.216E-23        2.180E-05
 gate_contac  1.000E+00       1.052E-11         0.000E+00        1.052E-11
 source_cont  0.000E+00      -2.180E-05        -9.138E-23       -2.180E-05


Computing BE-step from 7.2000e-08 s to 7.3000e-08 s (Stepsize: 1.0000e-09 s)
Extrapolating values for t = 7.3000e-08 ... done.
Computing Coupled( 1 poisson-equation(s) , 1 current-contact-equation(s) , 
                   1 electron-equation(s) , 1 hole-equation(s) ) 
using Bank/Rose nonlinear solver.

Iteration   |Rhs|      factor     |step|     error   #inner  #iterative  time
------------------------------------------------------------------------------
    0      8.83e+03                                                      0.06
    1      8.22e-03   1.00e+00   1.43e-06   1.06e-02    0         1      0.16
Finished, because...
Error smaller than 1 ( 1.0560E-02 ).

Accumulated times:
Assembly time:        0.14 s
Solve time:      0.01 s
Total time:      0.16 s

contact        voltage     electron current    hole current     total current
 drain_conta  5.000E-02       2.180E-05         9.216E-23        2.180E-05
 gate_contac  1.000E+00       1.051E-11         0.000E+00        1.051E-11
 source_cont  0.000E+00      -2.180E-05        -9.138E-23       -2.180E-05


Computing BE-step from 7.3000e-08 s to 7.4000e-08 s (Stepsize: 1.0000e-09 s)
Extrapolating values for t = 7.4000e-08 ... done.
Computing Coupled( 1 poisson-equation(s) , 1 current-contact-equation(s) , 
                   1 electron-equation(s) , 1 hole-equation(s) ) 
using Bank/Rose nonlinear solver.

Iteration   |Rhs|      factor     |step|     error   #inner  #iterative  time
------------------------------------------------------------------------------
    0      3.30e+03                                                      0.06
    1      9.64e-03   1.00e+00   5.36e-07   3.96e-03    0         1      0.12
Finished, because...
Error smaller than 1 ( 3.9594E-03 ).

Accumulated times:
Assembly time:        0.10 s
Solve time:      0.01 s
Total time:      0.12 s

contact        voltage     electron current    hole current     total current
 drain_conta  5.000E-02       2.181E-05         9.216E-23        2.181E-05
 gate_contac  1.000E+00       1.051E-11         0.000E+00        1.051E-11
 source_cont  0.000E+00      -2.181E-05        -9.138E-23       -2.181E-05


Computing BE-step from 7.4000e-08 s to 7.5000e-08 s (Stepsize: 1.0000e-09 s)
Extrapolating values for t = 7.5000e-08 ... done.
Computing Coupled( 1 poisson-equation(s) , 1 current-contact-equation(s) , 
                   1 electron-equation(s) , 1 hole-equation(s) ) 
using Bank/Rose nonlinear solver.

Iteration   |Rhs|      factor     |step|     error   #inner  #iterative  time
------------------------------------------------------------------------------
    0      8.81e+03                                                      0.04
    1      9.04e-03   1.00e+00   1.43e-06   1.06e-02    0         1      0.10
Finished, because...
Error smaller than 1 ( 1.0558E-02 ).

Accumulated times:
Assembly time:        0.08 s
Solve time:      0.01 s
Total time:      0.10 s

contact        voltage     electron current    hole current     total current
 drain_conta  5.000E-02       2.181E-05         9.216E-23        2.181E-05
 gate_contac  1.000E+00       1.050E-11         0.000E+00        1.050E-11
 source_cont  0.000E+00      -2.181E-05        -9.137E-23       -2.181E-05


Computing BE-step from 7.5000e-08 s to 7.6000e-08 s (Stepsize: 1.0000e-09 s)
Extrapolating values for t = 7.6000e-08 ... done.
Computing Coupled( 1 poisson-equation(s) , 1 current-contact-equation(s) , 
                   1 electron-equation(s) , 1 hole-equation(s) ) 
using Bank/Rose nonlinear solver.

Iteration   |Rhs|      factor     |step|     error   #inner  #iterative  time
------------------------------------------------------------------------------
    0      3.29e+03                                                      0.03
    1      8.97e-03   1.00e+00   5.36e-07   3.96e-03    0         1      0.09
Finished, because...
Error smaller than 1 ( 3.9585E-03 ).

Accumulated times:
Assembly time:        0.07 s
Solve time:      0.02 s
Total time:      0.09 s

contact        voltage     electron current    hole current     total current
 drain_conta  5.000E-02       2.181E-05         9.216E-23        2.181E-05
 gate_contac  1.000E+00       1.049E-11         0.000E+00        1.049E-11
 source_cont  0.000E+00      -2.181E-05        -9.137E-23       -2.181E-05


Computing BE-step from 7.6000e-08 s to 7.7000e-08 s (Stepsize: 1.0000e-09 s)
Extrapolating values for t = 7.7000e-08 ... done.
Computing Coupled( 1 poisson-equation(s) , 1 current-contact-equation(s) , 
                   1 electron-equation(s) , 1 hole-equation(s) ) 
using Bank/Rose nonlinear solver.

Iteration   |Rhs|      factor     |step|     error   #inner  #iterative  time
------------------------------------------------------------------------------
    0      8.78e+03                                                      0.04
    1      1.11e-02   1.00e+00   1.43e-06   1.06e-02    0         1      0.10
Finished, because...
Error smaller than 1 ( 1.0556E-02 ).

Accumulated times:
Assembly time:        0.09 s
Solve time:      0.01 s
Total time:      0.10 s

contact        voltage     electron current    hole current     total current
 drain_conta  5.000E-02       2.181E-05         9.216E-23        2.181E-05
 gate_contac  1.000E+00       1.048E-11         0.000E+00        1.048E-11
 source_cont  0.000E+00      -2.181E-05        -9.137E-23       -2.181E-05


Computing BE-step from 7.7000e-08 s to 7.8000e-08 s (Stepsize: 1.0000e-09 s)
Extrapolating values for t = 7.8000e-08 ... done.
Computing Coupled( 1 poisson-equation(s) , 1 current-contact-equation(s) , 
                   1 electron-equation(s) , 1 hole-equation(s) ) 
using Bank/Rose nonlinear solver.

Iteration   |Rhs|      factor     |step|     error   #inner  #iterative  time
------------------------------------------------------------------------------
    0      3.28e+03                                                      0.04
    1      7.84e-03   1.00e+00   5.36e-07   3.96e-03    0         1      0.11
Finished, because...
Error smaller than 1 ( 3.9577E-03 ).

Accumulated times:
Assembly time:        0.09 s
Solve time:      0.01 s
Total time:      0.11 s

contact        voltage     electron current    hole current     total current
 drain_conta  5.000E-02       2.181E-05         9.216E-23        2.181E-05
 gate_contac  1.000E+00       1.048E-11         0.000E+00        1.048E-11
 source_cont  0.000E+00      -2.181E-05        -9.137E-23       -2.181E-05


Computing BE-step from 7.8000e-08 s to 7.9000e-08 s (Stepsize: 1.0000e-09 s)
Extrapolating values for t = 7.9000e-08 ... done.
Computing Coupled( 1 poisson-equation(s) , 1 current-contact-equation(s) , 
                   1 electron-equation(s) , 1 hole-equation(s) ) 
using Bank/Rose nonlinear solver.

Iteration   |Rhs|      factor     |step|     error   #inner  #iterative  time
------------------------------------------------------------------------------
    0      8.76e+03                                                      0.04
    1      9.88e-03   1.00e+00   1.43e-06   1.06e-02    0         1      0.11
Finished, because...
Error smaller than 1 ( 1.0553E-02 ).

Accumulated times:
Assembly time:        0.10 s
Solve time:      0.01 s
Total time:      0.12 s

contact        voltage     electron current    hole current     total current
 drain_conta  5.000E-02       2.181E-05         9.215E-23        2.181E-05
 gate_contac  1.000E+00       1.047E-11         0.000E+00        1.047E-11
 source_cont  0.000E+00      -2.181E-05        -9.137E-23       -2.181E-05


Computing BE-step from 7.9000e-08 s to 8.0000e-08 s (Stepsize: 1.0000e-09 s)
Extrapolating values for t = 8.0000e-08 ... done.
Computing Coupled( 1 poisson-equation(s) , 1 current-contact-equation(s) , 
                   1 electron-equation(s) , 1 hole-equation(s) ) 
using Bank/Rose nonlinear solver.

Iteration   |Rhs|      factor     |step|     error   #inner  #iterative  time
------------------------------------------------------------------------------
    0      3.27e+03                                                      0.05
    1      1.02e-02   1.00e+00   5.36e-07   3.96e-03    0         1      0.11
Finished, because...
Error smaller than 1 ( 3.9568E-03 ).

Accumulated times:
Assembly time:        0.10 s
Solve time:      0.01 s
Total time:      0.11 s

contact        voltage     electron current    hole current     total current
 drain_conta  5.000E-02       2.181E-05         9.215E-23        2.181E-05
 gate_contac  1.000E+00       1.046E-11         0.000E+00        1.046E-11
 source_cont  0.000E+00      -2.181E-05        -9.137E-23       -2.181E-05


Computing BE-step from 8.0000e-08 s to 8.1000e-08 s (Stepsize: 1.0000e-09 s)
Extrapolating values for t = 8.1000e-08 ... done.
Computing Coupled( 1 poisson-equation(s) , 1 current-contact-equation(s) , 
                   1 electron-equation(s) , 1 hole-equation(s) ) 
using Bank/Rose nonlinear solver.

Iteration   |Rhs|      factor     |step|     error   #inner  #iterative  time
------------------------------------------------------------------------------
    0      8.73e+03                                                      0.04
    1      9.17e-03   1.00e+00   1.43e-06   1.06e-02    0         1      0.10
Finished, because...
Error smaller than 1 ( 1.0551E-02 ).

Accumulated times:
Assembly time:        0.09 s
Solve time:      0.01 s
Total time:      0.10 s

contact        voltage     electron current    hole current     total current
 drain_conta  5.000E-02       2.181E-05         9.215E-23        2.181E-05
 gate_contac  1.000E+00       1.045E-11         0.000E+00        1.045E-11
 source_cont  0.000E+00      -2.181E-05        -9.137E-23       -2.181E-05


Computing BE-step from 8.1000e-08 s to 8.2000e-08 s (Stepsize: 1.0000e-09 s)
Extrapolating values for t = 8.2000e-08 ... done.
Computing Coupled( 1 poisson-equation(s) , 1 current-contact-equation(s) , 
                   1 electron-equation(s) , 1 hole-equation(s) ) 
using Bank/Rose nonlinear solver.

Iteration   |Rhs|      factor     |step|     error   #inner  #iterative  time
------------------------------------------------------------------------------
    0      3.27e+03                                                      0.04
    1      8.67e-03   1.00e+00   5.36e-07   3.96e-03    0         1      0.13
Finished, because...
Error smaller than 1 ( 3.9558E-03 ).

Accumulated times:
Assembly time:        0.12 s
Solve time:      0.01 s
Total time:      0.13 s

contact        voltage     electron current    hole current     total current
 drain_conta  5.000E-02       2.181E-05         9.215E-23        2.181E-05
 gate_contac  1.000E+00       1.044E-11         0.000E+00        1.044E-11
 source_cont  0.000E+00      -2.181E-05        -9.136E-23       -2.181E-05


Computing BE-step from 8.2000e-08 s to 8.3000e-08 s (Stepsize: 1.0000e-09 s)
Extrapolating values for t = 8.3000e-08 ... done.
Computing Coupled( 1 poisson-equation(s) , 1 current-contact-equation(s) , 
                   1 electron-equation(s) , 1 hole-equation(s) ) 
using Bank/Rose nonlinear solver.

Iteration   |Rhs|      factor     |step|     error   #inner  #iterative  time
------------------------------------------------------------------------------
    0      8.71e+03                                                      0.06
    1      7.94e-03   1.00e+00   1.43e-06   1.05e-02    0         1      0.17
Finished, because...
Error smaller than 1 ( 1.0548E-02 ).

Accumulated times:
Assembly time:        0.15 s
Solve time:      0.02 s
Total time:      0.17 s

contact        voltage     electron current    hole current     total current
 drain_conta  5.000E-02       2.181E-05         9.215E-23        2.181E-05
 gate_contac  1.000E+00       1.044E-11         0.000E+00        1.044E-11
 source_cont  0.000E+00      -2.181E-05        -9.136E-23       -2.181E-05


Computing BE-step from 8.3000e-08 s to 8.4000e-08 s (Stepsize: 1.0000e-09 s)
Extrapolating values for t = 8.4000e-08 ... done.
Computing Coupled( 1 poisson-equation(s) , 1 current-contact-equation(s) , 
                   1 electron-equation(s) , 1 hole-equation(s) ) 
using Bank/Rose nonlinear solver.

Iteration   |Rhs|      factor     |step|     error   #inner  #iterative  time
------------------------------------------------------------------------------
    0      3.26e+03                                                      0.07
    1      8.59e-03   1.00e+00   5.36e-07   3.95e-03    0         1      0.16
Finished, because...
Error smaller than 1 ( 3.9549E-03 ).

Accumulated times:
Assembly time:        0.14 s
Solve time:      0.02 s
Total time:      0.16 s

contact        voltage     electron current    hole current     total current
 drain_conta  5.000E-02       2.181E-05         9.215E-23        2.181E-05
 gate_contac  1.000E+00       1.043E-11         0.000E+00        1.043E-11
 source_cont  0.000E+00      -2.181E-05        -9.136E-23       -2.181E-05


Computing BE-step from 8.4000e-08 s to 8.5000e-08 s (Stepsize: 1.0000e-09 s)
Extrapolating values for t = 8.5000e-08 ... done.
Computing Coupled( 1 poisson-equation(s) , 1 current-contact-equation(s) , 
                   1 electron-equation(s) , 1 hole-equation(s) ) 
using Bank/Rose nonlinear solver.

Iteration   |Rhs|      factor     |step|     error   #inner  #iterative  time
------------------------------------------------------------------------------
    0      8.68e+03                                                      0.05
    1      9.88e-03   1.00e+00   1.43e-06   1.05e-02    0         1      0.13
Finished, because...
Error smaller than 1 ( 1.0546E-02 ).

Accumulated times:
Assembly time:        0.11 s
Solve time:      0.02 s
Total time:      0.13 s

contact        voltage     electron current    hole current     total current
 drain_conta  5.000E-02       2.181E-05         9.215E-23        2.181E-05
 gate_contac  1.000E+00       1.042E-11         0.000E+00        1.042E-11
 source_cont  0.000E+00      -2.181E-05        -9.136E-23       -2.181E-05


Computing BE-step from 8.5000e-08 s to 8.6000e-08 s (Stepsize: 1.0000e-09 s)
Extrapolating values for t = 8.6000e-08 ... done.
Computing Coupled( 1 poisson-equation(s) , 1 current-contact-equation(s) , 
                   1 electron-equation(s) , 1 hole-equation(s) ) 
using Bank/Rose nonlinear solver.

Iteration   |Rhs|      factor     |step|     error   #inner  #iterative  time
------------------------------------------------------------------------------
    0      3.25e+03                                                      0.06
    1      9.34e-03   1.00e+00   5.36e-07   3.95e-03    0         1      0.15
Finished, because...
Error smaller than 1 ( 3.9539E-03 ).

Accumulated times:
Assembly time:        0.14 s
Solve time:      0.01 s
Total time:      0.15 s

contact        voltage     electron current    hole current     total current
 drain_conta  5.000E-02       2.181E-05         9.214E-23        2.181E-05
 gate_contac  1.000E+00       1.041E-11         0.000E+00        1.041E-11
 source_cont  0.000E+00      -2.181E-05        -9.136E-23       -2.181E-05


Computing BE-step from 8.6000e-08 s to 8.7000e-08 s (Stepsize: 1.0000e-09 s)
Extrapolating values for t = 8.7000e-08 ... done.
Computing Coupled( 1 poisson-equation(s) , 1 current-contact-equation(s) , 
                   1 electron-equation(s) , 1 hole-equation(s) ) 
using Bank/Rose nonlinear solver.

Iteration   |Rhs|      factor     |step|     error   #inner  #iterative  time
------------------------------------------------------------------------------
    0      8.66e+03                                                      0.05
    1      8.55e-03   1.00e+00   1.43e-06   1.05e-02    0         1      0.15
Finished, because...
Error smaller than 1 ( 1.0543E-02 ).

Accumulated times:
Assembly time:        0.13 s
Solve time:      0.02 s
Total time:      0.15 s

contact        voltage     electron current    hole current     total current
 drain_conta  5.000E-02       2.181E-05         9.214E-23        2.181E-05
 gate_contac  1.000E+00       1.041E-11         0.000E+00        1.041E-11
 source_cont  0.000E+00      -2.181E-05        -9.136E-23       -2.181E-05


Computing BE-step from 8.7000e-08 s to 8.8000e-08 s (Stepsize: 1.0000e-09 s)
Extrapolating values for t = 8.8000e-08 ... done.
Computing Coupled( 1 poisson-equation(s) , 1 current-contact-equation(s) , 
                   1 electron-equation(s) , 1 hole-equation(s) ) 
using Bank/Rose nonlinear solver.

Iteration   |Rhs|      factor     |step|     error   #inner  #iterative  time
------------------------------------------------------------------------------
    0      3.24e+03                                                      0.07
    1      9.71e-03   1.00e+00   5.36e-07   3.95e-03    0         1      0.14
Finished, because...
Error smaller than 1 ( 3.9528E-03 ).

Accumulated times:
Assembly time:        0.12 s
Solve time:      0.02 s
Total time:      0.14 s

contact        voltage     electron current    hole current     total current
 drain_conta  5.000E-02       2.181E-05         9.214E-23        2.181E-05
 gate_contac  1.000E+00       1.040E-11         0.000E+00        1.040E-11
 source_cont  0.000E+00      -2.181E-05        -9.136E-23       -2.181E-05


Computing BE-step from 8.8000e-08 s to 8.9000e-08 s (Stepsize: 1.0000e-09 s)
Extrapolating values for t = 8.9000e-08 ... done.
Computing Coupled( 1 poisson-equation(s) , 1 current-contact-equation(s) , 
                   1 electron-equation(s) , 1 hole-equation(s) ) 
using Bank/Rose nonlinear solver.

Iteration   |Rhs|      factor     |step|     error   #inner  #iterative  time
------------------------------------------------------------------------------
    0      8.63e+03                                                      0.04
    1      8.83e-03   1.00e+00   1.43e-06   1.05e-02    0         1      0.10
Finished, because...
Error smaller than 1 ( 1.0540E-02 ).

Accumulated times:
Assembly time:        0.09 s
Solve time:      0.01 s
Total time:      0.10 s

contact        voltage     electron current    hole current     total current
 drain_conta  5.000E-02       2.181E-05         9.214E-23        2.181E-05
 gate_contac  1.000E+00       1.039E-11         0.000E+00        1.039E-11
 source_cont  0.000E+00      -2.181E-05        -9.135E-23       -2.181E-05


Computing BE-step from 8.9000e-08 s to 9.0000e-08 s (Stepsize: 1.0000e-09 s)
Extrapolating values for t = 9.0000e-08 ... done.
Computing Coupled( 1 poisson-equation(s) , 1 current-contact-equation(s) , 
                   1 electron-equation(s) , 1 hole-equation(s) ) 
using Bank/Rose nonlinear solver.

Iteration   |Rhs|      factor     |step|     error   #inner  #iterative  time
------------------------------------------------------------------------------
    0      3.23e+03                                                      0.04
    1      8.83e-03   1.00e+00   5.36e-07   3.95e-03    0         1      0.10
Finished, because...
Error smaller than 1 ( 3.9518E-03 ).

Accumulated times:
Assembly time:        0.09 s
Solve time:      0.01 s
Total time:      0.10 s

contact        voltage     electron current    hole current     total current
 drain_conta  5.000E-02       2.181E-05         9.214E-23        2.181E-05
 gate_contac  1.000E+00       1.038E-11         0.000E+00        1.038E-11
 source_cont  0.000E+00      -2.181E-05        -9.135E-23       -2.181E-05


Computing BE-step from 9.0000e-08 s to 9.1000e-08 s (Stepsize: 1.0000e-09 s)
Extrapolating values for t = 9.1000e-08 ... done.
Computing Coupled( 1 poisson-equation(s) , 1 current-contact-equation(s) , 
                   1 electron-equation(s) , 1 hole-equation(s) ) 
using Bank/Rose nonlinear solver.

Iteration   |Rhs|      factor     |step|     error   #inner  #iterative  time
------------------------------------------------------------------------------
    0      8.61e+03                                                      0.04
    1      1.07e-02   1.00e+00   1.43e-06   1.05e-02    0         1      0.10
Finished, because...
Error smaller than 1 ( 1.0538E-02 ).

Accumulated times:
Assembly time:        0.09 s
Solve time:      0.01 s
Total time:      0.10 s

contact        voltage     electron current    hole current     total current
 drain_conta  5.000E-02       2.181E-05         9.214E-23        2.181E-05
 gate_contac  1.000E+00       1.038E-11         0.000E+00        1.038E-11
 source_cont  0.000E+00      -2.181E-05        -9.135E-23       -2.181E-05


Computing BE-step from 9.1000e-08 s to 9.2000e-08 s (Stepsize: 1.0000e-09 s)
Extrapolating values for t = 9.2000e-08 ... done.
Computing Coupled( 1 poisson-equation(s) , 1 current-contact-equation(s) , 
                   1 electron-equation(s) , 1 hole-equation(s) ) 
using Bank/Rose nonlinear solver.

Iteration   |Rhs|      factor     |step|     error   #inner  #iterative  time
------------------------------------------------------------------------------
    0      3.22e+03                                                      0.04
    1      9.14e-03   1.00e+00   5.37e-07   3.95e-03    0         1      0.10
Finished, because...
Error smaller than 1 ( 3.9507E-03 ).

Accumulated times:
Assembly time:        0.09 s
Solve time:      0.01 s
Total time:      0.10 s

contact        voltage     electron current    hole current     total current
 drain_conta  5.000E-02       2.182E-05         9.214E-23        2.182E-05
 gate_contac  1.000E+00       1.037E-11         0.000E+00        1.037E-11
 source_cont  0.000E+00      -2.182E-05        -9.135E-23       -2.182E-05


Computing BE-step from 9.2000e-08 s to 9.3000e-08 s (Stepsize: 1.0000e-09 s)
Extrapolating values for t = 9.3000e-08 ... done.
Computing Coupled( 1 poisson-equation(s) , 1 current-contact-equation(s) , 
                   1 electron-equation(s) , 1 hole-equation(s) ) 
using Bank/Rose nonlinear solver.

Iteration   |Rhs|      factor     |step|     error   #inner  #iterative  time
------------------------------------------------------------------------------
    0      8.58e+03                                                      0.04
    1      9.82e-03   1.00e+00   1.43e-06   1.05e-02    0         1      0.11
Finished, because...
Error smaller than 1 ( 1.0535E-02 ).

Accumulated times:
Assembly time:        0.10 s
Solve time:      0.01 s
Total time:      0.11 s

contact        voltage     electron current    hole current     total current
 drain_conta  5.000E-02       2.182E-05         9.213E-23        2.182E-05
 gate_contac  1.000E+00       1.036E-11         0.000E+00        1.036E-11
 source_cont  0.000E+00      -2.182E-05        -9.135E-23       -2.182E-05


Computing BE-step from 9.3000e-08 s to 9.4000e-08 s (Stepsize: 1.0000e-09 s)
Extrapolating values for t = 9.4000e-08 ... done.
Computing Coupled( 1 poisson-equation(s) , 1 current-contact-equation(s) , 
                   1 electron-equation(s) , 1 hole-equation(s) ) 
using Bank/Rose nonlinear solver.

Iteration   |Rhs|      factor     |step|     error   #inner  #iterative  time
------------------------------------------------------------------------------
    0      3.21e+03                                                      0.07
    1      6.97e-03   1.00e+00   5.37e-07   3.95e-03    0         1      0.14
Finished, because...
Error smaller than 1 ( 3.9496E-03 ).

Accumulated times:
Assembly time:        0.12 s
Solve time:      0.02 s
Total time:      0.14 s

contact        voltage     electron current    hole current     total current
 drain_conta  5.000E-02       2.182E-05         9.213E-23        2.182E-05
 gate_contac  1.000E+00       1.035E-11         0.000E+00        1.035E-11
 source_cont  0.000E+00      -2.182E-05        -9.135E-23       -2.182E-05


Computing BE-step from 9.4000e-08 s to 9.5000e-08 s (Stepsize: 1.0000e-09 s)
Extrapolating values for t = 9.5000e-08 ... done.
Computing Coupled( 1 poisson-equation(s) , 1 current-contact-equation(s) , 
                   1 electron-equation(s) , 1 hole-equation(s) ) 
using Bank/Rose nonlinear solver.

Iteration   |Rhs|      factor     |step|     error   #inner  #iterative  time
------------------------------------------------------------------------------
    0      8.56e+03                                                      0.04
    1      8.61e-03   1.00e+00   1.43e-06   1.05e-02    0         1      0.10
Finished, because...
Error smaller than 1 ( 1.0532E-02 ).

Accumulated times:
Assembly time:        0.09 s
Solve time:      0.01 s
Total time:      0.10 s

contact        voltage     electron current    hole current     total current
 drain_conta  5.000E-02       2.182E-05         9.213E-23        2.182E-05
 gate_contac  1.000E+00       1.034E-11         0.000E+00        1.034E-11
 source_cont  0.000E+00      -2.182E-05        -9.135E-23       -2.182E-05


Computing BE-step from 9.5000e-08 s to 9.6000e-08 s (Stepsize: 1.0000e-09 s)
Extrapolating values for t = 9.6000e-08 ... done.
Computing Coupled( 1 poisson-equation(s) , 1 current-contact-equation(s) , 
                   1 electron-equation(s) , 1 hole-equation(s) ) 
using Bank/Rose nonlinear solver.

Iteration   |Rhs|      factor     |step|     error   #inner  #iterative  time
------------------------------------------------------------------------------
    0      3.20e+03                                                      0.05
    1      1.13e-02   1.00e+00   5.37e-07   3.95e-03    0         1      0.14
Finished, because...
Error smaller than 1 ( 3.9484E-03 ).

Accumulated times:
Assembly time:        0.12 s
Solve time:      0.02 s
Total time:      0.14 s

contact        voltage     electron current    hole current     total current
 drain_conta  5.000E-02       2.182E-05         9.213E-23        2.182E-05
 gate_contac  1.000E+00       1.034E-11         0.000E+00        1.034E-11
 source_cont  0.000E+00      -2.182E-05        -9.134E-23       -2.182E-05


Computing BE-step from 9.6000e-08 s to 9.7000e-08 s (Stepsize: 1.0000e-09 s)
Extrapolating values for t = 9.7000e-08 ... done.
Computing Coupled( 1 poisson-equation(s) , 1 current-contact-equation(s) , 
                   1 electron-equation(s) , 1 hole-equation(s) ) 
using Bank/Rose nonlinear solver.

Iteration   |Rhs|      factor     |step|     error   #inner  #iterative  time
------------------------------------------------------------------------------
    0      8.53e+03                                                      0.04
    1      9.70e-03   1.00e+00   1.43e-06   1.05e-02    0         1      0.11
Finished, because...
Error smaller than 1 ( 1.0529E-02 ).

Accumulated times:
Assembly time:        0.09 s
Solve time:      0.01 s
Total time:      0.11 s

contact        voltage     electron current    hole current     total current
 drain_conta  5.000E-02       2.182E-05         9.213E-23        2.182E-05
 gate_contac  1.000E+00       1.033E-11         0.000E+00        1.033E-11
 source_cont  0.000E+00      -2.182E-05        -9.134E-23       -2.182E-05


Computing BE-step from 9.7000e-08 s to 9.8000e-08 s (Stepsize: 1.0000e-09 s)
Extrapolating values for t = 9.8000e-08 ... done.
Computing Coupled( 1 poisson-equation(s) , 1 current-contact-equation(s) , 
                   1 electron-equation(s) , 1 hole-equation(s) ) 
using Bank/Rose nonlinear solver.

Iteration   |Rhs|      factor     |step|     error   #inner  #iterative  time
------------------------------------------------------------------------------
    0      3.19e+03                                                      0.04
    1      9.91e-03   1.00e+00   5.37e-07   3.95e-03    0         1      0.10
Finished, because...
Error smaller than 1 ( 3.9472E-03 ).

Accumulated times:
Assembly time:        0.09 s
Solve time:      0.01 s
Total time:      0.10 s

contact        voltage     electron current    hole current     total current
 drain_conta  5.000E-02       2.182E-05         9.213E-23        2.182E-05
 gate_contac  1.000E+00       1.032E-11         0.000E+00        1.032E-11
 source_cont  0.000E+00      -2.182E-05        -9.134E-23       -2.182E-05


Computing BE-step from 9.8000e-08 s to 9.9000e-08 s (Stepsize: 1.0000e-09 s)
Extrapolating values for t = 9.9000e-08 ... done.
Computing Coupled( 1 poisson-equation(s) , 1 current-contact-equation(s) , 
                   1 electron-equation(s) , 1 hole-equation(s) ) 
using Bank/Rose nonlinear solver.

Iteration   |Rhs|      factor     |step|     error   #inner  #iterative  time
------------------------------------------------------------------------------
    0      8.51e+03                                                      0.04
    1      9.53e-03   1.00e+00   1.43e-06   1.05e-02    0         1      0.10
Finished, because...
Error smaller than 1 ( 1.0525E-02 ).

Accumulated times:
Assembly time:        0.09 s
Solve time:      0.01 s
Total time:      0.10 s

contact        voltage     electron current    hole current     total current
 drain_conta  5.000E-02       2.182E-05         9.213E-23        2.182E-05
 gate_contac  1.000E+00       1.031E-11         0.000E+00        1.031E-11
 source_cont  0.000E+00      -2.182E-05        -9.134E-23       -2.182E-05


Computing BE-step from 9.9000e-08 s to 1.0000e-07 s (Stepsize: 1.0000e-09 s)
Extrapolating values for t = 1.0000e-07 ... done.
Computing Coupled( 1 poisson-equation(s) , 1 current-contact-equation(s) , 
                   1 electron-equation(s) , 1 hole-equation(s) ) 
using Bank/Rose nonlinear solver.

Iteration   |Rhs|      factor     |step|     error   #inner  #iterative  time
------------------------------------------------------------------------------
    0      3.18e+03                                                      0.04
    1      8.49e-03   1.00e+00   5.37e-07   3.95e-03    0         1      0.10
Finished, because...
Error smaller than 1 ( 3.9460E-03 ).

Accumulated times:
Assembly time:        0.09 s
Solve time:      0.01 s
Total time:      0.10 s

contact        voltage     electron current    hole current     total current
 drain_conta  5.000E-02       2.182E-05         9.213E-23        2.182E-05
 gate_contac  1.000E+00       1.031E-11         0.000E+00        1.031E-11
 source_cont  0.000E+00      -2.182E-05        -9.134E-23       -2.182E-05


Computing BE-step from 1.0000e-07 s to 1.0100e-07 s (Stepsize: 1.0000e-09 s)
Extrapolating values for t = 1.0100e-07 ... done.
Computing Coupled( 1 poisson-equation(s) , 1 current-contact-equation(s) , 
                   1 electron-equation(s) , 1 hole-equation(s) ) 
using Bank/Rose nonlinear solver.

Iteration   |Rhs|      factor     |step|     error   #inner  #iterative  time
------------------------------------------------------------------------------
    0      8.48e+03                                                      0.03
    1      1.04e-02   1.00e+00   1.43e-06   1.05e-02    0         1      0.10
Finished, because...
Error smaller than 1 ( 1.0522E-02 ).

Accumulated times:
Assembly time:        0.09 s
Solve time:      0.01 s
Total time:      0.10 s

contact        voltage     electron current    hole current     total current
 drain_conta  5.000E-02       2.182E-05         9.212E-23        2.182E-05
 gate_contac  1.000E+00       1.030E-11         0.000E+00        1.030E-11
 source_cont  0.000E+00      -2.182E-05        -9.134E-23       -2.182E-05


Computing BE-step from 1.0100e-07 s to 1.0200e-07 s (Stepsize: 1.0000e-09 s)
Extrapolating values for t = 1.0200e-07 ... done.
Computing Coupled( 1 poisson-equation(s) , 1 current-contact-equation(s) , 
                   1 electron-equation(s) , 1 hole-equation(s) ) 
using Bank/Rose nonlinear solver.

Iteration   |Rhs|      factor     |step|     error   #inner  #iterative  time
------------------------------------------------------------------------------
    0      3.17e+03                                                      0.05
    1      1.01e-02   1.00e+00   5.37e-07   3.94e-03    0         1      0.10
Finished, because...
Error smaller than 1 ( 3.9448E-03 ).

Accumulated times:
Assembly time:        0.09 s
Solve time:      0.01 s
Total time:      0.11 s

contact        voltage     electron current    hole current     total current
 drain_conta  5.000E-02       2.182E-05         9.212E-23        2.182E-05
 gate_contac  1.000E+00       1.029E-11         0.000E+00        1.029E-11
 source_cont  0.000E+00      -2.182E-05        -9.134E-23       -2.182E-05


Computing BE-step from 1.0200e-07 s to 1.0300e-07 s (Stepsize: 1.0000e-09 s)
Extrapolating values for t = 1.0300e-07 ... done.
Computing Coupled( 1 poisson-equation(s) , 1 current-contact-equation(s) , 
                   1 electron-equation(s) , 1 hole-equation(s) ) 
using Bank/Rose nonlinear solver.

Iteration   |Rhs|      factor     |step|     error   #inner  #iterative  time
------------------------------------------------------------------------------
    0      8.46e+03                                                      0.04
    1      1.10e-02   1.00e+00   1.43e-06   1.05e-02    0         1      0.10
Finished, because...
Error smaller than 1 ( 1.0519E-02 ).

Accumulated times:
Assembly time:        0.08 s
Solve time:      0.01 s
Total time:      0.10 s

contact        voltage     electron current    hole current     total current
 drain_conta  5.000E-02       2.182E-05         9.212E-23        2.182E-05
 gate_contac  1.000E+00       1.028E-11         0.000E+00        1.028E-11
 source_cont  0.000E+00      -2.182E-05        -9.133E-23       -2.182E-05



Finished, because...
Curve trace finished.


===============================
Starting solve of next problem:
Transient (
      Max. #iterations : 50, 
      Initial step : 1.0000e-12 s,       Minimum step : 1.0000e-16 s, Maximum step : 5.0000e-11 s, 
      Initial time : 1.0300e-07 s, Final time : 1.0400e-07 s, 
      Goal values :
        Contact gate_contact : 0.0000e+00V
    )
  {
    Coupled ( Digits : 5, Max. #iterations : 100, 
        Solver : blocked decomposition,
        #undamped iterations : 100 
        )
        { Poisson Electron Hole } 
    CurrentPlot (
         Time (fixed times:
             1.0300e-07 1.0302e-07 1.0304e-07 1.0306e-07 1.0308e-07
             1.0310e-07 1.0312e-07 1.0314e-07 1.0316e-07 1.0318e-07
             1.0320e-07 1.0322e-07 1.0324e-07 1.0326e-07 1.0328e-07
             1.0330e-07 1.0332e-07 1.0334e-07 1.0336e-07 1.0338e-07
             1.0340e-07 1.0342e-07 1.0344e-07 1.0346e-07 1.0348e-07
             1.0350e-07 1.0352e-07 1.0354e-07 1.0356e-07 1.0358e-07
             1.0360e-07 1.0362e-07 1.0364e-07 1.0366e-07 1.0368e-07
             1.0370e-07 1.0372e-07 1.0374e-07 1.0376e-07 1.0378e-07
             1.0380e-07 1.0382e-07 1.0384e-07 1.0386e-07 1.0388e-07
             1.0390e-07 1.0392e-07 1.0394e-07 1.0396e-07 1.0398e-07
             1.0400e-07) )
      { }
  }
===============================

contact        voltage     electron current    hole current     total current
 drain_conta  5.000E-02       2.182E-05         9.212E-23        2.182E-05
 gate_contac  1.000E+00       1.028E-11         0.000E+00        1.028E-11
 source_cont  0.000E+00      -2.182E-05        -9.133E-23       -2.182E-05

Reusing extrapolation from a previous transient

Computing BE-step from 1.0300e-07 s to 1.0300e-07 s (Stepsize: 1.0000e-12 s)
Extrapolating values for t = 1.0300e-07 ... done.
Computing Coupled( 1 poisson-equation(s) , 1 current-contact-equation(s) , 
                   1 electron-equation(s) , 1 hole-equation(s) ) 
using Bank/Rose nonlinear solver.

Iteration   |Rhs|      factor     |step|     error   #inner  #iterative  time
------------------------------------------------------------------------------
    0      2.15e+10                                                      0.06
    1      1.31e+05   1.00e+00   1.23e-02   5.15e+01    0         1      0.18
    2      2.47e-02   1.00e+00   8.74e-07   7.10e-03    0         1      0.27
Finished, because...
Error smaller than 1 ( 7.0981E-03 ).

Accumulated times:
Assembly time:        0.21 s
Solve time:      0.06 s
Total time:      0.27 s

contact        voltage     electron current    hole current     total current
 drain_conta  5.000E-02       2.188E-05         9.254E-23        2.188E-05
 gate_contac  9.990E-01      -1.358E-07         0.000E+00       -1.358E-07
 source_cont  0.000E+00      -2.175E-05        -9.089E-23       -2.175E-05


Computing BE-step from 1.0300e-07 s to 1.0300e-07 s (Stepsize: 1.4000e-12 s)
Extrapolating values for t = 1.0300e-07 ... done.
Computing Coupled( 1 poisson-equation(s) , 1 current-contact-equation(s) , 
                   1 electron-equation(s) , 1 hole-equation(s) ) 
using Bank/Rose nonlinear solver.

Iteration   |Rhs|      factor     |step|     error   #inner  #iterative  time
------------------------------------------------------------------------------
    0      6.32e+05                                                      0.06
    1      7.29e+02   1.00e+00   1.14e-03   5.61e+00    0         1      0.15
    2      1.00e-02   1.00e+00   1.81e-08   6.19e-05    0         1      0.25
Finished, because...
Error smaller than 1 ( 6.1906E-05 ).

Accumulated times:
Assembly time:        0.21 s
Solve time:      0.04 s
Total time:      0.25 s

contact        voltage     electron current    hole current     total current
 drain_conta  5.000E-02       2.187E-05         9.248E-23        2.187E-05
 gate_contac  9.976E-01      -1.422E-07         0.000E+00       -1.422E-07
 source_cont  0.000E+00      -2.173E-05        -9.092E-23       -2.173E-05


Computing BE-step from 1.0300e-07 s to 1.0300e-07 s (Stepsize: 1.9600e-12 s)
Extrapolating values for t = 1.0300e-07 ... done.
Computing Coupled( 1 poisson-equation(s) , 1 current-contact-equation(s) , 
                   1 electron-equation(s) , 1 hole-equation(s) ) 
using Bank/Rose nonlinear solver.

Iteration   |Rhs|      factor     |step|     error   #inner  #iterative  time
------------------------------------------------------------------------------
    0      1.26e+06                                                      0.06
    1      4.46e+00   1.00e+00   6.77e-05   3.72e-01    0         1      0.15
Finished, because...
Error smaller than 1 ( 3.7248E-01 ).

Accumulated times:
Assembly time:        0.13 s
Solve time:      0.02 s
Total time:      0.15 s

contact        voltage     electron current    hole current     total current
 drain_conta  5.000E-02       2.186E-05         9.242E-23        2.186E-05
 gate_contac  9.956E-01      -1.424E-07         0.000E+00       -1.424E-07
 source_cont  0.000E+00      -2.172E-05        -9.099E-23       -2.172E-05


Computing BE-step from 1.0300e-07 s to 1.0301e-07 s (Stepsize: 2.7440e-12 s)
Extrapolating values for t = 1.0301e-07 ... done.
Computing Coupled( 1 poisson-equation(s) , 1 current-contact-equation(s) , 
                   1 electron-equation(s) , 1 hole-equation(s) ) 
using Bank/Rose nonlinear solver.

Iteration   |Rhs|      factor     |step|     error   #inner  #iterative  time
------------------------------------------------------------------------------
    0      2.47e+06                                                      0.05
    1      2.26e+01   1.00e+00   4.04e-05   3.12e-01    0         1      0.11
Finished, because...
Error smaller than 1 ( 3.1237E-01 ).

Accumulated times:
Assembly time:        0.10 s
Solve time:      0.01 s
Total time:      0.11 s

contact        voltage     electron current    hole current     total current
 drain_conta  5.000E-02       2.184E-05         9.239E-23        2.184E-05
 gate_contac  9.929E-01      -1.424E-07         0.000E+00       -1.424E-07
 source_cont  0.000E+00      -2.170E-05        -9.108E-23       -2.170E-05


Computing BE-step from 1.0301e-07 s to 1.0301e-07 s (Stepsize: 3.8416e-12 s)
Extrapolating values for t = 1.0301e-07 ... done.
Computing Coupled( 1 poisson-equation(s) , 1 current-contact-equation(s) , 
                   1 electron-equation(s) , 1 hole-equation(s) ) 
using Bank/Rose nonlinear solver.

Iteration   |Rhs|      factor     |step|     error   #inner  #iterative  time
------------------------------------------------------------------------------
    0      4.83e+06                                                      0.03
    1      8.72e+01   1.00e+00   4.53e-05   6.08e-01    0         1      0.09
Finished, because...
Error smaller than 1 ( 6.0774E-01 ).

Accumulated times:
Assembly time:        0.07 s
Solve time:      0.01 s
Total time:      0.09 s

contact        voltage     electron current    hole current     total current
 drain_conta  5.000E-02       2.181E-05         9.241E-23        2.181E-05
 gate_contac  9.891E-01      -1.424E-07         0.000E+00       -1.424E-07
 source_cont  0.000E+00      -2.167E-05        -9.119E-23       -2.167E-05


Computing BE-step from 1.0301e-07 s to 1.0302e-07 s (Stepsize: 5.3782e-12 s)
Extrapolating values for t = 1.0302e-07 ... done.
Computing Coupled( 1 poisson-equation(s) , 1 current-contact-equation(s) , 
                   1 electron-equation(s) , 1 hole-equation(s) ) 
using Bank/Rose nonlinear solver.

Iteration   |Rhs|      factor     |step|     error   #inner  #iterative  time
------------------------------------------------------------------------------
    0      9.44e+06                                                      0.05
    1      3.36e+02   1.00e+00   4.68e-05   1.20e+00    0         1      0.15
    2      9.92e-03   1.00e+00   7.76e-10   5.91e-06    0         1      0.24
Finished, because...
Error smaller than 1 ( 5.9149E-06 ).

Accumulated times:
Assembly time:        0.20 s
Solve time:      0.04 s
Total time:      0.24 s

contact        voltage     electron current    hole current     total current
 drain_conta  5.000E-02       2.177E-05         9.248E-23        2.177E-05
 gate_contac  9.837E-01      -1.423E-07         0.000E+00       -1.423E-07
 source_cont  0.000E+00      -2.163E-05        -9.133E-23       -2.163E-05


Computing BE-step from 1.0302e-07 s to 1.0302e-07 s (Stepsize: 3.6762e-12 s)
Extrapolating values for t = 1.0302e-07 ... done.
Computing Coupled( 1 poisson-equation(s) , 1 current-contact-equation(s) , 
                   1 electron-equation(s) , 1 hole-equation(s) ) 
using Bank/Rose nonlinear solver.

Iteration   |Rhs|      factor     |step|     error   #inner  #iterative  time
------------------------------------------------------------------------------
    0      6.35e+06                                                      0.06
    1      1.53e+02   1.00e+00   1.80e-05   8.15e-01    0         1      0.15
Finished, because...
Error smaller than 1 ( 8.1474E-01 ).

Accumulated times:
Assembly time:        0.13 s
Solve time:      0.02 s
Total time:      0.15 s

contact        voltage     electron current    hole current     total current
 drain_conta  5.000E-02       2.174E-05         9.254E-23        2.174E-05
 gate_contac  9.800E-01      -1.423E-07         0.000E+00       -1.423E-07
 source_cont  0.000E+00      -2.160E-05        -9.142E-23       -2.160E-05


Computing BE-step from 1.0302e-07 s to 1.0303e-07 s (Stepsize: 7.5295e-12 s)
Extrapolating values for t = 1.0303e-07 ... done.
Computing Coupled( 1 poisson-equation(s) , 1 current-contact-equation(s) , 
                   1 electron-equation(s) , 1 hole-equation(s) ) 
using Bank/Rose nonlinear solver.

Iteration   |Rhs|      factor     |step|     error   #inner  #iterative  time
------------------------------------------------------------------------------
    0      3.51e+07                                                      0.06
    1      4.72e+03   1.00e+00   9.53e-05   4.57e+00    0         1      0.15
    2      1.00e-02   1.00e+00   2.99e-09   8.44e-05    0         1      0.21
Finished, because...
Error smaller than 1 ( 8.4428E-05 ).

Accumulated times:
Assembly time:        0.18 s
Solve time:      0.03 s
Total time:      0.21 s

contact        voltage     electron current    hole current     total current
 drain_conta  5.000E-02       2.168E-05         9.267E-23        2.168E-05
 gate_contac  9.725E-01      -1.423E-07         0.000E+00       -1.423E-07
 source_cont  0.000E+00      -2.154E-05        -9.158E-23       -2.154E-05


Computing BE-step from 1.0303e-07 s to 1.0304e-07 s (Stepsize: 1.0541e-11 s)
Extrapolating values for t = 1.0304e-07 ... done.
Computing Coupled( 1 poisson-equation(s) , 1 current-contact-equation(s) , 
                   1 electron-equation(s) , 1 hole-equation(s) ) 
using Bank/Rose nonlinear solver.

Iteration   |Rhs|      factor     |step|     error   #inner  #iterative  time
------------------------------------------------------------------------------
    0      4.31e+07                                                      0.05
    1      7.28e+03   1.00e+00   1.11e-04   5.76e+00    0         1      0.12
    2      9.88e-03   1.00e+00   4.10e-09   1.32e-04    0         1      0.20
Finished, because...
Error smaller than 1 ( 1.3207E-04 ).

Accumulated times:
Assembly time:        0.16 s
Solve time:      0.02 s
Total time:      0.20 s

contact        voltage     electron current    hole current     total current
 drain_conta  5.000E-02       2.160E-05         9.287E-23        2.160E-05
 gate_contac  9.619E-01      -1.422E-07         0.000E+00       -1.422E-07
 source_cont  0.000E+00      -2.146E-05        -9.179E-23       -2.146E-05


Computing BE-step from 1.0304e-07 s to 1.0304e-07 s (Stepsize: 1.9291e-12 s)
Extrapolating values for t = 1.0304e-07 ... done.
Computing Coupled( 1 poisson-equation(s) , 1 current-contact-equation(s) , 
                   1 electron-equation(s) , 1 hole-equation(s) ) 
using Bank/Rose nonlinear solver.

Iteration   |Rhs|      factor     |step|     error   #inner  #iterative  time
------------------------------------------------------------------------------
    0      4.59e+06                                                      0.05
    1      8.28e+01   1.00e+00   1.20e-05   6.16e-01    0         1      0.15
Finished, because...
Error smaller than 1 ( 6.1611E-01 ).

Accumulated times:
Assembly time:        0.13 s
Solve time:      0.02 s
Total time:      0.15 s

contact        voltage     electron current    hole current     total current
 drain_conta  5.000E-02       2.158E-05         9.291E-23        2.158E-05
 gate_contac  9.600E-01      -1.422E-07         0.000E+00       -1.422E-07
 source_cont  0.000E+00      -2.144E-05        -9.183E-23       -2.144E-05


Computing BE-step from 1.0304e-07 s to 1.0305e-07 s (Stepsize: 1.4758e-11 s)
Extrapolating values for t = 1.0305e-07 ... done.
Computing Coupled( 1 poisson-equation(s) , 1 current-contact-equation(s) , 
                   1 electron-equation(s) , 1 hole-equation(s) ) 
using Bank/Rose nonlinear solver.

Iteration   |Rhs|      factor     |step|     error   #inner  #iterative  time
------------------------------------------------------------------------------
    0      8.48e+07                                                      0.06
    1      2.89e+04   1.00e+00   2.36e-04   1.18e+01    0         1      0.14
    2      1.08e-02   1.00e+00   2.44e-08   5.38e-04    0         1      0.22
Finished, because...
Error smaller than 1 ( 5.3823E-04 ).

Accumulated times:
Assembly time:        0.18 s
Solve time:      0.04 s
Total time:      0.22 s

contact        voltage     electron current    hole current     total current
 drain_conta  5.000E-02       2.147E-05         9.320E-23        2.147E-05
 gate_contac  9.452E-01      -1.421E-07         0.000E+00       -1.421E-07
 source_cont  0.000E+00      -2.132E-05        -9.213E-23       -2.132E-05


Computing BE-step from 1.0305e-07 s to 1.0306e-07 s (Stepsize: 5.2421e-12 s)
Extrapolating values for t = 1.0306e-07 ... done.
Computing Coupled( 1 poisson-equation(s) , 1 current-contact-equation(s) , 
                   1 electron-equation(s) , 1 hole-equation(s) ) 
using Bank/Rose nonlinear solver.

Iteration   |Rhs|      factor     |step|     error   #inner  #iterative  time
------------------------------------------------------------------------------
    0      2.17e+07                                                      0.04
    1      1.92e+03   1.00e+00   6.08e-05   3.05e+00    0         1      0.13
    2      1.04e-02   1.00e+00   1.55e-09   3.60e-05    0         1      0.21
Finished, because...
Error smaller than 1 ( 3.6000E-05 ).

Accumulated times:
Assembly time:        0.19 s
Solve time:      0.02 s
Total time:      0.21 s

contact        voltage     electron current    hole current     total current
 drain_conta  5.000E-02       2.142E-05         9.330E-23        2.142E-05
 gate_contac  9.400E-01      -1.420E-07         0.000E+00       -1.420E-07
 source_cont  0.000E+00      -2.128E-05        -9.224E-23       -2.128E-05


Computing BE-step from 1.0306e-07 s to 1.0308e-07 s (Stepsize: 2.0000e-11 s)
Extrapolating values for t = 1.0308e-07 ... done.
Computing Coupled( 1 poisson-equation(s) , 1 current-contact-equation(s) , 
                   1 electron-equation(s) , 1 hole-equation(s) ) 
using Bank/Rose nonlinear solver.

Iteration   |Rhs|      factor     |step|     error   #inner  #iterative  time
------------------------------------------------------------------------------
    0      1.94e+08                                                      0.05
    1      1.58e+05   1.00e+00   5.75e-04   2.86e+01    0         1      0.13
    2      1.16e-02   1.00e+00   1.55e-07   3.06e-03    0         1      0.22
Finished, because...
Error smaller than 1 ( 3.0615E-03 ).

Accumulated times:
Assembly time:        0.18 s
Solve time:      0.04 s
Total time:      0.22 s

contact        voltage     electron current    hole current     total current
 drain_conta  5.000E-02       2.126E-05         9.371E-23        2.126E-05
 gate_contac  9.200E-01      -1.419E-07         0.000E+00       -1.419E-07
 source_cont  0.000E+00      -2.112E-05        -9.266E-23       -2.112E-05


Computing BE-step from 1.0308e-07 s to 1.0310e-07 s (Stepsize: 2.0000e-11 s)
Extrapolating values for t = 1.0310e-07 ... done.
Computing Coupled( 1 poisson-equation(s) , 1 current-contact-equation(s) , 
                   1 electron-equation(s) , 1 hole-equation(s) ) 
using Bank/Rose nonlinear solver.

Iteration   |Rhs|      factor     |step|     error   #inner  #iterative  time
------------------------------------------------------------------------------
    0      1.66e+08                                                      0.05
    1      1.20e+05   1.00e+00   5.14e-04   2.57e+01    0         1      0.12
    2      9.35e-03   1.00e+00   1.28e-07   2.40e-03    0         1      0.19
Finished, because...
Error smaller than 1 ( 2.4011E-03 ).

Accumulated times:
Assembly time:        0.16 s
Solve time:      0.03 s
Total time:      0.19 s

contact        voltage     electron current    hole current     total current
 drain_conta  5.000E-02       2.109E-05         9.414E-23        2.109E-05
 gate_contac  9.000E-01      -1.418E-07         0.000E+00       -1.418E-07
 source_cont  0.000E+00      -2.095E-05        -9.309E-23       -2.095E-05


Computing BE-step from 1.0310e-07 s to 1.0312e-07 s (Stepsize: 2.0000e-11 s)
Extrapolating values for t = 1.0312e-07 ... done.
Computing Coupled( 1 poisson-equation(s) , 1 current-contact-equation(s) , 
                   1 electron-equation(s) , 1 hole-equation(s) ) 
using Bank/Rose nonlinear solver.

Iteration   |Rhs|      factor     |step|     error   #inner  #iterative  time
------------------------------------------------------------------------------
    0      1.47e+08                                                      0.04
    1      9.76e+04   1.00e+00   4.77e-04   2.39e+01    0         1      0.12
    2      9.62e-03   1.00e+00   1.12e-07   2.03e-03    0         1      0.21
Finished, because...
Error smaller than 1 ( 2.0276E-03 ).

Accumulated times:
Assembly time:        0.17 s
Solve time:      0.04 s
Total time:      0.21 s

contact        voltage     electron current    hole current     total current
 drain_conta  5.000E-02       2.091E-05         9.458E-23        2.091E-05
 gate_contac  8.800E-01      -1.416E-07         0.000E+00       -1.416E-07
 source_cont  0.000E+00      -2.077E-05        -9.354E-23       -2.077E-05


Computing BE-step from 1.0312e-07 s to 1.0314e-07 s (Stepsize: 2.0000e-11 s)
Extrapolating values for t = 1.0314e-07 ... done.
Computing Coupled( 1 poisson-equation(s) , 1 current-contact-equation(s) , 
                   1 electron-equation(s) , 1 hole-equation(s) ) 
using Bank/Rose nonlinear solver.

Iteration   |Rhs|      factor     |step|     error   #inner  #iterative  time
------------------------------------------------------------------------------
    0      4.30e+08                                                      0.05
    1      8.48e+05   1.00e+00   1.45e-03   7.31e+01    0         1      0.13
    2      3.16e-01   1.00e+00   1.05e-06   1.83e-02    0         1      0.22
Finished, because...
Error smaller than 1 ( 1.8320E-02 ).

Accumulated times:
Assembly time:        0.18 s
Solve time:      0.04 s
Total time:      0.22 s

contact        voltage     electron current    hole current     total current
 drain_conta  5.000E-02       2.073E-05         9.503E-23        2.073E-05
 gate_contac  8.600E-01      -1.415E-07         0.000E+00       -1.415E-07
 source_cont  0.000E+00      -2.059E-05        -9.400E-23       -2.059E-05


Computing BE-step from 1.0314e-07 s to 1.0316e-07 s (Stepsize: 2.0000e-11 s)
Extrapolating values for t = 1.0316e-07 ... done.
Computing Coupled( 1 poisson-equation(s) , 1 current-contact-equation(s) , 
                   1 electron-equation(s) , 1 hole-equation(s) ) 
using Bank/Rose nonlinear solver.

Iteration   |Rhs|      factor     |step|     error   #inner  #iterative  time
------------------------------------------------------------------------------
    0      2.18e+08                                                      0.05
    1      2.26e+05   1.00e+00   7.70e-04   3.91e+01    0         1      0.14
    2      2.29e-02   1.00e+00   3.04e-07   5.08e-03    0         1      0.24
Finished, because...
Error smaller than 1 ( 5.0834E-03 ).

Accumulated times:
Assembly time:        0.20 s
Solve time:      0.04 s
Total time:      0.24 s

contact        voltage     electron current    hole current     total current
 drain_conta  5.000E-02       2.055E-05         9.551E-23        2.055E-05
 gate_contac  8.400E-01      -1.413E-07         0.000E+00       -1.413E-07
 source_cont  0.000E+00      -2.040E-05        -9.448E-23       -2.040E-05


Computing BE-step from 1.0316e-07 s to 1.0318e-07 s (Stepsize: 2.0000e-11 s)
Extrapolating values for t = 1.0318e-07 ... done.
Computing Coupled( 1 poisson-equation(s) , 1 current-contact-equation(s) , 
                   1 electron-equation(s) , 1 hole-equation(s) ) 
using Bank/Rose nonlinear solver.

Iteration   |Rhs|      factor     |step|     error   #inner  #iterative  time
------------------------------------------------------------------------------
    0      5.64e+08                                                      0.05
    1      1.54e+06   1.00e+00   2.08e-03   1.06e+02    0         1      0.13
    2      1.01e+00   1.00e+00   2.26e-06   3.63e-02    0         1      0.22
Finished, because...
Error smaller than 1 ( 3.6341E-02 ).

Accumulated times:
Assembly time:        0.19 s
Solve time:      0.03 s
Total time:      0.22 s

contact        voltage     electron current    hole current     total current
 drain_conta  5.000E-02       2.035E-05         9.600E-23        2.035E-05
 gate_contac  8.200E-01      -1.411E-07         0.000E+00       -1.411E-07
 source_cont  0.000E+00      -2.021E-05        -9.498E-23       -2.021E-05


Computing BE-step from 1.0318e-07 s to 1.0320e-07 s (Stepsize: 2.0000e-11 s)
Extrapolating values for t = 1.0320e-07 ... done.
Computing Coupled( 1 poisson-equation(s) , 1 current-contact-equation(s) , 
                   1 electron-equation(s) , 1 hole-equation(s) ) 
using Bank/Rose nonlinear solver.

Iteration   |Rhs|      factor     |step|     error   #inner  #iterative  time
------------------------------------------------------------------------------
    0      2.17e+08                                                      0.05
    1      2.39e+05   1.00e+00   8.46e-04   4.34e+01    0         1      0.13
    2      2.47e-02   1.00e+00   3.83e-07   5.90e-03    0         1      0.21
Finished, because...
Error smaller than 1 ( 5.8970E-03 ).

Accumulated times:
Assembly time:        0.17 s
Solve time:      0.04 s
Total time:      0.21 s

contact        voltage     electron current    hole current     total current
 drain_conta  5.000E-02       2.016E-05         9.652E-23        2.016E-05
 gate_contac  8.000E-01      -1.409E-07         0.000E+00       -1.409E-07
 source_cont  0.000E+00      -2.002E-05        -9.550E-23       -2.001E-05


Computing BE-step from 1.0320e-07 s to 1.0322e-07 s (Stepsize: 2.0000e-11 s)
Extrapolating values for t = 1.0322e-07 ... done.
Computing Coupled( 1 poisson-equation(s) , 1 current-contact-equation(s) , 
                   1 electron-equation(s) , 1 hole-equation(s) ) 
using Bank/Rose nonlinear solver.

Iteration   |Rhs|      factor     |step|     error   #inner  #iterative  time
------------------------------------------------------------------------------
    0      5.60e+08                                                      0.05
    1      1.63e+06   1.00e+00   2.29e-03   1.18e+02    0         1      0.13
    2      1.07e+00   1.00e+00   2.85e-06   4.23e-02    0         1      0.21
Finished, because...
Error smaller than 1 ( 4.2261E-02 ).

Accumulated times:
Assembly time:        0.17 s
Solve time:      0.04 s
Total time:      0.21 s

contact        voltage     electron current    hole current     total current
 drain_conta  5.000E-02       1.995E-05         9.705E-23        1.995E-05
 gate_contac  7.800E-01      -1.407E-07         0.000E+00       -1.407E-07
 source_cont  0.000E+00      -1.981E-05        -9.604E-23       -1.981E-05


Computing BE-step from 1.0322e-07 s to 1.0324e-07 s (Stepsize: 2.0000e-11 s)
Extrapolating values for t = 1.0324e-07 ... done.
Computing Coupled( 1 poisson-equation(s) , 1 current-contact-equation(s) , 
                   1 electron-equation(s) , 1 hole-equation(s) ) 
using Bank/Rose nonlinear solver.

Iteration   |Rhs|      factor     |step|     error   #inner  #iterative  time
------------------------------------------------------------------------------
    0      2.15e+08                                                      0.05
    1      2.51e+05   1.00e+00   9.33e-04   4.84e+01    0         1      0.13
    2      2.64e-02   1.00e+00   4.84e-07   6.92e-03    0         1      0.21
Finished, because...
Error smaller than 1 ( 6.9167E-03 ).

Accumulated times:
Assembly time:        0.17 s
Solve time:      0.03 s
Total time:      0.21 s

contact        voltage     electron current    hole current     total current
 drain_conta  5.000E-02       1.974E-05         9.761E-23        1.974E-05
 gate_contac  7.600E-01      -1.405E-07         0.000E+00       -1.405E-07
 source_cont  0.000E+00      -1.960E-05        -9.660E-23       -1.960E-05


Computing BE-step from 1.0324e-07 s to 1.0326e-07 s (Stepsize: 2.0000e-11 s)
Extrapolating values for t = 1.0326e-07 ... done.
Computing Coupled( 1 poisson-equation(s) , 1 current-contact-equation(s) , 
                   1 electron-equation(s) , 1 hole-equation(s) ) 
using Bank/Rose nonlinear solver.

Iteration   |Rhs|      factor     |step|     error   #inner  #iterative  time
------------------------------------------------------------------------------
    0      5.54e+08                                                      0.05
    1      1.70e+06   1.00e+00   2.52e-03   1.32e+02    0         1      0.13
    2      1.09e+00   1.00e+00   3.60e-06   4.98e-02    0         1      0.20
Finished, because...
Error smaller than 1 ( 4.9785E-02 ).

Accumulated times:
Assembly time:        0.17 s
Solve time:      0.02 s
Total time:      0.20 s

contact        voltage     electron current    hole current     total current
 drain_conta  5.000E-02       1.952E-05         9.820E-23        1.952E-05
 gate_contac  7.400E-01      -1.403E-07         0.000E+00       -1.403E-07
 source_cont  0.000E+00      -1.938E-05        -9.718E-23       -1.938E-05


Computing BE-step from 1.0326e-07 s to 1.0328e-07 s (Stepsize: 2.0000e-11 s)
Extrapolating values for t = 1.0328e-07 ... done.
Computing Coupled( 1 poisson-equation(s) , 1 current-contact-equation(s) , 
                   1 electron-equation(s) , 1 hole-equation(s) ) 
using Bank/Rose nonlinear solver.

Iteration   |Rhs|      factor     |step|     error   #inner  #iterative  time
------------------------------------------------------------------------------
    0      2.12e+08                                                      0.05
    1      2.62e+05   1.00e+00   1.04e-03   5.42e+01    0         1      0.12
    2      2.60e-02   1.00e+00   6.21e-07   8.24e-03    0         1      0.20
Finished, because...
Error smaller than 1 ( 8.2411E-03 ).

Accumulated times:
Assembly time:        0.17 s
Solve time:      0.02 s
Total time:      0.20 s

contact        voltage     electron current    hole current     total current
 drain_conta  5.000E-02       1.930E-05         9.881E-23        1.930E-05
 gate_contac  7.200E-01      -1.400E-07         0.000E+00       -1.400E-07
 source_cont  0.000E+00      -1.916E-05        -9.779E-23       -1.916E-05


Computing BE-step from 1.0328e-07 s to 1.0330e-07 s (Stepsize: 2.0000e-11 s)
Extrapolating values for t = 1.0330e-07 ... done.
Computing Coupled( 1 poisson-equation(s) , 1 current-contact-equation(s) , 
                   1 electron-equation(s) , 1 hole-equation(s) ) 
using Bank/Rose nonlinear solver.

Iteration   |Rhs|      factor     |step|     error   #inner  #iterative  time
------------------------------------------------------------------------------
    0      5.44e+08                                                      0.05
    1      1.76e+06   1.00e+00   2.80e-03   1.48e+02    0         1      0.12
    2      1.12e+00   1.00e+00   4.63e-06   5.97e-02    0         1      0.20
Finished, because...
Error smaller than 1 ( 5.9736E-02 ).

Accumulated times:
Assembly time:        0.18 s
Solve time:      0.02 s
Total time:      0.20 s

contact        voltage     electron current    hole current     total current
 drain_conta  5.000E-02       1.907E-05         9.945E-23        1.907E-05
 gate_contac  7.000E-01      -1.398E-07         0.000E+00       -1.398E-07
 source_cont  0.000E+00      -1.893E-05        -9.843E-23       -1.893E-05


Computing BE-step from 1.0330e-07 s to 1.0332e-07 s (Stepsize: 2.0000e-11 s)
Extrapolating values for t = 1.0332e-07 ... done.
Computing Coupled( 1 poisson-equation(s) , 1 current-contact-equation(s) , 
                   1 electron-equation(s) , 1 hole-equation(s) ) 
using Bank/Rose nonlinear solver.

Iteration   |Rhs|      factor     |step|     error   #inner  #iterative  time
------------------------------------------------------------------------------
    0      2.08e+08                                                      0.05
    1      2.71e+05   1.00e+00   1.16e-03   6.11e+01    0         1      0.12
    2      2.75e-02   1.00e+00   8.04e-07   1.00e-02    0         1      0.20
Finished, because...
Error smaller than 1 ( 1.0036E-02 ).

Accumulated times:
Assembly time:        0.17 s
Solve time:      0.02 s
Total time:      0.20 s

contact        voltage     electron current    hole current     total current
 drain_conta  5.000E-02       1.883E-05         1.001E-22        1.883E-05
 gate_contac  6.800E-01      -1.395E-07         0.000E+00       -1.395E-07
 source_cont  0.000E+00      -1.869E-05        -9.910E-23       -1.869E-05


Computing BE-step from 1.0332e-07 s to 1.0334e-07 s (Stepsize: 2.0000e-11 s)
Extrapolating values for t = 1.0334e-07 ... done.
Computing Coupled( 1 poisson-equation(s) , 1 current-contact-equation(s) , 
                   1 electron-equation(s) , 1 hole-equation(s) ) 
using Bank/Rose nonlinear solver.

Iteration   |Rhs|      factor     |step|     error   #inner  #iterative  time
------------------------------------------------------------------------------
    0      5.31e+08                                                      0.05
    1      1.81e+06   1.00e+00   3.13e-03   1.67e+02    0         1      0.13
    2      1.17e+00   1.00e+00   6.00e-06   7.35e-02    0         1      0.21
Finished, because...
Error smaller than 1 ( 7.3493E-02 ).

Accumulated times:
Assembly time:        0.17 s
Solve time:      0.03 s
Total time:      0.21 s

contact        voltage     electron current    hole current     total current
 drain_conta  5.000E-02       1.858E-05         1.008E-22        1.858E-05
 gate_contac  6.600E-01      -1.392E-07         0.000E+00       -1.392E-07
 source_cont  0.000E+00      -1.844E-05        -9.980E-23       -1.844E-05


Computing BE-step from 1.0334e-07 s to 1.0336e-07 s (Stepsize: 2.0000e-11 s)
Extrapolating values for t = 1.0336e-07 ... done.
Computing Coupled( 1 poisson-equation(s) , 1 current-contact-equation(s) , 
                   1 electron-equation(s) , 1 hole-equation(s) ) 
using Bank/Rose nonlinear solver.

Iteration   |Rhs|      factor     |step|     error   #inner  #iterative  time
------------------------------------------------------------------------------
    0      2.02e+08                                                      0.05
    1      2.78e+05   1.00e+00   1.30e-03   6.92e+01    0         1      0.13
    2      2.82e-02   1.00e+00   1.05e-06   1.26e-02    0         1      0.21
Finished, because...
Error smaller than 1 ( 1.2580E-02 ).

Accumulated times:
Assembly time:        0.17 s
Solve time:      0.04 s
Total time:      0.21 s

contact        voltage     electron current    hole current     total current
 drain_conta  5.000E-02       1.833E-05         1.016E-22        1.833E-05
 gate_contac  6.400E-01      -1.389E-07         0.000E+00       -1.389E-07
 source_cont  0.000E+00      -1.819E-05        -1.005E-22       -1.819E-05


Computing BE-step from 1.0336e-07 s to 1.0338e-07 s (Stepsize: 2.0000e-11 s)
Extrapolating values for t = 1.0338e-07 ... done.
Computing Coupled( 1 poisson-equation(s) , 1 current-contact-equation(s) , 
                   1 electron-equation(s) , 1 hole-equation(s) ) 
using Bank/Rose nonlinear solver.

Iteration   |Rhs|      factor     |step|     error   #inner  #iterative  time
------------------------------------------------------------------------------
    0      5.15e+08                                                      0.05
    1      1.84e+06   1.00e+00   3.52e-03   1.89e+02    0         1      0.13
    2      1.17e+00   1.00e+00   7.85e-06   9.33e-02    0         1      0.21
Finished, because...
Error smaller than 1 ( 9.3347E-02 ).

Accumulated times:
Assembly time:        0.17 s
Solve time:      0.04 s
Total time:      0.21 s

contact        voltage     electron current    hole current     total current
 drain_conta  5.000E-02       1.806E-05         1.024E-22        1.806E-05
 gate_contac  6.200E-01      -1.386E-07         0.000E+00       -1.386E-07
 source_cont  0.000E+00      -1.793E-05        -1.013E-22       -1.793E-05


Computing BE-step from 1.0338e-07 s to 1.0340e-07 s (Stepsize: 2.0000e-11 s)
Extrapolating values for t = 1.0340e-07 ... done.
Computing Coupled( 1 poisson-equation(s) , 1 current-contact-equation(s) , 
                   1 electron-equation(s) , 1 hole-equation(s) ) 
using Bank/Rose nonlinear solver.

Iteration   |Rhs|      factor     |step|     error   #inner  #iterative  time
------------------------------------------------------------------------------
    0      1.95e+08                                                      0.04
    1      2.81e+05   1.00e+00   1.47e-03   7.89e+01    0         1      0.12
    2      2.81e-02   1.00e+00   1.39e-06   1.63e-02    0         1      0.20
Finished, because...
Error smaller than 1 ( 1.6328E-02 ).

Accumulated times:
Assembly time:        0.18 s
Solve time:      0.02 s
Total time:      0.20 s

contact        voltage     electron current    hole current     total current
 drain_conta  5.000E-02       1.779E-05         1.032E-22        1.779E-05
 gate_contac  6.000E-01      -1.382E-07         0.000E+00       -1.382E-07
 source_cont  0.000E+00      -1.765E-05        -1.021E-22       -1.765E-05


Computing BE-step from 1.0340e-07 s to 1.0342e-07 s (Stepsize: 2.0000e-11 s)
Extrapolating values for t = 1.0342e-07 ... done.
Computing Coupled( 1 poisson-equation(s) , 1 current-contact-equation(s) , 
                   1 electron-equation(s) , 1 hole-equation(s) ) 
using Bank/Rose nonlinear solver.

Iteration   |Rhs|      factor     |step|     error   #inner  #iterative  time
------------------------------------------------------------------------------
    0      4.95e+08                                                      0.05
    1      1.84e+06   1.00e+00   3.98e-03   2.16e+02    0         1      0.12
    2      1.13e+00   1.00e+00   1.04e-05   1.23e-01    0         1      0.20
Finished, because...
Error smaller than 1 ( 1.2301E-01 ).

Accumulated times:
Assembly time:        0.17 s
Solve time:      0.03 s
Total time:      0.20 s

contact        voltage     electron current    hole current     total current
 drain_conta  5.000E-02       1.751E-05         1.041E-22        1.751E-05
 gate_contac  5.800E-01      -1.378E-07         0.000E+00       -1.378E-07
 source_cont  0.000E+00      -1.737E-05        -1.030E-22       -1.737E-05


Computing BE-step from 1.0342e-07 s to 1.0344e-07 s (Stepsize: 2.0000e-11 s)
Extrapolating values for t = 1.0344e-07 ... done.
Computing Coupled( 1 poisson-equation(s) , 1 current-contact-equation(s) , 
                   1 electron-equation(s) , 1 hole-equation(s) ) 
using Bank/Rose nonlinear solver.

Iteration   |Rhs|      factor     |step|     error   #inner  #iterative  time
------------------------------------------------------------------------------
    0      1.86e+08                                                      0.05
    1      2.82e+05   1.00e+00   1.67e-03   9.06e+01    0         1      0.13
    2      2.60e-02   1.00e+00   1.86e-06   2.20e-02    0         1      0.21
Finished, because...
Error smaller than 1 ( 2.2016E-02 ).

Accumulated times:
Assembly time:        0.16 s
Solve time:      0.04 s
Total time:      0.21 s

contact        voltage     electron current    hole current     total current
 drain_conta  5.000E-02       1.722E-05         1.051E-22        1.722E-05
 gate_contac  5.600E-01      -1.375E-07         0.000E+00       -1.375E-07
 source_cont  0.000E+00      -1.708E-05        -1.039E-22       -1.708E-05


Computing BE-step from 1.0344e-07 s to 1.0346e-07 s (Stepsize: 2.0000e-11 s)
Extrapolating values for t = 1.0346e-07 ... done.
Computing Coupled( 1 poisson-equation(s) , 1 current-contact-equation(s) , 
                   1 electron-equation(s) , 1 hole-equation(s) ) 
using Bank/Rose nonlinear solver.

Iteration   |Rhs|      factor     |step|     error   #inner  #iterative  time
------------------------------------------------------------------------------
    0      4.72e+08                                                      0.05
    1      1.87e+06   1.00e+00   4.54e-03   2.48e+02    0         1      0.13
    2      1.52e+00   1.00e+00   1.39e-05   1.68e-01    0         1      0.21
Finished, because...
Error smaller than 1 ( 1.6841E-01 ).

Accumulated times:
Assembly time:        0.17 s
Solve time:      0.04 s
Total time:      0.21 s

contact        voltage     electron current    hole current     total current
 drain_conta  5.000E-02       1.691E-05         1.061E-22        1.691E-05
 gate_contac  5.400E-01      -1.370E-07         0.000E+00       -1.370E-07
 source_cont  0.000E+00      -1.677E-05        -1.049E-22       -1.677E-05


Computing BE-step from 1.0346e-07 s to 1.0348e-07 s (Stepsize: 2.0000e-11 s)
Extrapolating values for t = 1.0348e-07 ... done.
Computing Coupled( 1 poisson-equation(s) , 1 current-contact-equation(s) , 
                   1 electron-equation(s) , 1 hole-equation(s) ) 
using Bank/Rose nonlinear solver.

Iteration   |Rhs|      factor     |step|     error   #inner  #iterative  time
------------------------------------------------------------------------------
    0      1.76e+08                                                      0.05
    1      2.87e+05   1.00e+00   1.91e-03   1.05e+02    0         1      0.13
    2      4.67e-02   1.00e+00   2.51e-06   3.08e-02    0         1      0.21
Finished, because...
Error smaller than 1 ( 3.0815E-02 ).

Accumulated times:
Assembly time:        0.17 s
Solve time:      0.03 s
Total time:      0.21 s

contact        voltage     electron current    hole current     total current
 drain_conta  5.000E-02       1.660E-05         1.072E-22        1.660E-05
 gate_contac  5.200E-01      -1.366E-07         0.000E+00       -1.366E-07
 source_cont  0.000E+00      -1.646E-05        -1.059E-22       -1.646E-05


Computing BE-step from 1.0348e-07 s to 1.0350e-07 s (Stepsize: 2.0000e-11 s)
Extrapolating values for t = 1.0350e-07 ... done.
Computing Coupled( 1 poisson-equation(s) , 1 current-contact-equation(s) , 
                   1 electron-equation(s) , 1 hole-equation(s) ) 
using Bank/Rose nonlinear solver.

Iteration   |Rhs|      factor     |step|     error   #inner  #iterative  time
------------------------------------------------------------------------------
    0      4.44e+08                                                      0.05
    1      1.89e+06   1.00e+00   5.21e-03   2.87e+02    0         1      0.13
    2      2.62e+00   1.00e+00   1.88e-05   2.39e-01    0         1      0.20
Finished, because...
Error smaller than 1 ( 2.3893E-01 ).

Accumulated times:
Assembly time:        0.17 s
Solve time:      0.03 s
Total time:      0.20 s

contact        voltage     electron current    hole current     total current
 drain_conta  5.000E-02       1.627E-05         1.083E-22        1.627E-05
 gate_contac  5.000E-01      -1.361E-07         0.000E+00       -1.361E-07
 source_cont  0.000E+00      -1.613E-05        -1.070E-22       -1.613E-05


Computing BE-step from 1.0350e-07 s to 1.0352e-07 s (Stepsize: 2.0000e-11 s)
Extrapolating values for t = 1.0352e-07 ... done.
Computing Coupled( 1 poisson-equation(s) , 1 current-contact-equation(s) , 
                   1 electron-equation(s) , 1 hole-equation(s) ) 
using Bank/Rose nonlinear solver.

Iteration   |Rhs|      factor     |step|     error   #inner  #iterative  time
------------------------------------------------------------------------------
    0      1.64e+08                                                      0.05
    1      2.90e+05   1.00e+00   2.21e-03   1.22e+02    0         1      0.12
    2      7.79e-02   1.00e+00   3.44e-06   4.46e-02    0         1      0.20
Finished, because...
Error smaller than 1 ( 4.4596E-02 ).

Accumulated times:
Assembly time:        0.18 s
Solve time:      0.02 s
Total time:      0.20 s

contact        voltage     electron current    hole current     total current
 drain_conta  5.000E-02       1.593E-05         1.096E-22        1.593E-05
 gate_contac  4.800E-01      -1.356E-07         0.000E+00       -1.356E-07
 source_cont  0.000E+00      -1.580E-05        -1.082E-22       -1.580E-05


Computing BE-step from 1.0352e-07 s to 1.0354e-07 s (Stepsize: 2.0000e-11 s)
Extrapolating values for t = 1.0354e-07 ... done.
Computing Coupled( 1 poisson-equation(s) , 1 current-contact-equation(s) , 
                   1 electron-equation(s) , 1 hole-equation(s) ) 
using Bank/Rose nonlinear solver.

Iteration   |Rhs|      factor     |step|     error   #inner  #iterative  time
------------------------------------------------------------------------------
    0      4.12e+08                                                      0.04
    1      1.88e+06   1.00e+00   6.03e-03   3.36e+02    0         1      0.12
    2      4.38e+00   1.00e+00   2.57e-05   3.50e-01    0         1      0.20
Finished, because...
Error smaller than 1 ( 3.4959E-01 ).

Accumulated times:
Assembly time:        0.17 s
Solve time:      0.03 s
Total time:      0.20 s

contact        voltage     electron current    hole current     total current
 drain_conta  5.000E-02       1.558E-05         1.109E-22        1.558E-05
 gate_contac  4.600E-01      -1.350E-07         0.000E+00       -1.350E-07
 source_cont  0.000E+00      -1.545E-05        -1.094E-22       -1.545E-05


Computing BE-step from 1.0354e-07 s to 1.0356e-07 s (Stepsize: 2.0000e-11 s)
Extrapolating values for t = 1.0356e-07 ... done.
Computing Coupled( 1 poisson-equation(s) , 1 current-contact-equation(s) , 
                   1 electron-equation(s) , 1 hole-equation(s) ) 
using Bank/Rose nonlinear solver.

Iteration   |Rhs|      factor     |step|     error   #inner  #iterative  time
------------------------------------------------------------------------------
    0      1.51e+08                                                      0.04
    1      2.88e+05   1.00e+00   2.58e-03   1.43e+02    0         1      0.12
    2      1.28e-01   1.00e+00   4.73e-06   6.64e-02    0         1      0.20
Finished, because...
Error smaller than 1 ( 6.6390E-02 ).

Accumulated times:
Assembly time:        0.17 s
Solve time:      0.03 s
Total time:      0.20 s

contact        voltage     electron current    hole current     total current
 drain_conta  5.000E-02       1.522E-05         1.124E-22        1.522E-05
 gate_contac  4.400E-01      -1.344E-07         0.000E+00       -1.344E-07
 source_cont  0.000E+00      -1.508E-05        -1.107E-22       -1.508E-05


Computing BE-step from 1.0356e-07 s to 1.0358e-07 s (Stepsize: 2.0000e-11 s)
Extrapolating values for t = 1.0358e-07 ... done.
Computing Coupled( 1 poisson-equation(s) , 1 current-contact-equation(s) , 
                   1 electron-equation(s) , 1 hole-equation(s) ) 
using Bank/Rose nonlinear solver.

Iteration   |Rhs|      factor     |step|     error   #inner  #iterative  time
------------------------------------------------------------------------------
    0      3.76e+08                                                      0.05
    1      1.86e+06   1.00e+00   7.04e-03   3.95e+02    0         1      0.13
    2      6.95e+00   1.00e+00   3.55e-05   5.25e-01    0         1      0.21
Finished, because...
Error smaller than 1 ( 5.2495E-01 ).

Accumulated times:
Assembly time:        0.17 s
Solve time:      0.04 s
Total time:      0.21 s

contact        voltage     electron current    hole current     total current
 drain_conta  5.000E-02       1.484E-05         1.140E-22        1.484E-05
 gate_contac  4.200E-01      -1.337E-07         0.000E+00       -1.337E-07
 source_cont  0.000E+00      -1.470E-05        -1.122E-22       -1.470E-05


Computing BE-step from 1.0358e-07 s to 1.0360e-07 s (Stepsize: 2.0000e-11 s)
Extrapolating values for t = 1.0360e-07 ... done.
Computing Coupled( 1 poisson-equation(s) , 1 current-contact-equation(s) , 
                   1 electron-equation(s) , 1 hole-equation(s) ) 
using Bank/Rose nonlinear solver.

Iteration   |Rhs|      factor     |step|     error   #inner  #iterative  time
------------------------------------------------------------------------------
    0      1.36e+08                                                      0.05
    1      2.85e+05   1.00e+00   3.04e-03   1.70e+02    0         1      0.13
    2      2.01e-01   1.00e+00   6.70e-06   1.01e-01    0         1      0.21
Finished, because...
Error smaller than 1 ( 1.0121E-01 ).

Accumulated times:
Assembly time:        0.17 s
Solve time:      0.03 s
Total time:      0.21 s

contact        voltage     electron current    hole current     total current
 drain_conta  5.000E-02       1.444E-05         1.158E-22        1.444E-05
 gate_contac  4.000E-01      -1.330E-07         0.000E+00       -1.330E-07
 source_cont  0.000E+00      -1.431E-05        -1.137E-22       -1.431E-05


Computing BE-step from 1.0360e-07 s to 1.0362e-07 s (Stepsize: 2.0000e-11 s)
Extrapolating values for t = 1.0362e-07 ... done.
Computing Coupled( 1 poisson-equation(s) , 1 current-contact-equation(s) , 
                   1 electron-equation(s) , 1 hole-equation(s) ) 
using Bank/Rose nonlinear solver.

Iteration   |Rhs|      factor     |step|     error   #inner  #iterative  time
------------------------------------------------------------------------------
    0      3.37e+08                                                      0.05
    1      1.88e+06   1.00e+00   8.32e-03   4.70e+02    0         1      0.13
    2      1.08e+01   1.00e+00   5.03e-05   8.06e-01    0         1      0.20
Finished, because...
Error smaller than 1 ( 8.0583E-01 ).

Accumulated times:
Assembly time:        0.17 s
Solve time:      0.03 s
Total time:      0.20 s

contact        voltage     electron current    hole current     total current
 drain_conta  5.000E-02       1.403E-05         1.177E-22        1.403E-05
 gate_contac  3.800E-01      -1.323E-07         0.000E+00       -1.323E-07
 source_cont  0.000E+00      -1.390E-05        -1.153E-22       -1.390E-05


Computing BE-step from 1.0362e-07 s to 1.0364e-07 s (Stepsize: 2.0000e-11 s)
Extrapolating values for t = 1.0364e-07 ... done.
Computing Coupled( 1 poisson-equation(s) , 1 current-contact-equation(s) , 
                   1 electron-equation(s) , 1 hole-equation(s) ) 
using Bank/Rose nonlinear solver.

Iteration   |Rhs|      factor     |step|     error   #inner  #iterative  time
------------------------------------------------------------------------------
    0      1.20e+08                                                      0.05
    1      2.89e+05   1.00e+00   3.62e-03   2.04e+02    0         1      0.12
    2      3.20e-01   1.00e+00   9.56e-06   1.58e-01    0         1      0.20
Finished, because...
Error smaller than 1 ( 1.5753E-01 ).

Accumulated times:
Assembly time:        0.17 s
Solve time:      0.02 s
Total time:      0.20 s

contact        voltage     electron current    hole current     total current
 drain_conta  5.000E-02       1.361E-05         1.197E-22        1.361E-05
 gate_contac  3.600E-01      -1.314E-07         0.000E+00       -1.314E-07
 source_cont  0.000E+00      -1.348E-05        -1.171E-22       -1.347E-05


Computing BE-step from 1.0364e-07 s to 1.0366e-07 s (Stepsize: 2.0000e-11 s)
Extrapolating values for t = 1.0366e-07 ... done.
Computing Coupled( 1 poisson-equation(s) , 1 current-contact-equation(s) , 
                   1 electron-equation(s) , 1 hole-equation(s) ) 
using Bank/Rose nonlinear solver.

Iteration   |Rhs|      factor     |step|     error   #inner  #iterative  time
------------------------------------------------------------------------------
    0      2.95e+08                                                      0.05
    1      1.89e+06   1.00e+00   9.93e-03   5.65e+02    0         1      0.12
    2      1.70e+01   1.00e+00   7.18e-05   1.26e+00    0         1      0.20
    3      2.96e-03   1.00e+00   1.53e-09   1.11e-05    0         1      0.28
Finished, because...
Error smaller than 1 ( 1.1080E-05 ).

Accumulated times:
Assembly time:        0.24 s
Solve time:      0.04 s
Total time:      0.28 s

contact        voltage     electron current    hole current     total current
 drain_conta  5.000E-02       1.316E-05         1.220E-22        1.316E-05
 gate_contac  3.400E-01      -1.305E-07         0.000E+00       -1.305E-07
 source_cont  0.000E+00      -1.303E-05        -1.191E-22       -1.303E-05


Computing BE-step from 1.0366e-07 s to 1.0368e-07 s (Stepsize: 2.0000e-11 s)
Extrapolating values for t = 1.0368e-07 ... done.
Computing Coupled( 1 poisson-equation(s) , 1 current-contact-equation(s) , 
                   1 electron-equation(s) , 1 hole-equation(s) ) 
using Bank/Rose nonlinear solver.

Iteration   |Rhs|      factor     |step|     error   #inner  #iterative  time
------------------------------------------------------------------------------
    0      1.03e+08                                                      0.07
    1      2.91e+05   1.00e+00   4.37e-03   2.47e+02    0         1      0.16
    2      4.96e-01   1.00e+00   1.39e-05   2.50e-01    0         1      0.26
Finished, because...
Error smaller than 1 ( 2.4998E-01 ).

Accumulated times:
Assembly time:        0.22 s
Solve time:      0.04 s
Total time:      0.26 s

contact        voltage     electron current    hole current     total current
 drain_conta  5.000E-02       1.270E-05         1.246E-22        1.270E-05
 gate_contac  3.200E-01      -1.295E-07         0.000E+00       -1.295E-07
 source_cont  0.000E+00      -1.257E-05        -1.212E-22       -1.257E-05


Computing BE-step from 1.0368e-07 s to 1.0370e-07 s (Stepsize: 2.0000e-11 s)
Extrapolating values for t = 1.0370e-07 ... done.
Computing Coupled( 1 poisson-equation(s) , 1 current-contact-equation(s) , 
                   1 electron-equation(s) , 1 hole-equation(s) ) 
using Bank/Rose nonlinear solver.

Iteration   |Rhs|      factor     |step|     error   #inner  #iterative  time
------------------------------------------------------------------------------
    0      2.51e+08                                                      0.06
    1      1.90e+06   1.00e+00   1.20e-02   6.87e+02    0         1      0.16
    2      2.69e+01   1.00e+00   1.04e-04   2.01e+00    0         1      0.25
    3      2.19e-03   1.00e+00   3.12e-09   2.55e-05    0         1      0.35
Finished, because...
Error smaller than 1 ( 2.5520E-05 ).

Accumulated times:
Assembly time:        0.29 s
Solve time:      0.06 s
Total time:      0.35 s

contact        voltage     electron current    hole current     total current
 drain_conta  5.000E-02       1.222E-05         1.274E-22        1.222E-05
 gate_contac  3.000E-01      -1.284E-07         0.000E+00       -1.284E-07
 source_cont  0.000E+00      -1.209E-05        -1.235E-22       -1.209E-05


Computing BE-step from 1.0370e-07 s to 1.0372e-07 s (Stepsize: 2.0000e-11 s)
Extrapolating values for t = 1.0372e-07 ... done.
Computing Coupled( 1 poisson-equation(s) , 1 current-contact-equation(s) , 
                   1 electron-equation(s) , 1 hole-equation(s) ) 
using Bank/Rose nonlinear solver.

Iteration   |Rhs|      factor     |step|     error   #inner  #iterative  time
------------------------------------------------------------------------------
    0      8.58e+07                                                      0.06
    1      2.93e+05   1.00e+00   5.33e-03   3.03e+02    0         1      0.15
    2      9.94e-01   1.00e+00   2.04e-05   4.04e-01    0         1      0.25
Finished, because...
Error smaller than 1 ( 4.0432E-01 ).

Accumulated times:
Assembly time:        0.21 s
Solve time:      0.04 s
Total time:      0.25 s

contact        voltage     electron current    hole current     total current
 drain_conta  5.000E-02       1.172E-05         1.305E-22        1.172E-05
 gate_contac  2.800E-01      -1.272E-07         0.000E+00       -1.272E-07
 source_cont  0.000E+00      -1.159E-05        -1.260E-22       -1.159E-05


Computing BE-step from 1.0372e-07 s to 1.0374e-07 s (Stepsize: 2.0000e-11 s)
Extrapolating values for t = 1.0374e-07 ... done.
Computing Coupled( 1 poisson-equation(s) , 1 current-contact-equation(s) , 
                   1 electron-equation(s) , 1 hole-equation(s) ) 
using Bank/Rose nonlinear solver.

Iteration   |Rhs|      factor     |step|     error   #inner  #iterative  time
------------------------------------------------------------------------------
    0      2.07e+08                                                      0.06
    1      1.91e+06   1.00e+00   1.47e-02   8.47e+02    0         1      0.16
    2      5.60e+01   1.00e+00   1.53e-04   3.28e+00    0         1      0.26
    3      2.32e-03   1.00e+00   6.53e-09   6.12e-05    0         1      0.35
Finished, because...
Error smaller than 1 ( 6.1211E-05 ).

Accumulated times:
Assembly time:        0.29 s
Solve time:      0.06 s
Total time:      0.35 s

contact        voltage     electron current    hole current     total current
 drain_conta  5.000E-02       1.120E-05         1.340E-22        1.120E-05
 gate_contac  2.600E-01      -1.259E-07         0.000E+00       -1.259E-07
 source_cont  0.000E+00      -1.107E-05        -1.288E-22       -1.107E-05


Computing BE-step from 1.0374e-07 s to 1.0376e-07 s (Stepsize: 2.0000e-11 s)
Extrapolating values for t = 1.0376e-07 ... done.
Computing Coupled( 1 poisson-equation(s) , 1 current-contact-equation(s) , 
                   1 electron-equation(s) , 1 hole-equation(s) ) 
using Bank/Rose nonlinear solver.

Iteration   |Rhs|      factor     |step|     error   #inner  #iterative  time
------------------------------------------------------------------------------
    0      6.90e+07                                                      0.06
    1      2.96e+05   1.00e+00   6.59e-03   3.77e+02    0         1      0.16
    2      2.06e+00   1.00e+00   3.05e-05   6.67e-01    0         1      0.25
Finished, because...
Error smaller than 1 ( 6.6693E-01 ).

Accumulated times:
Assembly time:        0.21 s
Solve time:      0.04 s
Total time:      0.25 s

contact        voltage     electron current    hole current     total current
 drain_conta  5.000E-02       1.065E-05         1.379E-22        1.065E-05
 gate_contac  2.400E-01      -1.244E-07         0.000E+00       -1.244E-07
 source_cont  0.000E+00      -1.053E-05        -1.319E-22       -1.053E-05


Computing BE-step from 1.0376e-07 s to 1.0378e-07 s (Stepsize: 2.0000e-11 s)
Extrapolating values for t = 1.0378e-07 ... done.
Computing Coupled( 1 poisson-equation(s) , 1 current-contact-equation(s) , 
                   1 electron-equation(s) , 1 hole-equation(s) ) 
using Bank/Rose nonlinear solver.

Iteration   |Rhs|      factor     |step|     error   #inner  #iterative  time
------------------------------------------------------------------------------
    0      1.65e+08                                                      0.06
    1      1.92e+06   1.00e+00   1.82e-02   1.06e+03    0         1      0.16
    2      1.13e+02   1.00e+00   2.29e-04   5.44e+00    0         1      0.26
    3      2.41e-03   1.00e+00   1.40e-08   1.53e-04    0         1      0.35
Finished, because...
Error smaller than 1 ( 1.5303E-04 ).

Accumulated times:
Assembly time:        0.29 s
Solve time:      0.05 s
Total time:      0.35 s

contact        voltage     electron current    hole current     total current
 drain_conta  5.000E-02       1.009E-05         1.422E-22        1.009E-05
 gate_contac  2.200E-01      -1.228E-07         0.000E+00       -1.228E-07
 source_cont  0.000E+00      -9.965E-06        -1.352E-22       -9.965E-06


Computing BE-step from 1.0378e-07 s to 1.0380e-07 s (Stepsize: 2.0000e-11 s)
Extrapolating values for t = 1.0380e-07 ... done.
Computing Coupled( 1 poisson-equation(s) , 1 current-contact-equation(s) , 
                   1 electron-equation(s) , 1 hole-equation(s) ) 
using Bank/Rose nonlinear solver.

Iteration   |Rhs|      factor     |step|     error   #inner  #iterative  time
------------------------------------------------------------------------------
    0      5.32e+07                                                      0.06
    1      3.07e+05   1.00e+00   8.27e-03   4.77e+02    0         1      0.16
    2      4.12e+00   1.00e+00   4.58e-05   1.13e+00    0         1      0.26
    3      1.24e-03   1.00e+00   5.32e-10   6.34e-06    0         1      0.35
Finished, because...
Error smaller than 1 ( 6.3396E-06 ).

Accumulated times:
Assembly time:        0.29 s
Solve time:      0.06 s
Total time:      0.35 s

contact        voltage     electron current    hole current     total current
 drain_conta  5.000E-02       9.499E-06         1.472E-22        9.498E-06
 gate_contac  2.000E-01      -1.210E-07         0.000E+00       -1.210E-07
 source_cont  0.000E+00      -9.378E-06        -1.389E-22       -9.378E-06


Computing BE-step from 1.0380e-07 s to 1.0382e-07 s (Stepsize: 2.0000e-11 s)
Extrapolating values for t = 1.0382e-07 ... done.
Computing Coupled( 1 poisson-equation(s) , 1 current-contact-equation(s) , 
                   1 electron-equation(s) , 1 hole-equation(s) ) 
using Bank/Rose nonlinear solver.

Iteration   |Rhs|      factor     |step|     error   #inner  #iterative  time
------------------------------------------------------------------------------
    0      1.26e+08                                                      0.06
    1      1.98e+06   1.00e+00   2.29e-02   1.35e+03    0         1      0.16
    2      2.47e+02   1.00e+00   3.57e-04   9.48e+00    0         1      0.25
    3      1.02e-03   1.00e+00   3.55e-08   3.75e-04    0         1      0.35
Finished, because...
Error smaller than 1 ( 3.7522E-04 ).

Accumulated times:
Assembly time:        0.29 s
Solve time:      0.06 s
Total time:      0.35 s

contact        voltage     electron current    hole current     total current
 drain_conta  5.000E-02       8.884E-06         1.528E-22        8.884E-06
 gate_contac  1.800E-01      -1.189E-07         0.000E+00       -1.189E-07
 source_cont  0.000E+00      -8.766E-06        -1.428E-22       -8.766E-06


Computing BE-step from 1.0382e-07 s to 1.0384e-07 s (Stepsize: 2.0000e-11 s)
Extrapolating values for t = 1.0384e-07 ... done.
Computing Coupled( 1 poisson-equation(s) , 1 current-contact-equation(s) , 
                   1 electron-equation(s) , 1 hole-equation(s) ) 
using Bank/Rose nonlinear solver.

Iteration   |Rhs|      factor     |step|     error   #inner  #iterative  time
------------------------------------------------------------------------------
    0      3.90e+07                                                      0.06
    1      3.65e+05   1.00e+00   1.07e-02   6.12e+02    0         1      0.15
    2      7.47e+00   1.00e+00   7.58e-05   1.93e+00    0         1      0.25
    3      1.14e-03   1.00e+00   1.51e-09   1.42e-05    0         1      0.35
Finished, because...
Error smaller than 1 ( 1.4197E-05 ).

Accumulated times:
Assembly time:        0.29 s
Solve time:      0.06 s
Total time:      0.35 s

contact        voltage     electron current    hole current     total current
 drain_conta  5.000E-02       8.240E-06         1.589E-22        8.240E-06
 gate_contac  1.600E-01      -1.166E-07         0.000E+00       -1.166E-07
 source_cont  0.000E+00      -8.124E-06        -1.468E-22       -8.124E-06


Computing BE-step from 1.0384e-07 s to 1.0386e-07 s (Stepsize: 2.0000e-11 s)
Extrapolating values for t = 1.0386e-07 ... done.
Computing Coupled( 1 poisson-equation(s) , 1 current-contact-equation(s) , 
                   1 electron-equation(s) , 1 hole-equation(s) ) 
using Bank/Rose nonlinear solver.

Iteration   |Rhs|      factor     |step|     error   #inner  #iterative  time
------------------------------------------------------------------------------
    0      9.10e+07                                                      0.06
    1      2.35e+06   1.00e+00   2.95e-02   1.75e+03    0         1      0.15
    2      3.84e+02   1.00e+00   5.61e-04   1.62e+01    0         1      0.25
    3      1.18e-03   1.00e+00   8.38e-08   8.76e-04    0         1      0.35
Finished, because...
Error smaller than 1 ( 8.7570E-04 ).

Accumulated times:
Assembly time:        0.29 s
Solve time:      0.05 s
Total time:      0.35 s

contact        voltage     electron current    hole current     total current
 drain_conta  5.000E-02       7.565E-06         1.658E-22        7.565E-06
 gate_contac  1.400E-01      -1.141E-07         0.000E+00       -1.141E-07
 source_cont  0.000E+00      -7.451E-06        -1.509E-22       -7.451E-06


Computing BE-step from 1.0386e-07 s to 1.0388e-07 s (Stepsize: 2.0000e-11 s)
Extrapolating values for t = 1.0388e-07 ... done.
Computing Coupled( 1 poisson-equation(s) , 1 current-contact-equation(s) , 
                   1 electron-equation(s) , 1 hole-equation(s) ) 
using Bank/Rose nonlinear solver.

Iteration   |Rhs|      factor     |step|     error   #inner  #iterative  time
------------------------------------------------------------------------------
    0      3.30e+07                                                      0.06
    1      4.46e+05   1.00e+00   1.38e-02   8.16e+02    0         1      0.15
    2      1.21e+01   1.00e+00   1.16e-04   3.40e+00    0         1      0.25
    3      1.25e-03   1.00e+00   3.60e-09   3.91e-05    0         1      0.35
Finished, because...
Error smaller than 1 ( 3.9115E-05 ).

Accumulated times:
Assembly time:        0.28 s
Solve time:      0.06 s
Total time:      0.35 s

contact        voltage     electron current    hole current     total current
 drain_conta  5.000E-02       6.866E-06         1.735E-22        6.866E-06
 gate_contac  1.200E-01      -1.113E-07         0.000E+00       -1.113E-07
 source_cont  0.000E+00      -6.755E-06        -1.550E-22       -6.755E-06


Computing BE-step from 1.0388e-07 s to 1.0390e-07 s (Stepsize: 2.0000e-11 s)
Extrapolating values for t = 1.0390e-07 ... done.
Computing Coupled( 1 poisson-equation(s) , 1 current-contact-equation(s) , 
                   1 electron-equation(s) , 1 hole-equation(s) ) 
using Bank/Rose nonlinear solver.

Iteration   |Rhs|      factor     |step|     error   #inner  #iterative  time
------------------------------------------------------------------------------
    0      7.54e+07                                                      0.07
    1      2.93e+06   1.00e+00   3.83e-02   2.36e+03    0         1      0.16
    2      5.61e+02   1.00e+00   8.75e-04   2.88e+01    0         1      0.26
    3      5.80e-04   1.00e+00   2.02e-07   2.63e-03    0         1      0.36
Finished, because...
Error smaller than 1 ( 2.6326E-03 ).

Accumulated times:
Assembly time:        0.29 s
Solve time:      0.06 s
Total time:      0.36 s

contact        voltage     electron current    hole current     total current
 drain_conta  5.000E-02       6.148E-06         1.821E-22        6.148E-06
 gate_contac  1.000E-01      -1.080E-07         0.000E+00       -1.080E-07
 source_cont  0.000E+00      -6.040E-06        -1.587E-22       -6.040E-06


Computing BE-step from 1.0390e-07 s to 1.0392e-07 s (Stepsize: 2.0000e-11 s)
Extrapolating values for t = 1.0392e-07 ... done.
Computing Coupled( 1 poisson-equation(s) , 1 current-contact-equation(s) , 
                   1 electron-equation(s) , 1 hole-equation(s) ) 
using Bank/Rose nonlinear solver.

Iteration   |Rhs|      factor     |step|     error   #inner  #iterative  time
------------------------------------------------------------------------------
    0      3.33e+07                                                      0.06
    1      6.05e+05   1.00e+00   1.85e-02   1.10e+03    0         1      0.16
    2      2.19e+01   1.00e+00   2.04e-04   6.47e+00    0         1      0.26
    3      6.69e-04   1.00e+00   1.17e-08   1.80e-04    0         1      0.35
Finished, because...
Error smaller than 1 ( 1.8003E-04 ).

Accumulated times:
Assembly time:        0.29 s
Solve time:      0.06 s
Total time:      0.35 s

contact        voltage     electron current    hole current     total current
 drain_conta  5.000E-02       5.412E-06         1.913E-22        5.412E-06
 gate_contac  8.000E-02      -1.042E-07         0.000E+00       -1.042E-07
 source_cont  0.000E+00      -5.308E-06        -1.613E-22       -5.308E-06


Computing BE-step from 1.0392e-07 s to 1.0394e-07 s (Stepsize: 2.0000e-11 s)
Extrapolating values for t = 1.0394e-07 ... done.
Computing Coupled( 1 poisson-equation(s) , 1 current-contact-equation(s) , 
                   1 electron-equation(s) , 1 hole-equation(s) ) 
using Bank/Rose nonlinear solver.

Iteration   |Rhs|      factor     |step|     error   #inner  #iterative  time
------------------------------------------------------------------------------
    0      7.51e+07                                                      0.05
    1      3.93e+06   1.00e+00   5.19e-02   3.22e+03    0         1      0.10
    2      1.29e+03   1.00e+00   1.58e-03   5.71e+01    0         1      0.17
    3      5.71e-04   1.00e+00   6.65e-07   1.46e-02    0         1      0.27
Finished, because...
Error smaller than 1 ( 1.4552E-02 ).

Accumulated times:
Assembly time:        0.20 s
Solve time:      0.05 s
Total time:      0.27 s

contact        voltage     electron current    hole current     total current
 drain_conta  5.000E-02       4.655E-06         2.011E-22        4.655E-06
 gate_contac  6.000E-02      -9.969E-08         0.000E+00       -9.969E-08
 source_cont  0.000E+00      -4.555E-06        -1.616E-22       -4.555E-06


Computing BE-step from 1.0394e-07 s to 1.0396e-07 s (Stepsize: 2.0000e-11 s)
Extrapolating values for t = 1.0396e-07 ... done.
Computing Coupled( 1 poisson-equation(s) , 1 current-contact-equation(s) , 
                   1 electron-equation(s) , 1 hole-equation(s) ) 
using Bank/Rose nonlinear solver.

Iteration   |Rhs|      factor     |step|     error   #inner  #iterative  time
------------------------------------------------------------------------------
    0      2.74e+07                                                      0.06
    1      7.91e+05   1.00e+00   2.59e-02   1.53e+03    0         1      0.16
    2      7.22e+01   1.00e+00   3.81e-04   1.44e+01    0         1      0.26
    3      3.68e-04   1.00e+00   4.40e-08   1.37e-03    0         1      0.35
Finished, because...
Error smaller than 1 ( 1.3682E-03 ).

Accumulated times:
Assembly time:        0.29 s
Solve time:      0.06 s
Total time:      0.35 s

contact        voltage     electron current    hole current     total current
 drain_conta  5.000E-02       3.881E-06         2.113E-22        3.881E-06
 gate_contac  4.000E-02      -9.458E-08         0.000E+00       -9.458E-08
 source_cont  0.000E+00      -3.786E-06        -1.581E-22       -3.786E-06


Computing BE-step from 1.0396e-07 s to 1.0398e-07 s (Stepsize: 2.0000e-11 s)
Extrapolating values for t = 1.0398e-07 ... done.
Computing Coupled( 1 poisson-equation(s) , 1 current-contact-equation(s) , 
                   1 electron-equation(s) , 1 hole-equation(s) ) 
using Bank/Rose nonlinear solver.

Iteration   |Rhs|      factor     |step|     error   #inner  #iterative  time
------------------------------------------------------------------------------
    0      6.75e+07                                                      0.06
    1      4.94e+06   1.00e+00   7.26e-02   4.61e+03    0         1      0.15
    2      1.18e+04   1.00e+00   2.95e-03   1.35e+02    0         1      0.25
    3      2.42e-02   1.00e+00   2.95e-06   1.50e-01    0         1      0.35
Finished, because...
Error smaller than 1 ( 1.4995E-01 ).

Accumulated times:
Assembly time:        0.29 s
Solve time:      0.06 s
Total time:      0.35 s

contact        voltage     electron current    hole current     total current
 drain_conta  5.000E-02       3.109E-06         2.219E-22        3.109E-06
 gate_contac  2.000E-02      -8.857E-08         0.000E+00       -8.857E-08
 source_cont  0.000E+00      -3.020E-06        -1.485E-22       -3.020E-06


Computing BE-step from 1.0398e-07 s to 1.0400e-07 s (Stepsize: 2.0000e-11 s)
Extrapolating values for t = 1.0400e-07 ... done.
Computing Coupled( 1 poisson-equation(s) , 1 current-contact-equation(s) , 
                   1 electron-equation(s) , 1 hole-equation(s) ) 
using Bank/Rose nonlinear solver.

Iteration   |Rhs|      factor     |step|     error   #inner  #iterative  time
------------------------------------------------------------------------------
    0      2.59e+07                                                      0.06
    1      9.07e+05   1.00e+00   3.59e-02   2.26e+03    0         1      0.16
    2      4.16e+02   1.00e+00   6.43e-04   3.48e+01    0         1      0.26
    3      2.89e-04   1.00e+00   1.56e-07   8.30e-03    0         1      0.36
Finished, because...
Error smaller than 1 ( 8.2971E-03 ).

Accumulated times:
Assembly time:        0.29 s
Solve time:      0.06 s
Total time:      0.36 s

contact        voltage     electron current    hole current     total current
 drain_conta  5.000E-02       2.361E-06         2.331E-22        2.361E-06
 gate_contac  0.000E+00      -8.191E-08         0.000E+00       -8.191E-08
 source_cont  0.000E+00      -2.279E-06        -1.299E-22       -2.279E-06



Finished, because...
Curve trace finished.


===============================
Starting solve of next problem:
Transient (
      Max. #iterations : 50, 
      Initial step : 1.0000e-12 s,       Minimum step : 1.0000e-16 s, Maximum step : 5.0000e-11 s, 
      Initial time : 1.0400e-07 s, Final time : 1.0500e-07 s, 
      Goal values :
        Contact gate_contact : 0.3V
    )
  {
    Coupled ( Digits : 5, Max. #iterations : 100, 
        Solver : blocked decomposition,
        #undamped iterations : 100 
        )
        { Poisson Electron Hole } 
    CurrentPlot (
         Time (fixed times:
             1.0400e-07 1.0402e-07 1.0404e-07 1.0406e-07 1.0408e-07
             1.0410e-07 1.0412e-07 1.0414e-07 1.0416e-07 1.0418e-07
             1.0420e-07 1.0422e-07 1.0424e-07 1.0426e-07 1.0428e-07
             1.0430e-07 1.0432e-07 1.0434e-07 1.0436e-07 1.0438e-07
             1.0440e-07 1.0442e-07 1.0444e-07 1.0446e-07 1.0448e-07
             1.0450e-07 1.0452e-07 1.0454e-07 1.0456e-07 1.0458e-07
             1.0460e-07 1.0462e-07 1.0464e-07 1.0466e-07 1.0468e-07
             1.0470e-07 1.0472e-07 1.0474e-07 1.0476e-07 1.0478e-07
             1.0480e-07 1.0482e-07 1.0484e-07 1.0486e-07 1.0488e-07
             1.0490e-07 1.0492e-07 1.0494e-07 1.0496e-07 1.0498e-07
             1.0500e-07) )
      { }
  }
===============================

contact        voltage     electron current    hole current     total current
 drain_conta  5.000E-02       2.361E-06         2.331E-22        2.361E-06
 gate_contac  0.000E+00      -8.191E-08         0.000E+00       -8.191E-08
 source_cont  0.000E+00      -2.279E-06        -1.299E-22       -2.279E-06

Reusing extrapolation from a previous transient

Computing BE-step from 1.0400e-07 s to 1.0400e-07 s (Stepsize: 1.0000e-12 s)
Extrapolating values for t = 1.0400e-07 ... done.
Computing Coupled( 1 poisson-equation(s) , 1 current-contact-equation(s) , 
                   1 electron-equation(s) , 1 hole-equation(s) ) 
using Bank/Rose nonlinear solver.

Iteration   |Rhs|      factor     |step|     error   #inner  #iterative  time
------------------------------------------------------------------------------
    0      2.79e+10                                                      0.06
    1      3.03e+05   1.00e+00   2.08e-02   1.11e+03    0         1      0.18
    2      3.27e+00   1.00e+00   5.27e-05   4.37e+00    0         1      0.27
    3      3.62e-04   1.00e+00   5.77e-10   3.42e-05    0         1      0.37
Finished, because...
Error smaller than 1 ( 3.4191E-05 ).

Accumulated times:
Assembly time:        0.30 s
Solve time:      0.06 s
Total time:      0.37 s

contact        voltage     electron current    hole current     total current
 drain_conta  5.000E-02       2.322E-06         2.330E-22        2.322E-06
 gate_contac  3.000E-04       1.590E-08         0.000E+00        1.590E-08
 source_cont  0.000E+00      -2.338E-06        -1.315E-22       -2.338E-06


Computing BE-step from 1.0400e-07 s to 1.0400e-07 s (Stepsize: 1.4000e-12 s)
Extrapolating values for t = 1.0400e-07 ... done.
Computing Coupled( 1 poisson-equation(s) , 1 current-contact-equation(s) , 
                   1 electron-equation(s) , 1 hole-equation(s) ) 
using Bank/Rose nonlinear solver.

Iteration   |Rhs|      factor     |step|     error   #inner  #iterative  time
------------------------------------------------------------------------------
    0      1.81e+05                                                      0.05
    1      4.14e+03   1.00e+00   2.12e-03   1.24e+02    0         1      0.13
    2      5.32e-03   1.00e+00   1.62e-06   6.60e-02    0         1      0.23
Finished, because...
Error smaller than 1 ( 6.6040E-02 ).

Accumulated times:
Assembly time:        0.19 s
Solve time:      0.04 s
Total time:      0.23 s

contact        voltage     electron current    hole current     total current
 drain_conta  5.000E-02       2.334E-06         2.323E-22        2.334E-06
 gate_contac  7.200E-04       2.295E-08         0.000E+00        2.295E-08
 source_cont  0.000E+00      -2.356E-06        -1.361E-22       -2.356E-06


Computing BE-step from 1.0400e-07 s to 1.0400e-07 s (Stepsize: 1.9600e-12 s)
Extrapolating values for t = 1.0400e-07 ... done.
Computing Coupled( 1 poisson-equation(s) , 1 current-contact-equation(s) , 
                   1 electron-equation(s) , 1 hole-equation(s) ) 
using Bank/Rose nonlinear solver.

Iteration   |Rhs|      factor     |step|     error   #inner  #iterative  time
------------------------------------------------------------------------------
    0      1.45e+04                                                      0.06
    1      6.25e+01   1.00e+00   9.59e-04   1.34e+01    0         1      0.15
    2      2.52e-04   1.00e+00   1.59e-07   9.29e-04    0         1      0.25
Finished, because...
Error smaller than 1 ( 9.2894E-04 ).

Accumulated times:
Assembly time:        0.20 s
Solve time:      0.04 s
Total time:      0.25 s

contact        voltage     electron current    hole current     total current
 drain_conta  5.000E-02       2.354E-06         2.308E-22        2.354E-06
 gate_contac  1.308E-03       2.356E-08         0.000E+00        2.356E-08
 source_cont  0.000E+00      -2.378E-06        -1.443E-22       -2.378E-06


Computing BE-step from 1.0400e-07 s to 1.0401e-07 s (Stepsize: 2.7440e-12 s)
Extrapolating values for t = 1.0401e-07 ... done.
Computing Coupled( 1 poisson-equation(s) , 1 current-contact-equation(s) , 
                   1 electron-equation(s) , 1 hole-equation(s) ) 
using Bank/Rose nonlinear solver.

Iteration   |Rhs|      factor     |step|     error   #inner  #iterative  time
------------------------------------------------------------------------------
    0      4.04e+04                                                      0.06
    1      1.01e+00   1.00e+00   1.47e-03   1.85e+00    0         1      0.15
    2      2.45e-04   1.00e+00   5.06e-08   5.39e-05    0         1      0.21
Finished, because...
Error smaller than 1 ( 5.3874E-05 ).

Accumulated times:
Assembly time:        0.17 s
Solve time:      0.03 s
Total time:      0.21 s

contact        voltage     electron current    hole current     total current
 drain_conta  5.000E-02       2.384E-06         2.284E-22        2.384E-06
 gate_contac  2.131E-03       2.367E-08         0.000E+00        2.367E-08
 source_cont  0.000E+00      -2.408E-06        -1.559E-22       -2.408E-06


Computing BE-step from 1.0401e-07 s to 1.0401e-07 s (Stepsize: 3.8416e-12 s)
Extrapolating values for t = 1.0401e-07 ... done.
Computing Coupled( 1 poisson-equation(s) , 1 current-contact-equation(s) , 
                   1 electron-equation(s) , 1 hole-equation(s) ) 
using Bank/Rose nonlinear solver.

Iteration   |Rhs|      factor     |step|     error   #inner  #iterative  time
------------------------------------------------------------------------------
    0      5.65e+04                                                      0.04
    1      5.36e+00   1.00e+00   2.46e-03   5.08e+00    0         1      0.10
    2      2.30e-04   1.00e+00   1.31e-07   1.76e-04    0         1      0.16
Finished, because...
Error smaller than 1 ( 1.7608E-04 ).

Accumulated times:
Assembly time:        0.14 s
Solve time:      0.02 s
Total time:      0.16 s

contact        voltage     electron current    hole current     total current
 drain_conta  5.000E-02       2.426E-06         2.255E-22        2.426E-06
 gate_contac  3.284E-03       2.378E-08         0.000E+00        2.378E-08
 source_cont  0.000E+00      -2.450E-06        -1.705E-22       -2.450E-06


Computing BE-step from 1.0401e-07 s to 1.0402e-07 s (Stepsize: 5.3782e-12 s)
Extrapolating values for t = 1.0402e-07 ... done.
Computing Coupled( 1 poisson-equation(s) , 1 current-contact-equation(s) , 
                   1 electron-equation(s) , 1 hole-equation(s) ) 
using Bank/Rose nonlinear solver.

Iteration   |Rhs|      factor     |step|     error   #inner  #iterative  time
------------------------------------------------------------------------------
    0      1.11e+05                                                      0.03
    1      2.10e+01   1.00e+00   3.85e-03   1.01e+01    0         1      0.10
    2      2.10e-04   1.00e+00   4.04e-07   6.50e-04    0         1      0.17
Finished, because...
Error smaller than 1 ( 6.4984E-04 ).

Accumulated times:
Assembly time:        0.14 s
Solve time:      0.03 s
Total time:      0.17 s

contact        voltage     electron current    hole current     total current
 drain_conta  5.000E-02       2.485E-06         2.219E-22        2.485E-06
 gate_contac  4.897E-03       2.394E-08         0.000E+00        2.394E-08
 source_cont  0.000E+00      -2.509E-06        -1.872E-22       -2.509E-06


Computing BE-step from 1.0402e-07 s to 1.0402e-07 s (Stepsize: 3.6762e-12 s)
Extrapolating values for t = 1.0402e-07 ... done.
Computing Coupled( 1 poisson-equation(s) , 1 current-contact-equation(s) , 
                   1 electron-equation(s) , 1 hole-equation(s) ) 
using Bank/Rose nonlinear solver.

Iteration   |Rhs|      factor     |step|     error   #inner  #iterative  time
------------------------------------------------------------------------------
    0      7.44e+04                                                      0.04
    1      9.36e+00   1.00e+00   1.55e-03   7.15e+00    0         1      0.10
    2      2.55e-04   1.00e+00   9.30e-08   2.46e-04    0         1      0.16
Finished, because...
Error smaller than 1 ( 2.4649E-04 ).

Accumulated times:
Assembly time:        0.13 s
Solve time:      0.03 s
Total time:      0.16 s

contact        voltage     electron current    hole current     total current
 drain_conta  5.000E-02       2.525E-06         2.197E-22        2.525E-06
 gate_contac  6.000E-03       2.408E-08         0.000E+00        2.408E-08
 source_cont  0.000E+00      -2.549E-06        -1.971E-22       -2.549E-06


Computing BE-step from 1.0402e-07 s to 1.0403e-07 s (Stepsize: 7.5295e-12 s)
Extrapolating values for t = 1.0403e-07 ... done.
Computing Coupled( 1 poisson-equation(s) , 1 current-contact-equation(s) , 
                   1 electron-equation(s) , 1 hole-equation(s) ) 
using Bank/Rose nonlinear solver.

Iteration   |Rhs|      factor     |step|     error   #inner  #iterative  time
------------------------------------------------------------------------------
    0      4.19e+05                                                      0.04
    1      2.99e+02   1.00e+00   9.44e-03   3.95e+01    0         1      0.10
    2      2.24e-04   1.00e+00   3.40e-06   7.76e-03    0         1      0.17
Finished, because...
Error smaller than 1 ( 7.7552E-03 ).

Accumulated times:
Assembly time:        0.14 s
Solve time:      0.03 s
Total time:      0.17 s

contact        voltage     electron current    hole current     total current
 drain_conta  5.000E-02       2.609E-06         2.162E-22        2.609E-06
 gate_contac  8.259E-03       2.425E-08         0.000E+00        2.425E-08
 source_cont  0.000E+00      -2.633E-06        -2.120E-22       -2.633E-06


Computing BE-step from 1.0403e-07 s to 1.0404e-07 s (Stepsize: 1.0541e-11 s)
Extrapolating values for t = 1.0404e-07 ... done.
Computing Coupled( 1 poisson-equation(s) , 1 current-contact-equation(s) , 
                   1 electron-equation(s) , 1 hole-equation(s) ) 
using Bank/Rose nonlinear solver.

Iteration   |Rhs|      factor     |step|     error   #inner  #iterative  time
------------------------------------------------------------------------------
    0      5.18e+05                                                      0.06
    1      4.55e+02   1.00e+00   8.40e-03   4.49e+01    0         1      0.16
    2      2.75e-04   1.00e+00   4.09e-06   1.16e-02    0         1      0.25
Finished, because...
Error smaller than 1 ( 1.1630E-02 ).

Accumulated times:
Assembly time:        0.21 s
Solve time:      0.04 s
Total time:      0.25 s

contact        voltage     electron current    hole current     total current
 drain_conta  5.000E-02       2.726E-06         2.125E-22        2.726E-06
 gate_contac  1.142E-02       2.455E-08         0.000E+00        2.455E-08
 source_cont  0.000E+00      -2.751E-06        -2.254E-22       -2.751E-06


Computing BE-step from 1.0404e-07 s to 1.0404e-07 s (Stepsize: 1.9291e-12 s)
Extrapolating values for t = 1.0404e-07 ... done.
Computing Coupled( 1 poisson-equation(s) , 1 current-contact-equation(s) , 
                   1 electron-equation(s) , 1 hole-equation(s) ) 
using Bank/Rose nonlinear solver.

Iteration   |Rhs|      factor     |step|     error   #inner  #iterative  time
------------------------------------------------------------------------------
    0      5.38e+04                                                      0.06
    1      4.83e+00   1.00e+00   2.24e-04   4.69e+00    0         1      0.12
    2      2.55e-04   1.00e+00   8.26e-09   1.15e-04    0         1      0.18
Finished, because...
Error smaller than 1 ( 1.1464E-04 ).

Accumulated times:
Assembly time:        0.14 s
Solve time:      0.04 s
Total time:      0.18 s

contact        voltage     electron current    hole current     total current
 drain_conta  5.000E-02       2.748E-06         2.119E-22        2.748E-06
 gate_contac  1.200E-02       2.474E-08         0.000E+00        2.474E-08
 source_cont  0.000E+00      -2.772E-06        -2.276E-22       -2.772E-06


Computing BE-step from 1.0404e-07 s to 1.0405e-07 s (Stepsize: 1.4758e-11 s)
Extrapolating values for t = 1.0405e-07 ... done.
Computing Coupled( 1 poisson-equation(s) , 1 current-contact-equation(s) , 
                   1 electron-equation(s) , 1 hole-equation(s) ) 
using Bank/Rose nonlinear solver.

Iteration   |Rhs|      factor     |step|     error   #inner  #iterative  time
------------------------------------------------------------------------------
    0      1.03e+06                                                      0.04
    1      1.80e+03   1.00e+00   8.28e-03   8.40e+01    0         1      0.10
    2      1.37e-03   1.00e+00   8.40e-06   4.45e-02    0         1      0.15
Finished, because...
Error smaller than 1 ( 4.4479E-02 ).

Accumulated times:
Assembly time:        0.12 s
Solve time:      0.02 s
Total time:      0.15 s

contact        voltage     electron current    hole current     total current
 drain_conta  5.000E-02       2.915E-06         2.085E-22        2.915E-06
 gate_contac  1.643E-02       2.502E-08         0.000E+00        2.502E-08
 source_cont  0.000E+00      -2.940E-06        -2.359E-22       -2.940E-06


Computing BE-step from 1.0405e-07 s to 1.0406e-07 s (Stepsize: 5.2421e-12 s)
Extrapolating values for t = 1.0406e-07 ... done.
Computing Coupled( 1 poisson-equation(s) , 1 current-contact-equation(s) , 
                   1 electron-equation(s) , 1 hole-equation(s) ) 
using Bank/Rose nonlinear solver.

Iteration   |Rhs|      factor     |step|     error   #inner  #iterative  time
------------------------------------------------------------------------------
    0      2.59e+05                                                      0.04
    1      1.11e+02   1.00e+00   1.07e-03   2.04e+01    0         1      0.10
    2      3.10e-04   1.00e+00   2.18e-07   2.78e-03    0         1      0.16
Finished, because...
Error smaller than 1 ( 2.7801E-03 ).

Accumulated times:
Assembly time:        0.14 s
Solve time:      0.02 s
Total time:      0.16 s

contact        voltage     electron current    hole current     total current
 drain_conta  5.000E-02       2.975E-06         2.075E-22        2.975E-06
 gate_contac  1.800E-02       2.534E-08         0.000E+00        2.534E-08
 source_cont  0.000E+00      -3.000E-06        -2.377E-22       -3.000E-06


Computing BE-step from 1.0406e-07 s to 1.0408e-07 s (Stepsize: 2.0000e-11 s)
Extrapolating values for t = 1.0408e-07 ... done.
Computing Coupled( 1 poisson-equation(s) , 1 current-contact-equation(s) , 
                   1 electron-equation(s) , 1 hole-equation(s) ) 
using Bank/Rose nonlinear solver.

Iteration   |Rhs|      factor     |step|     error   #inner  #iterative  time
------------------------------------------------------------------------------
    0      2.44e+06                                                      0.07
    1      9.97e+03   1.00e+00   9.29e-03   1.91e+02    0         1      0.18
    2      3.30e-02   1.00e+00   2.10e-05   2.11e-01    0         1      0.29
Finished, because...
Error smaller than 1 ( 2.1138E-01 ).

Accumulated times:
Assembly time:        0.24 s
Solve time:      0.05 s
Total time:      0.29 s

contact        voltage     electron current    hole current     total current
 drain_conta  5.000E-02       3.204E-06         2.047E-22        3.204E-06
 gate_contac  2.400E-02       2.570E-08         0.000E+00        2.570E-08
 source_cont  0.000E+00      -3.229E-06        -2.385E-22       -3.229E-06


Computing BE-step from 1.0408e-07 s to 1.0410e-07 s (Stepsize: 2.0000e-11 s)
Extrapolating values for t = 1.0410e-07 ... done.
Computing Coupled( 1 poisson-equation(s) , 1 current-contact-equation(s) , 
                   1 electron-equation(s) , 1 hole-equation(s) ) 
using Bank/Rose nonlinear solver.

Iteration   |Rhs|      factor     |step|     error   #inner  #iterative  time
------------------------------------------------------------------------------
    0      2.08e+06                                                      0.06
    1      7.06e+03   1.00e+00   3.51e-03   1.54e+02    0         1      0.15
    2      1.22e-02   1.00e+00   5.06e-06   1.35e-01    0         1      0.24
Finished, because...
Error smaller than 1 ( 1.3542E-01 ).

Accumulated times:
Assembly time:        0.20 s
Solve time:      0.03 s
Total time:      0.24 s

contact        voltage     electron current    hole current     total current
 drain_conta  5.000E-02       3.433E-06         2.024E-22        3.433E-06
 gate_contac  3.000E-02       2.628E-08         0.000E+00        2.628E-08
 source_cont  0.000E+00      -3.460E-06        -2.356E-22       -3.460E-06


Computing BE-step from 1.0410e-07 s to 1.0412e-07 s (Stepsize: 2.0000e-11 s)
Extrapolating values for t = 1.0412e-07 ... done.
Computing Coupled( 1 poisson-equation(s) , 1 current-contact-equation(s) , 
                   1 electron-equation(s) , 1 hole-equation(s) ) 
using Bank/Rose nonlinear solver.

Iteration   |Rhs|      factor     |step|     error   #inner  #iterative  time
------------------------------------------------------------------------------
    0      1.84e+06                                                      0.06
    1      5.35e+03   1.00e+00   2.06e-03   1.23e+02    0         1      0.15
    2      4.24e-03   1.00e+00   2.19e-06   9.73e-02    0         1      0.24
Finished, because...
Error smaller than 1 ( 9.7294E-02 ).

Accumulated times:
Assembly time:        0.20 s
Solve time:      0.04 s
Total time:      0.24 s

contact        voltage     electron current    hole current     total current
 drain_conta  5.000E-02       3.664E-06         2.005E-22        3.664E-06
 gate_contac  3.600E-02       2.685E-08         0.000E+00        2.685E-08
 source_cont  0.000E+00      -3.691E-06        -2.310E-22       -3.691E-06


Computing BE-step from 1.0412e-07 s to 1.0414e-07 s (Stepsize: 2.0000e-11 s)
Extrapolating values for t = 1.0414e-07 ... done.
Computing Coupled( 1 poisson-equation(s) , 1 current-contact-equation(s) , 
                   1 electron-equation(s) , 1 hole-equation(s) ) 
using Bank/Rose nonlinear solver.

Iteration   |Rhs|      factor     |step|     error   #inner  #iterative  time
------------------------------------------------------------------------------
    0      5.69e+06                                                      0.04
    1      5.09e+04   1.00e+00   6.09e-03   3.61e+02    0         1      0.10
    2      3.55e-01   1.00e+00   2.14e-05   8.68e-01    0         1      0.16
Finished, because...
Error smaller than 1 ( 8.6813E-01 ).

Accumulated times:
Assembly time:        0.13 s
Solve time:      0.02 s
Total time:      0.16 s

contact        voltage     electron current    hole current     total current
 drain_conta  5.000E-02       3.896E-06         1.985E-22        3.896E-06
 gate_contac  4.200E-02       2.742E-08         0.000E+00        2.742E-08
 source_cont  0.000E+00      -3.923E-06        -2.259E-22       -3.923E-06


Computing BE-step from 1.0414e-07 s to 1.0416e-07 s (Stepsize: 2.0000e-11 s)
Extrapolating values for t = 1.0416e-07 ... done.
Computing Coupled( 1 poisson-equation(s) , 1 current-contact-equation(s) , 
                   1 electron-equation(s) , 1 hole-equation(s) ) 
using Bank/Rose nonlinear solver.

Iteration   |Rhs|      factor     |step|     error   #inner  #iterative  time
------------------------------------------------------------------------------
    0      2.87e+06                                                      0.04
    1      1.20e+04   1.00e+00   3.15e-03   1.65e+02    0         1      0.10
    2      1.45e-02   1.00e+00   6.45e-06   1.76e-01    0         1      0.16
Finished, because...
Error smaller than 1 ( 1.7629E-01 ).

Accumulated times:
Assembly time:        0.14 s
Solve time:      0.02 s
Total time:      0.16 s

contact        voltage     electron current    hole current     total current
 drain_conta  5.000E-02       4.128E-06         1.966E-22        4.128E-06
 gate_contac  4.800E-02       2.796E-08         0.000E+00        2.796E-08
 source_cont  0.000E+00      -4.156E-06        -2.208E-22       -4.156E-06


Computing BE-step from 1.0416e-07 s to 1.0418e-07 s (Stepsize: 2.0000e-11 s)
Extrapolating values for t = 1.0418e-07 ... done.
Computing Coupled( 1 poisson-equation(s) , 1 current-contact-equation(s) , 
                   1 electron-equation(s) , 1 hole-equation(s) ) 
using Bank/Rose nonlinear solver.

Iteration   |Rhs|      factor     |step|     error   #inner  #iterative  time
------------------------------------------------------------------------------
    0      7.95e+06                                                      0.04
    1      8.91e+04   1.00e+00   8.38e-03   4.37e+02    0         1      0.13
    2      7.03e-01   1.00e+00   4.61e-05   1.16e+00    0         1      0.19
    3      6.37e-04   1.00e+00   7.32e-10   1.13e-05    0         1      0.25
Finished, because...
Error smaller than 1 ( 1.1308E-05 ).

Accumulated times:
Assembly time:        0.19 s
Solve time:      0.05 s
Total time:      0.25 s

contact        voltage     electron current    hole current     total current
 drain_conta  5.000E-02       4.360E-06         1.946E-22        4.360E-06
 gate_contac  5.400E-02       2.847E-08         0.000E+00        2.847E-08
 source_cont  0.000E+00      -4.388E-06        -2.159E-22       -4.388E-06


Computing BE-step from 1.0418e-07 s to 1.0420e-07 s (Stepsize: 2.0000e-11 s)
Extrapolating values for t = 1.0420e-07 ... done.
Computing Coupled( 1 poisson-equation(s) , 1 current-contact-equation(s) , 
                   1 electron-equation(s) , 1 hole-equation(s) ) 
using Bank/Rose nonlinear solver.

Iteration   |Rhs|      factor     |step|     error   #inner  #iterative  time
------------------------------------------------------------------------------
    0      3.02e+06                                                      0.04
    1      1.11e+04   1.00e+00   3.04e-03   1.54e+02    0         1      0.09
    2      1.03e-02   1.00e+00   5.78e-06   1.27e-01    0         1      0.15
Finished, because...
Error smaller than 1 ( 1.2713E-01 ).

Accumulated times:
Assembly time:        0.12 s
Solve time:      0.02 s
Total time:      0.15 s

contact        voltage     electron current    hole current     total current
 drain_conta  5.000E-02       4.589E-06         1.925E-22        4.589E-06
 gate_contac  6.000E-02       2.893E-08         0.000E+00        2.893E-08
 source_cont  0.000E+00      -4.618E-06        -2.112E-22       -4.618E-06


Computing BE-step from 1.0420e-07 s to 1.0422e-07 s (Stepsize: 2.0000e-11 s)
Extrapolating values for t = 1.0422e-07 ... done.
Computing Coupled( 1 poisson-equation(s) , 1 current-contact-equation(s) , 
                   1 electron-equation(s) , 1 hole-equation(s) ) 
using Bank/Rose nonlinear solver.

Iteration   |Rhs|      factor     |step|     error   #inner  #iterative  time
------------------------------------------------------------------------------
    0      8.42e+06                                                      0.04
    1      8.21e+04   1.00e+00   7.96e-03   4.03e+02    0         1      0.09
    2      4.75e-01   1.00e+00   3.98e-05   8.38e-01    0         1      0.15
Finished, because...
Error smaller than 1 ( 8.3804E-01 ).

Accumulated times:
Assembly time:        0.12 s
Solve time:      0.03 s
Total time:      0.15 s

contact        voltage     electron current    hole current     total current
 drain_conta  5.000E-02       4.817E-06         1.903E-22        4.817E-06
 gate_contac  6.600E-02       2.940E-08         0.000E+00        2.940E-08
 source_cont  0.000E+00      -4.846E-06        -2.069E-22       -4.846E-06


Computing BE-step from 1.0422e-07 s to 1.0424e-07 s (Stepsize: 2.0000e-11 s)
Extrapolating values for t = 1.0424e-07 ... done.
Computing Coupled( 1 poisson-equation(s) , 1 current-contact-equation(s) , 
                   1 electron-equation(s) , 1 hole-equation(s) ) 
using Bank/Rose nonlinear solver.

Iteration   |Rhs|      factor     |step|     error   #inner  #iterative  time
------------------------------------------------------------------------------
    0      3.25e+06                                                      0.04
    1      1.01e+04   1.00e+00   2.73e-03   1.37e+02    0         1      0.10
    2      5.53e-03   1.00e+00   4.59e-06   9.48e-02    0         1      0.16
Finished, because...
Error smaller than 1 ( 9.4817E-02 ).

Accumulated times:
Assembly time:        0.14 s
Solve time:      0.02 s
Total time:      0.16 s

contact        voltage     electron current    hole current     total current
 drain_conta  5.000E-02       5.043E-06         1.881E-22        5.043E-06
 gate_contac  7.200E-02       2.984E-08         0.000E+00        2.984E-08
 source_cont  0.000E+00      -5.073E-06        -2.028E-22       -5.073E-06


Computing BE-step from 1.0424e-07 s to 1.0426e-07 s (Stepsize: 2.0000e-11 s)
Extrapolating values for t = 1.0426e-07 ... done.
Computing Coupled( 1 poisson-equation(s) , 1 current-contact-equation(s) , 
                   1 electron-equation(s) , 1 hole-equation(s) ) 
using Bank/Rose nonlinear solver.

Iteration   |Rhs|      factor     |step|     error   #inner  #iterative  time
------------------------------------------------------------------------------
    0      9.39e+06                                                      0.03
    1      7.44e+04   1.00e+00   7.13e-03   3.60e+02    0         1      0.10
    2      2.54e-01   1.00e+00   3.18e-05   6.32e-01    0         1      0.16
Finished, because...
Error smaller than 1 ( 6.3183E-01 ).

Accumulated times:
Assembly time:        0.13 s
Solve time:      0.03 s
Total time:      0.16 s

contact        voltage     electron current    hole current     total current
 drain_conta  5.000E-02       5.268E-06         1.859E-22        5.268E-06
 gate_contac  7.800E-02       3.026E-08         0.000E+00        3.026E-08
 source_cont  0.000E+00      -5.299E-06        -1.989E-22       -5.299E-06


Computing BE-step from 1.0426e-07 s to 1.0428e-07 s (Stepsize: 2.0000e-11 s)
Extrapolating values for t = 1.0428e-07 ... done.
Computing Coupled( 1 poisson-equation(s) , 1 current-contact-equation(s) , 
                   1 electron-equation(s) , 1 hole-equation(s) ) 
using Bank/Rose nonlinear solver.

Iteration   |Rhs|      factor     |step|     error   #inner  #iterative  time
------------------------------------------------------------------------------
    0      2.90e+06                                                      0.04
    1      9.30e+03   1.00e+00   2.43e-03   1.22e+02    0         1      0.10
    2      3.61e-03   1.00e+00   3.87e-06   7.63e-02    0         1      0.16
Finished, because...
Error smaller than 1 ( 7.6340E-02 ).

Accumulated times:
Assembly time:        0.13 s
Solve time:      0.03 s
Total time:      0.16 s

contact        voltage     electron current    hole current     total current
 drain_conta  5.000E-02       5.491E-06         1.836E-22        5.491E-06
 gate_contac  8.400E-02       3.068E-08         0.000E+00        3.068E-08
 source_cont  0.000E+00      -5.522E-06        -1.953E-22       -5.522E-06


Computing BE-step from 1.0428e-07 s to 1.0430e-07 s (Stepsize: 2.0000e-11 s)
Extrapolating values for t = 1.0430e-07 ... done.
Computing Coupled( 1 poisson-equation(s) , 1 current-contact-equation(s) , 
                   1 electron-equation(s) , 1 hole-equation(s) ) 
using Bank/Rose nonlinear solver.

Iteration   |Rhs|      factor     |step|     error   #inner  #iterative  time
------------------------------------------------------------------------------
    0      8.00e+06                                                      0.04
    1      6.84e+04   1.00e+00   6.34e-03   3.22e+02    0         1      0.10
    2      1.83e-01   1.00e+00   2.66e-05   5.15e-01    0         1      0.18
Finished, because...
Error smaller than 1 ( 5.1513E-01 ).

Accumulated times:
Assembly time:        0.16 s
Solve time:      0.02 s
Total time:      0.18 s

contact        voltage     electron current    hole current     total current
 drain_conta  5.000E-02       5.712E-06         1.813E-22        5.712E-06
 gate_contac  9.000E-02       3.107E-08         0.000E+00        3.107E-08
 source_cont  0.000E+00      -5.743E-06        -1.918E-22       -5.743E-06


Computing BE-step from 1.0430e-07 s to 1.0432e-07 s (Stepsize: 2.0000e-11 s)
Extrapolating values for t = 1.0432e-07 ... done.
Computing Coupled( 1 poisson-equation(s) , 1 current-contact-equation(s) , 
                   1 electron-equation(s) , 1 hole-equation(s) ) 
using Bank/Rose nonlinear solver.

Iteration   |Rhs|      factor     |step|     error   #inner  #iterative  time
------------------------------------------------------------------------------
    0      3.01e+06                                                      0.06
    1      8.46e+03   1.00e+00   2.15e-03   1.12e+02    0         1      0.15
    2      3.39e-03   1.00e+00   3.06e-06   6.26e-02    0         1      0.24
Finished, because...
Error smaller than 1 ( 6.2634E-02 ).

Accumulated times:
Assembly time:        0.20 s
Solve time:      0.04 s
Total time:      0.24 s

contact        voltage     electron current    hole current     total current
 drain_conta  5.000E-02       5.931E-06         1.790E-22        5.931E-06
 gate_contac  9.600E-02       3.144E-08         0.000E+00        3.144E-08
 source_cont  0.000E+00      -5.963E-06        -1.885E-22       -5.963E-06


Computing BE-step from 1.0432e-07 s to 1.0434e-07 s (Stepsize: 2.0000e-11 s)
Extrapolating values for t = 1.0434e-07 ... done.
Computing Coupled( 1 poisson-equation(s) , 1 current-contact-equation(s) , 
                   1 electron-equation(s) , 1 hole-equation(s) ) 
using Bank/Rose nonlinear solver.

Iteration   |Rhs|      factor     |step|     error   #inner  #iterative  time
------------------------------------------------------------------------------
    0      8.33e+06                                                      0.04
    1      6.18e+04   1.00e+00   5.61e-03   2.95e+02    0         1      0.10
    2      1.55e-01   1.00e+00   2.09e-05   4.19e-01    0         1      0.16
Finished, because...
Error smaller than 1 ( 4.1895E-01 ).

Accumulated times:
Assembly time:        0.14 s
Solve time:      0.02 s
Total time:      0.16 s

contact        voltage     electron current    hole current     total current
 drain_conta  5.000E-02       6.149E-06         1.767E-22        6.149E-06
 gate_contac  1.020E-01       3.179E-08         0.000E+00        3.179E-08
 source_cont  0.000E+00      -6.181E-06        -1.853E-22       -6.181E-06


Computing BE-step from 1.0434e-07 s to 1.0436e-07 s (Stepsize: 2.0000e-11 s)
Extrapolating values for t = 1.0436e-07 ... done.
Computing Coupled( 1 poisson-equation(s) , 1 current-contact-equation(s) , 
                   1 electron-equation(s) , 1 hole-equation(s) ) 
using Bank/Rose nonlinear solver.

Iteration   |Rhs|      factor     |step|     error   #inner  #iterative  time
------------------------------------------------------------------------------
    0      3.15e+06                                                      0.04
    1      7.59e+03   1.00e+00   1.90e-03   1.02e+02    0         1      0.10
    2      1.91e-03   1.00e+00   2.32e-06   4.84e-02    0         1      0.16
Finished, because...
Error smaller than 1 ( 4.8411E-02 ).

Accumulated times:
Assembly time:        0.14 s
Solve time:      0.02 s
Total time:      0.16 s

contact        voltage     electron current    hole current     total current
 drain_conta  5.000E-02       6.365E-06         1.745E-22        6.365E-06
 gate_contac  1.080E-01       3.214E-08         0.000E+00        3.214E-08
 source_cont  0.000E+00      -6.397E-06        -1.823E-22       -6.397E-06


Computing BE-step from 1.0436e-07 s to 1.0438e-07 s (Stepsize: 2.0000e-11 s)
Extrapolating values for t = 1.0438e-07 ... done.
Computing Coupled( 1 poisson-equation(s) , 1 current-contact-equation(s) , 
                   1 electron-equation(s) , 1 hole-equation(s) ) 
using Bank/Rose nonlinear solver.

Iteration   |Rhs|      factor     |step|     error   #inner  #iterative  time
------------------------------------------------------------------------------
    0      8.80e+06                                                      0.03
    1      5.55e+04   1.00e+00   4.95e-03   2.68e+02    0         1      0.10
    2      9.02e-02   1.00e+00   1.59e-05   3.26e-01    0         1      0.16
Finished, because...
Error smaller than 1 ( 3.2598E-01 ).

Accumulated times:
Assembly time:        0.13 s
Solve time:      0.03 s
Total time:      0.16 s

contact        voltage     electron current    hole current     total current
 drain_conta  5.000E-02       6.579E-06         1.723E-22        6.579E-06
 gate_contac  1.140E-01       3.246E-08         0.000E+00        3.246E-08
 source_cont  0.000E+00      -6.612E-06        -1.794E-22       -6.612E-06


Computing BE-step from 1.0438e-07 s to 1.0440e-07 s (Stepsize: 2.0000e-11 s)
Extrapolating values for t = 1.0440e-07 ... done.
Computing Coupled( 1 poisson-equation(s) , 1 current-contact-equation(s) , 
                   1 electron-equation(s) , 1 hole-equation(s) ) 
using Bank/Rose nonlinear solver.

Iteration   |Rhs|      factor     |step|     error   #inner  #iterative  time
------------------------------------------------------------------------------
    0      3.39e+06                                                      0.04
    1      6.77e+03   1.00e+00   1.69e-03   9.34e+01    0         1      0.11
    2      1.59e-03   1.00e+00   1.83e-06   3.97e-02    0         1      0.18
Finished, because...
Error smaller than 1 ( 3.9727E-02 ).

Accumulated times:
Assembly time:        0.15 s
Solve time:      0.03 s
Total time:      0.18 s

contact        voltage     electron current    hole current     total current
 drain_conta  5.000E-02       6.792E-06         1.701E-22        6.792E-06
 gate_contac  1.200E-01       3.276E-08         0.000E+00        3.276E-08
 source_cont  0.000E+00      -6.825E-06        -1.766E-22       -6.825E-06


Computing BE-step from 1.0440e-07 s to 1.0442e-07 s (Stepsize: 2.0000e-11 s)
Extrapolating values for t = 1.0442e-07 ... done.
Computing Coupled( 1 poisson-equation(s) , 1 current-contact-equation(s) , 
                   1 electron-equation(s) , 1 hole-equation(s) ) 
using Bank/Rose nonlinear solver.

Iteration   |Rhs|      factor     |step|     error   #inner  #iterative  time
------------------------------------------------------------------------------
    0      9.75e+06                                                      0.04
    1      4.95e+04   1.00e+00   4.43e-03   2.46e+02    0         1      0.12
    2      8.30e-02   1.00e+00   1.27e-05   2.69e-01    0         1      0.19
Finished, because...
Error smaller than 1 ( 2.6902E-01 ).

Accumulated times:
Assembly time:        0.16 s
Solve time:      0.02 s
Total time:      0.19 s

contact        voltage     electron current    hole current     total current
 drain_conta  5.000E-02       7.004E-06         1.680E-22        7.004E-06
 gate_contac  1.260E-01       3.306E-08         0.000E+00        3.306E-08
 source_cont  0.000E+00      -7.037E-06        -1.739E-22       -7.037E-06


Computing BE-step from 1.0442e-07 s to 1.0444e-07 s (Stepsize: 2.0000e-11 s)
Extrapolating values for t = 1.0444e-07 ... done.
Computing Coupled( 1 poisson-equation(s) , 1 current-contact-equation(s) , 
                   1 electron-equation(s) , 1 hole-equation(s) ) 
using Bank/Rose nonlinear solver.

Iteration   |Rhs|      factor     |step|     error   #inner  #iterative  time
------------------------------------------------------------------------------
    0      3.31e+06                                                      0.04
    1      6.14e+03   1.00e+00   1.52e-03   8.52e+01    0         1      0.10
    2      1.42e-03   1.00e+00   1.49e-06   3.30e-02    0         1      0.16
Finished, because...
Error smaller than 1 ( 3.2981E-02 ).

Accumulated times:
Assembly time:        0.14 s
Solve time:      0.02 s
Total time:      0.16 s

contact        voltage     electron current    hole current     total current
 drain_conta  5.000E-02       7.213E-06         1.659E-22        7.213E-06
 gate_contac  1.320E-01       3.334E-08         0.000E+00        3.334E-08
 source_cont  0.000E+00      -7.246E-06        -1.714E-22       -7.246E-06


Computing BE-step from 1.0444e-07 s to 1.0446e-07 s (Stepsize: 2.0000e-11 s)
Extrapolating values for t = 1.0446e-07 ... done.
Computing Coupled( 1 poisson-equation(s) , 1 current-contact-equation(s) , 
                   1 electron-equation(s) , 1 hole-equation(s) ) 
using Bank/Rose nonlinear solver.

Iteration   |Rhs|      factor     |step|     error   #inner  #iterative  time
------------------------------------------------------------------------------
    0      8.52e+06                                                      0.04
    1      4.50e+04   1.00e+00   4.00e-03   2.24e+02    0         1      0.10
    2      7.33e-02   1.00e+00   1.04e-05   2.24e-01    0         1      0.16
Finished, because...
Error smaller than 1 ( 2.2382E-01 ).

Accumulated times:
Assembly time:        0.13 s
Solve time:      0.02 s
Total time:      0.16 s

contact        voltage     electron current    hole current     total current
 drain_conta  5.000E-02       7.421E-06         1.639E-22        7.421E-06
 gate_contac  1.380E-01       3.361E-08         0.000E+00        3.361E-08
 source_cont  0.000E+00      -7.454E-06        -1.689E-22       -7.454E-06


Computing BE-step from 1.0446e-07 s to 1.0448e-07 s (Stepsize: 2.0000e-11 s)
Extrapolating values for t = 1.0448e-07 ... done.
Computing Coupled( 1 poisson-equation(s) , 1 current-contact-equation(s) , 
                   1 electron-equation(s) , 1 hole-equation(s) ) 
using Bank/Rose nonlinear solver.

Iteration   |Rhs|      factor     |step|     error   #inner  #iterative  time
------------------------------------------------------------------------------
    0      3.06e+06                                                      0.04
    1      5.61e+03   1.00e+00   1.40e-03   7.79e+01    0         1      0.12
    2      1.29e-03   1.00e+00   1.28e-06   2.77e-02    0         1      0.22
Finished, because...
Error smaller than 1 ( 2.7707E-02 ).

Accumulated times:
Assembly time:        0.19 s
Solve time:      0.02 s
Total time:      0.22 s

contact        voltage     electron current    hole current     total current
 drain_conta  5.000E-02       7.626E-06         1.619E-22        7.626E-06
 gate_contac  1.440E-01       3.388E-08         0.000E+00        3.388E-08
 source_cont  0.000E+00      -7.660E-06        -1.665E-22       -7.660E-06


Computing BE-step from 1.0448e-07 s to 1.0450e-07 s (Stepsize: 2.0000e-11 s)
Extrapolating values for t = 1.0450e-07 ... done.
Computing Coupled( 1 poisson-equation(s) , 1 current-contact-equation(s) , 
                   1 electron-equation(s) , 1 hole-equation(s) ) 
using Bank/Rose nonlinear solver.

Iteration   |Rhs|      factor     |step|     error   #inner  #iterative  time
------------------------------------------------------------------------------
    0      7.98e+06                                                      0.06
    1      4.10e+04   1.00e+00   3.67e-03   2.05e+02    0         1      0.16
    2      5.60e-02   1.00e+00   8.59e-06   1.75e-01    0         1      0.23
Finished, because...
Error smaller than 1 ( 1.7503E-01 ).

Accumulated times:
Assembly time:        0.19 s
Solve time:      0.04 s
Total time:      0.23 s

contact        voltage     electron current    hole current     total current
 drain_conta  5.000E-02       7.830E-06         1.600E-22        7.830E-06
 gate_contac  1.500E-01       3.413E-08         0.000E+00        3.413E-08
 source_cont  0.000E+00      -7.864E-06        -1.643E-22       -7.864E-06


Computing BE-step from 1.0450e-07 s to 1.0452e-07 s (Stepsize: 2.0000e-11 s)
Extrapolating values for t = 1.0452e-07 ... done.
Computing Coupled( 1 poisson-equation(s) , 1 current-contact-equation(s) , 
                   1 electron-equation(s) , 1 hole-equation(s) ) 
using Bank/Rose nonlinear solver.

Iteration   |Rhs|      factor     |step|     error   #inner  #iterative  time
------------------------------------------------------------------------------
    0      3.16e+06                                                      0.04
    1      5.08e+03   1.00e+00   1.26e-03   7.18e+01    0         1      0.10
    2      1.34e-03   1.00e+00   1.01e-06   2.30e-02    0         1      0.17
Finished, because...
Error smaller than 1 ( 2.2994E-02 ).

Accumulated times:
Assembly time:        0.15 s
Solve time:      0.02 s
Total time:      0.17 s

contact        voltage     electron current    hole current     total current
 drain_conta  5.000E-02       8.031E-06         1.581E-22        8.031E-06
 gate_contac  1.560E-01       3.436E-08         0.000E+00        3.436E-08
 source_cont  0.000E+00      -8.065E-06        -1.621E-22       -8.065E-06


Computing BE-step from 1.0452e-07 s to 1.0454e-07 s (Stepsize: 2.0000e-11 s)
Extrapolating values for t = 1.0454e-07 ... done.
Computing Coupled( 1 poisson-equation(s) , 1 current-contact-equation(s) , 
                   1 electron-equation(s) , 1 hole-equation(s) ) 
using Bank/Rose nonlinear solver.

Iteration   |Rhs|      factor     |step|     error   #inner  #iterative  time
------------------------------------------------------------------------------
    0      8.86e+06                                                      0.06
    1      3.72e+04   1.00e+00   3.33e-03   1.89e+02    0         1      0.17
    2      5.35e-02   1.00e+00   7.03e-06   1.56e-01    0         1      0.26
Finished, because...
Error smaller than 1 ( 1.5598E-01 ).

Accumulated times:
Assembly time:        0.21 s
Solve time:      0.04 s
Total time:      0.26 s

contact        voltage     electron current    hole current     total current
 drain_conta  5.000E-02       8.229E-06         1.563E-22        8.229E-06
 gate_contac  1.620E-01       3.459E-08         0.000E+00        3.459E-08
 source_cont  0.000E+00      -8.263E-06        -1.600E-22       -8.263E-06


Computing BE-step from 1.0454e-07 s to 1.0456e-07 s (Stepsize: 2.0000e-11 s)
Extrapolating values for t = 1.0456e-07 ... done.
Computing Coupled( 1 poisson-equation(s) , 1 current-contact-equation(s) , 
                   1 electron-equation(s) , 1 hole-equation(s) ) 
using Bank/Rose nonlinear solver.

Iteration   |Rhs|      factor     |step|     error   #inner  #iterative  time
------------------------------------------------------------------------------
    0      3.53e+06                                                      0.04
    1      4.65e+03   1.00e+00   1.18e-03   6.58e+01    0         1      0.10
    2      1.25e-03   1.00e+00   8.91e-07   1.94e-02    0         1      0.16
Finished, because...
Error smaller than 1 ( 1.9384E-02 ).

Accumulated times:
Assembly time:        0.14 s
Solve time:      0.02 s
Total time:      0.16 s

contact        voltage     electron current    hole current     total current
 drain_conta  5.000E-02       8.424E-06         1.546E-22        8.424E-06
 gate_contac  1.680E-01       3.481E-08         0.000E+00        3.481E-08
 source_cont  0.000E+00      -8.459E-06        -1.580E-22       -8.459E-06


Computing BE-step from 1.0456e-07 s to 1.0458e-07 s (Stepsize: 2.0000e-11 s)
Extrapolating values for t = 1.0458e-07 ... done.
Computing Coupled( 1 poisson-equation(s) , 1 current-contact-equation(s) , 
                   1 electron-equation(s) , 1 hole-equation(s) ) 
using Bank/Rose nonlinear solver.

Iteration   |Rhs|      factor     |step|     error   #inner  #iterative  time
------------------------------------------------------------------------------
    0      9.88e+06                                                      0.03
    1      3.42e+04   1.00e+00   3.11e-03   1.73e+02    0         1      0.12
    2      4.43e-02   1.00e+00   6.26e-06   1.32e-01    0         1      0.22
Finished, because...
Error smaller than 1 ( 1.3215E-01 ).

Accumulated times:
Assembly time:        0.17 s
Solve time:      0.03 s
Total time:      0.22 s

contact        voltage     electron current    hole current     total current
 drain_conta  5.000E-02       8.616E-06         1.529E-22        8.616E-06
 gate_contac  1.740E-01       3.503E-08         0.000E+00        3.503E-08
 source_cont  0.000E+00      -8.651E-06        -1.560E-22       -8.651E-06


Computing BE-step from 1.0458e-07 s to 1.0460e-07 s (Stepsize: 2.0000e-11 s)
Extrapolating values for t = 1.0460e-07 ... done.
Computing Coupled( 1 poisson-equation(s) , 1 current-contact-equation(s) , 
                   1 electron-equation(s) , 1 hole-equation(s) ) 
using Bank/Rose nonlinear solver.

Iteration   |Rhs|      factor     |step|     error   #inner  #iterative  time
------------------------------------------------------------------------------
    0      3.92e+06                                                      0.06
    1      4.37e+03   1.00e+00   1.10e-03   6.01e+01    0         1      0.13
    2      1.37e-03   1.00e+00   8.24e-07   1.69e-02    0         1      0.18
Finished, because...
Error smaller than 1 ( 1.6879E-02 ).

Accumulated times:
Assembly time:        0.14 s
Solve time:      0.04 s
Total time:      0.18 s

contact        voltage     electron current    hole current     total current
 drain_conta  5.000E-02       8.806E-06         1.512E-22        8.806E-06
 gate_contac  1.800E-01       3.524E-08         0.000E+00        3.524E-08
 source_cont  0.000E+00      -8.841E-06        -1.541E-22       -8.841E-06


Computing BE-step from 1.0460e-07 s to 1.0462e-07 s (Stepsize: 2.0000e-11 s)
Extrapolating values for t = 1.0462e-07 ... done.
Computing Coupled( 1 poisson-equation(s) , 1 current-contact-equation(s) , 
                   1 electron-equation(s) , 1 hole-equation(s) ) 
using Bank/Rose nonlinear solver.

Iteration   |Rhs|      factor     |step|     error   #inner  #iterative  time
------------------------------------------------------------------------------
    0      1.10e+07                                                      0.05
    1      3.24e+04   1.00e+00   2.88e-03   1.58e+02    0         1      0.15
    2      3.65e-02   1.00e+00   5.69e-06   1.13e-01    0         1      0.23
Finished, because...
Error smaller than 1 ( 1.1333E-01 ).

Accumulated times:
Assembly time:        0.18 s
Solve time:      0.04 s
Total time:      0.23 s

contact        voltage     electron current    hole current     total current
 drain_conta  5.000E-02       8.993E-06         1.496E-22        8.993E-06
 gate_contac  1.860E-01       3.545E-08         0.000E+00        3.545E-08
 source_cont  0.000E+00      -9.028E-06        -1.523E-22       -9.028E-06


Computing BE-step from 1.0462e-07 s to 1.0464e-07 s (Stepsize: 2.0000e-11 s)
Extrapolating values for t = 1.0464e-07 ... done.
Computing Coupled( 1 poisson-equation(s) , 1 current-contact-equation(s) , 
                   1 electron-equation(s) , 1 hole-equation(s) ) 
using Bank/Rose nonlinear solver.

Iteration   |Rhs|      factor     |step|     error   #inner  #iterative  time
------------------------------------------------------------------------------
    0      4.33e+06                                                      0.04
    1      4.30e+03   1.00e+00   1.01e-03   5.52e+01    0         1      0.10
    2      1.33e-03   1.00e+00   7.20e-07   1.42e-02    0         1      0.19
Finished, because...
Error smaller than 1 ( 1.4242E-02 ).

Accumulated times:
Assembly time:        0.15 s
Solve time:      0.04 s
Total time:      0.19 s

contact        voltage     electron current    hole current     total current
 drain_conta  5.000E-02       9.177E-06         1.480E-22        9.177E-06
 gate_contac  1.920E-01       3.565E-08         0.000E+00        3.565E-08
 source_cont  0.000E+00      -9.213E-06        -1.506E-22       -9.213E-06


Computing BE-step from 1.0464e-07 s to 1.0466e-07 s (Stepsize: 2.0000e-11 s)
Extrapolating values for t = 1.0466e-07 ... done.
Computing Coupled( 1 poisson-equation(s) , 1 current-contact-equation(s) , 
                   1 electron-equation(s) , 1 hole-equation(s) ) 
using Bank/Rose nonlinear solver.

Iteration   |Rhs|      factor     |step|     error   #inner  #iterative  time
------------------------------------------------------------------------------
    0      1.21e+07                                                      0.06
    1      3.17e+04   1.00e+00   2.65e-03   1.45e+02    0         1      0.16
    2      3.33e-02   1.00e+00   5.01e-06   9.72e-02    0         1      0.25
Finished, because...
Error smaller than 1 ( 9.7175E-02 ).

Accumulated times:
Assembly time:        0.21 s
Solve time:      0.04 s
Total time:      0.25 s

contact        voltage     electron current    hole current     total current
 drain_conta  5.000E-02       9.358E-06         1.465E-22        9.358E-06
 gate_contac  1.980E-01       3.585E-08         0.000E+00        3.585E-08
 source_cont  0.000E+00      -9.394E-06        -1.489E-22       -9.394E-06


Computing BE-step from 1.0466e-07 s to 1.0468e-07 s (Stepsize: 2.0000e-11 s)
Extrapolating values for t = 1.0468e-07 ... done.
Computing Coupled( 1 poisson-equation(s) , 1 current-contact-equation(s) , 
                   1 electron-equation(s) , 1 hole-equation(s) ) 
using Bank/Rose nonlinear solver.

Iteration   |Rhs|      factor     |step|     error   #inner  #iterative  time
------------------------------------------------------------------------------
    0      4.76e+06                                                      0.06
    1      4.02e+03   1.00e+00   9.25e-04   5.13e+01    0         1      0.16
    2      1.10e-03   1.00e+00   5.97e-07   1.20e-02    0         1      0.25
Finished, because...
Error smaller than 1 ( 1.1977E-02 ).

Accumulated times:
Assembly time:        0.20 s
Solve time:      0.04 s
Total time:      0.25 s

contact        voltage     electron current    hole current     total current
 drain_conta  5.000E-02       9.538E-06         1.450E-22        9.538E-06
 gate_contac  2.040E-01       3.603E-08         0.000E+00        3.603E-08
 source_cont  0.000E+00      -9.574E-06        -1.473E-22       -9.574E-06


Computing BE-step from 1.0468e-07 s to 1.0470e-07 s (Stepsize: 2.0000e-11 s)
Extrapolating values for t = 1.0470e-07 ... done.
Computing Coupled( 1 poisson-equation(s) , 1 current-contact-equation(s) , 
                   1 electron-equation(s) , 1 hole-equation(s) ) 
using Bank/Rose nonlinear solver.

Iteration   |Rhs|      factor     |step|     error   #inner  #iterative  time
------------------------------------------------------------------------------
    0      1.33e+07                                                      0.06
    1      2.95e+04   1.00e+00   2.43e-03   1.35e+02    0         1      0.14
    2      2.58e-02   1.00e+00   4.10e-06   8.17e-02    0         1      0.20
Finished, because...
Error smaller than 1 ( 8.1737E-02 ).

Accumulated times:
Assembly time:        0.17 s
Solve time:      0.02 s
Total time:      0.20 s

contact        voltage     electron current    hole current     total current
 drain_conta  5.000E-02       9.715E-06         1.436E-22        9.715E-06
 gate_contac  2.100E-01       3.621E-08         0.000E+00        3.621E-08
 source_cont  0.000E+00      -9.751E-06        -1.457E-22       -9.752E-06


Computing BE-step from 1.0470e-07 s to 1.0472e-07 s (Stepsize: 2.0000e-11 s)
Extrapolating values for t = 1.0472e-07 ... done.
Computing Coupled( 1 poisson-equation(s) , 1 current-contact-equation(s) , 
                   1 electron-equation(s) , 1 hole-equation(s) ) 
using Bank/Rose nonlinear solver.

Iteration   |Rhs|      factor     |step|     error   #inner  #iterative  time
------------------------------------------------------------------------------
    0      5.21e+06                                                      0.03
    1      3.77e+03   1.00e+00   8.52e-04   4.77e+01    0         1      0.09
    2      2.48e-03   1.00e+00   5.02e-07   1.02e-02    0         1      0.15
Finished, because...
Error smaller than 1 ( 1.0183E-02 ).

Accumulated times:
Assembly time:        0.13 s
Solve time:      0.02 s
Total time:      0.15 s

contact        voltage     electron current    hole current     total current
 drain_conta  5.000E-02       9.891E-06         1.422E-22        9.891E-06
 gate_contac  2.160E-01       3.638E-08         0.000E+00        3.638E-08
 source_cont  0.000E+00      -9.927E-06        -1.442E-22       -9.927E-06


Computing BE-step from 1.0472e-07 s to 1.0474e-07 s (Stepsize: 2.0000e-11 s)
Extrapolating values for t = 1.0474e-07 ... done.
Computing Coupled( 1 poisson-equation(s) , 1 current-contact-equation(s) , 
                   1 electron-equation(s) , 1 hole-equation(s) ) 
using Bank/Rose nonlinear solver.

Iteration   |Rhs|      factor     |step|     error   #inner  #iterative  time
------------------------------------------------------------------------------
    0      1.45e+07                                                      0.04
    1      2.78e+04   1.00e+00   2.25e-03   1.26e+02    0         1      0.10
    2      2.05e-02   1.00e+00   3.50e-06   6.95e-02    0         1      0.16
Finished, because...
Error smaller than 1 ( 6.9524E-02 ).

Accumulated times:
Assembly time:        0.13 s
Solve time:      0.03 s
Total time:      0.16 s

contact        voltage     electron current    hole current     total current
 drain_conta  5.000E-02       1.006E-05         1.408E-22        1.006E-05
 gate_contac  2.220E-01       3.654E-08         0.000E+00        3.654E-08
 source_cont  0.000E+00      -1.010E-05        -1.427E-22       -1.010E-05


Computing BE-step from 1.0474e-07 s to 1.0476e-07 s (Stepsize: 2.0000e-11 s)
Extrapolating values for t = 1.0476e-07 ... done.
Computing Coupled( 1 poisson-equation(s) , 1 current-contact-equation(s) , 
                   1 electron-equation(s) , 1 hole-equation(s) ) 
using Bank/Rose nonlinear solver.

Iteration   |Rhs|      factor     |step|     error   #inner  #iterative  time
------------------------------------------------------------------------------
    0      5.67e+06                                                      0.05
    1      3.61e+03   1.00e+00   7.93e-04   4.43e+01    0         1      0.14
    2      2.40e-03   1.00e+00   4.38e-07   8.70e-03    0         1      0.20
Finished, because...
Error smaller than 1 ( 8.6962E-03 ).

Accumulated times:
Assembly time:        0.15 s
Solve time:      0.03 s
Total time:      0.20 s

contact        voltage     electron current    hole current     total current
 drain_conta  5.000E-02       1.023E-05         1.395E-22        1.023E-05
 gate_contac  2.280E-01       3.670E-08         0.000E+00        3.670E-08
 source_cont  0.000E+00      -1.027E-05        -1.413E-22       -1.027E-05


Computing BE-step from 1.0476e-07 s to 1.0478e-07 s (Stepsize: 2.0000e-11 s)
Extrapolating values for t = 1.0478e-07 ... done.
Computing Coupled( 1 poisson-equation(s) , 1 current-contact-equation(s) , 
                   1 electron-equation(s) , 1 hole-equation(s) ) 
using Bank/Rose nonlinear solver.

Iteration   |Rhs|      factor     |step|     error   #inner  #iterative  time
------------------------------------------------------------------------------
    0      1.57e+07                                                      0.04
    1      2.67e+04   1.00e+00   2.09e-03   1.17e+02    0         1      0.10
    2      1.66e-02   1.00e+00   3.05e-06   5.94e-02    0         1      0.16
Finished, because...
Error smaller than 1 ( 5.9401E-02 ).

Accumulated times:
Assembly time:        0.14 s
Solve time:      0.02 s
Total time:      0.16 s

contact        voltage     electron current    hole current     total current
 drain_conta  5.000E-02       1.040E-05         1.383E-22        1.040E-05
 gate_contac  2.340E-01       3.686E-08         0.000E+00        3.686E-08
 source_cont  0.000E+00      -1.044E-05        -1.400E-22       -1.044E-05


Computing BE-step from 1.0478e-07 s to 1.0480e-07 s (Stepsize: 2.0000e-11 s)
Extrapolating values for t = 1.0480e-07 ... done.
Computing Coupled( 1 poisson-equation(s) , 1 current-contact-equation(s) , 
                   1 electron-equation(s) , 1 hole-equation(s) ) 
using Bank/Rose nonlinear solver.

Iteration   |Rhs|      factor     |step|     error   #inner  #iterative  time
------------------------------------------------------------------------------
    0      6.14e+06                                                      0.03
    1      3.49e+03   1.00e+00   7.37e-04   4.12e+01    0         1      0.13
    2      2.52e-03   1.00e+00   3.82e-07   7.44e-03    0         1      0.22
Finished, because...
Error smaller than 1 ( 7.4376E-03 ).

Accumulated times:
Assembly time:        0.18 s
Solve time:      0.04 s
Total time:      0.22 s

contact        voltage     electron current    hole current     total current
 drain_conta  5.000E-02       1.057E-05         1.371E-22        1.057E-05
 gate_contac  2.400E-01       3.701E-08         0.000E+00        3.701E-08
 source_cont  0.000E+00      -1.061E-05        -1.387E-22       -1.061E-05


Computing BE-step from 1.0480e-07 s to 1.0482e-07 s (Stepsize: 2.0000e-11 s)
Extrapolating values for t = 1.0482e-07 ... done.
Computing Coupled( 1 poisson-equation(s) , 1 current-contact-equation(s) , 
                   1 electron-equation(s) , 1 hole-equation(s) ) 
using Bank/Rose nonlinear solver.

Iteration   |Rhs|      factor     |step|     error   #inner  #iterative  time
------------------------------------------------------------------------------
    0      1.70e+07                                                      0.06
    1      2.58e+04   1.00e+00   1.94e-03   1.09e+02    0         1      0.15
    2      1.33e-02   1.00e+00   2.66e-06   5.08e-02    0         1      0.25
Finished, because...
Error smaller than 1 ( 5.0823E-02 ).

Accumulated times:
Assembly time:        0.21 s
Solve time:      0.04 s
Total time:      0.25 s

contact        voltage     electron current    hole current     total current
 drain_conta  5.000E-02       1.074E-05         1.359E-22        1.074E-05
 gate_contac  2.460E-01       3.716E-08         0.000E+00        3.716E-08
 source_cont  0.000E+00      -1.077E-05        -1.374E-22       -1.077E-05


Computing BE-step from 1.0482e-07 s to 1.0484e-07 s (Stepsize: 2.0000e-11 s)
Extrapolating values for t = 1.0484e-07 ... done.
Computing Coupled( 1 poisson-equation(s) , 1 current-contact-equation(s) , 
                   1 electron-equation(s) , 1 hole-equation(s) ) 
using Bank/Rose nonlinear solver.

Iteration   |Rhs|      factor     |step|     error   #inner  #iterative  time
------------------------------------------------------------------------------
    0      6.63e+06                                                      0.05
    1      3.39e+03   1.00e+00   6.86e-04   3.83e+01    0         1      0.15
    2      2.20e-03   1.00e+00   3.34e-07   6.37e-03    0         1      0.25
Finished, because...
Error smaller than 1 ( 6.3695E-03 ).

Accumulated times:
Assembly time:        0.21 s
Solve time:      0.04 s
Total time:      0.25 s

contact        voltage     electron current    hole current     total current
 drain_conta  5.000E-02       1.090E-05         1.348E-22        1.090E-05
 gate_contac  2.520E-01       3.730E-08         0.000E+00        3.730E-08
 source_cont  0.000E+00      -1.094E-05        -1.362E-22       -1.094E-05


Computing BE-step from 1.0484e-07 s to 1.0486e-07 s (Stepsize: 2.0000e-11 s)
Extrapolating values for t = 1.0486e-07 ... done.
Computing Coupled( 1 poisson-equation(s) , 1 current-contact-equation(s) , 
                   1 electron-equation(s) , 1 hole-equation(s) ) 
using Bank/Rose nonlinear solver.

Iteration   |Rhs|      factor     |step|     error   #inner  #iterative  time
------------------------------------------------------------------------------
    0      1.84e+07                                                      0.06
    1      2.50e+04   1.00e+00   1.81e-03   1.01e+02    0         1      0.13
    2      1.06e-02   1.00e+00   2.33e-06   4.36e-02    0         1      0.19
Finished, because...
Error smaller than 1 ( 4.3551E-02 ).

Accumulated times:
Assembly time:        0.17 s
Solve time:      0.02 s
Total time:      0.19 s

contact        voltage     electron current    hole current     total current
 drain_conta  5.000E-02       1.106E-05         1.337E-22        1.106E-05
 gate_contac  2.580E-01       3.744E-08         0.000E+00        3.744E-08
 source_cont  0.000E+00      -1.110E-05        -1.350E-22       -1.110E-05


Computing BE-step from 1.0486e-07 s to 1.0488e-07 s (Stepsize: 2.0000e-11 s)
Extrapolating values for t = 1.0488e-07 ... done.
Computing Coupled( 1 poisson-equation(s) , 1 current-contact-equation(s) , 
                   1 electron-equation(s) , 1 hole-equation(s) ) 
using Bank/Rose nonlinear solver.

Iteration   |Rhs|      factor     |step|     error   #inner  #iterative  time
------------------------------------------------------------------------------
    0      7.13e+06                                                      0.03
    1      3.30e+03   1.00e+00   6.41e-04   3.58e+01    0         1      0.09
    2      2.31e-03   1.00e+00   2.93e-07   5.47e-03    0         1      0.16
Finished, because...
Error smaller than 1 ( 5.4653E-03 ).

Accumulated times:
Assembly time:        0.14 s
Solve time:      0.02 s
Total time:      0.16 s

contact        voltage     electron current    hole current     total current
 drain_conta  5.000E-02       1.122E-05         1.326E-22        1.122E-05
 gate_contac  2.640E-01       3.757E-08         0.000E+00        3.757E-08
 source_cont  0.000E+00      -1.126E-05        -1.339E-22       -1.126E-05


Computing BE-step from 1.0488e-07 s to 1.0490e-07 s (Stepsize: 2.0000e-11 s)
Extrapolating values for t = 1.0490e-07 ... done.
Computing Coupled( 1 poisson-equation(s) , 1 current-contact-equation(s) , 
                   1 electron-equation(s) , 1 hole-equation(s) ) 
using Bank/Rose nonlinear solver.

Iteration   |Rhs|      factor     |step|     error   #inner  #iterative  time
------------------------------------------------------------------------------
    0      1.97e+07                                                      0.05
    1      2.44e+04   1.00e+00   1.69e-03   9.44e+01    0         1      0.11
    2      8.69e-03   1.00e+00   2.04e-06   3.74e-02    0         1      0.17
Finished, because...
Error smaller than 1 ( 3.7386E-02 ).

Accumulated times:
Assembly time:        0.14 s
Solve time:      0.03 s
Total time:      0.17 s

contact        voltage     electron current    hole current     total current
 drain_conta  5.000E-02       1.138E-05         1.316E-22        1.138E-05
 gate_contac  2.700E-01       3.770E-08         0.000E+00        3.770E-08
 source_cont  0.000E+00      -1.141E-05        -1.328E-22       -1.141E-05


Computing BE-step from 1.0490e-07 s to 1.0492e-07 s (Stepsize: 2.0000e-11 s)
Extrapolating values for t = 1.0492e-07 ... done.
Computing Coupled( 1 poisson-equation(s) , 1 current-contact-equation(s) , 
                   1 electron-equation(s) , 1 hole-equation(s) ) 
using Bank/Rose nonlinear solver.

Iteration   |Rhs|      factor     |step|     error   #inner  #iterative  time
------------------------------------------------------------------------------
    0      7.64e+06                                                      0.04
    1      3.24e+03   1.00e+00   5.99e-04   3.34e+01    0         1      0.10
    2      2.29e-03   1.00e+00   2.58e-07   4.70e-03    0         1      0.16
Finished, because...
Error smaller than 1 ( 4.6969E-03 ).

Accumulated times:
Assembly time:        0.14 s
Solve time:      0.02 s
Total time:      0.16 s

contact        voltage     electron current    hole current     total current
 drain_conta  5.000E-02       1.153E-05         1.306E-22        1.153E-05
 gate_contac  2.760E-01       3.782E-08         0.000E+00        3.782E-08
 source_cont  0.000E+00      -1.157E-05        -1.318E-22       -1.157E-05


Computing BE-step from 1.0492e-07 s to 1.0494e-07 s (Stepsize: 2.0000e-11 s)
Extrapolating values for t = 1.0494e-07 ... done.
Computing Coupled( 1 poisson-equation(s) , 1 current-contact-equation(s) , 
                   1 electron-equation(s) , 1 hole-equation(s) ) 
using Bank/Rose nonlinear solver.

Iteration   |Rhs|      factor     |step|     error   #inner  #iterative  time
------------------------------------------------------------------------------
    0      2.11e+07                                                      0.03
    1      2.40e+04   1.00e+00   1.58e-03   8.82e+01    0         1      0.11
    2      6.69e-03   1.00e+00   1.80e-06   3.21e-02    0         1      0.17
Finished, because...
Error smaller than 1 ( 3.2145E-02 ).

Accumulated times:
Assembly time:        0.14 s
Solve time:      0.03 s
Total time:      0.17 s

contact        voltage     electron current    hole current     total current
 drain_conta  5.000E-02       1.169E-05         1.297E-22        1.169E-05
 gate_contac  2.820E-01       3.795E-08         0.000E+00        3.795E-08
 source_cont  0.000E+00      -1.172E-05        -1.308E-22       -1.172E-05


Computing BE-step from 1.0494e-07 s to 1.0496e-07 s (Stepsize: 2.0000e-11 s)
Extrapolating values for t = 1.0496e-07 ... done.
Computing Coupled( 1 poisson-equation(s) , 1 current-contact-equation(s) , 
                   1 electron-equation(s) , 1 hole-equation(s) ) 
using Bank/Rose nonlinear solver.

Iteration   |Rhs|      factor     |step|     error   #inner  #iterative  time
------------------------------------------------------------------------------
    0      8.15e+06                                                      0.05
    1      3.19e+03   1.00e+00   5.61e-04   3.13e+01    0         1      0.14
    2      2.08e-03   1.00e+00   2.27e-07   4.04e-03    0         1      0.24
Finished, because...
Error smaller than 1 ( 4.0433E-03 ).

Accumulated times:
Assembly time:        0.20 s
Solve time:      0.04 s
Total time:      0.24 s

contact        voltage     electron current    hole current     total current
 drain_conta  5.000E-02       1.184E-05         1.287E-22        1.184E-05
 gate_contac  2.880E-01       3.806E-08         0.000E+00        3.806E-08
 source_cont  0.000E+00      -1.188E-05        -1.298E-22       -1.188E-05


Computing BE-step from 1.0496e-07 s to 1.0498e-07 s (Stepsize: 2.0000e-11 s)
Extrapolating values for t = 1.0498e-07 ... done.
Computing Coupled( 1 poisson-equation(s) , 1 current-contact-equation(s) , 
                   1 electron-equation(s) , 1 hole-equation(s) ) 
using Bank/Rose nonlinear solver.

Iteration   |Rhs|      factor     |step|     error   #inner  #iterative  time
------------------------------------------------------------------------------
    0      2.25e+07                                                      0.06
    1      2.36e+04   1.00e+00   1.48e-03   8.25e+01    0         1      0.15
    2      5.37e-03   1.00e+00   1.58e-06   2.77e-02    0         1      0.25
Finished, because...
Error smaller than 1 ( 2.7685E-02 ).

Accumulated times:
Assembly time:        0.21 s
Solve time:      0.04 s
Total time:      0.25 s

contact        voltage     electron current    hole current     total current
 drain_conta  5.000E-02       1.199E-05         1.278E-22        1.199E-05
 gate_contac  2.940E-01       3.818E-08         0.000E+00        3.818E-08
 source_cont  0.000E+00      -1.203E-05        -1.289E-22       -1.203E-05


Computing BE-step from 1.0498e-07 s to 1.0500e-07 s (Stepsize: 2.0000e-11 s)
Extrapolating values for t = 1.0500e-07 ... done.
Computing Coupled( 1 poisson-equation(s) , 1 current-contact-equation(s) , 
                   1 electron-equation(s) , 1 hole-equation(s) ) 
using Bank/Rose nonlinear solver.

Iteration   |Rhs|      factor     |step|     error   #inner  #iterative  time
------------------------------------------------------------------------------
    0      8.66e+06                                                      0.04
    1      3.15e+03   1.00e+00   5.26e-04   2.93e+01    0         1      0.10
    2      2.08e-03   1.00e+00   2.00e-07   3.49e-03    0         1      0.15
Finished, because...
Error smaller than 1 ( 3.4864E-03 ).

Accumulated times:
Assembly time:        0.13 s
Solve time:      0.02 s
Total time:      0.15 s

contact        voltage     electron current    hole current     total current
 drain_conta  5.000E-02       1.214E-05         1.270E-22        1.214E-05
 gate_contac  3.000E-01       3.829E-08         0.000E+00        3.829E-08
 source_cont  0.000E+00      -1.217E-05        -1.279E-22       -1.217E-05



Finished, because...
Curve trace finished.


===============================
Starting solve of next problem:
Transient (
      Max. #iterations : 50, 
      Initial step : 1.0000e-12 s,       Minimum step : 1.0000e-16 s, Maximum step : 5.0000e-11 s, 
      Initial time : 1.0500e-07 s, Final time : 1.0600e-07 s, 
      Goal values :
        Contact gate_contact : 0.0000e+00V
    )
  {
    Coupled ( Digits : 5, Max. #iterations : 100, 
        Solver : blocked decomposition,
        #undamped iterations : 100 
        )
        { Poisson Electron Hole } 
    CurrentPlot (
         Time (fixed times:
             1.0500e-07 1.0502e-07 1.0504e-07 1.0506e-07 1.0508e-07
             1.0510e-07 1.0512e-07 1.0514e-07 1.0516e-07 1.0518e-07
             1.0520e-07 1.0522e-07 1.0524e-07 1.0526e-07 1.0528e-07
             1.0530e-07 1.0532e-07 1.0534e-07 1.0536e-07 1.0538e-07
             1.0540e-07 1.0542e-07 1.0544e-07 1.0546e-07 1.0548e-07
             1.0550e-07 1.0552e-07 1.0554e-07 1.0556e-07 1.0558e-07
             1.0560e-07 1.0562e-07 1.0564e-07 1.0566e-07 1.0568e-07
             1.0570e-07 1.0572e-07 1.0574e-07 1.0576e-07 1.0578e-07
             1.0580e-07 1.0582e-07 1.0584e-07 1.0586e-07 1.0588e-07
             1.0590e-07 1.0592e-07 1.0594e-07 1.0596e-07 1.0598e-07
             1.0600e-07) )
      { }
  }
===============================

contact        voltage     electron current    hole current     total current
 drain_conta  5.000E-02       1.214E-05         1.270E-22        1.214E-05
 gate_contac  3.000E-01       3.829E-08         0.000E+00        3.829E-08
 source_cont  0.000E+00      -1.217E-05        -1.279E-22       -1.217E-05

Reusing extrapolation from a previous transient

Computing BE-step from 1.0500e-07 s to 1.0500e-07 s (Stepsize: 1.0000e-12 s)
Extrapolating values for t = 1.0500e-07 ... done.
Computing Coupled( 1 poisson-equation(s) , 1 current-contact-equation(s) , 
                   1 electron-equation(s) , 1 hole-equation(s) ) 
using Bank/Rose nonlinear solver.

Iteration   |Rhs|      factor     |step|     error   #inner  #iterative  time
------------------------------------------------------------------------------
    0      1.29e+10                                                      0.04
    1      1.16e+05   1.00e+00   7.77e-03   1.08e+02    0         1      0.15
    2      3.56e-02   1.00e+00   1.86e-06   6.39e-02    0         1      0.25
Finished, because...
Error smaller than 1 ( 6.3940E-02 ).

Accumulated times:
Assembly time:        0.19 s
Solve time:      0.06 s
Total time:      0.25 s

contact        voltage     electron current    hole current     total current
 drain_conta  5.000E-02       1.216E-05         1.271E-22        1.216E-05
 gate_contac  2.997E-01      -3.406E-08         0.000E+00       -3.406E-08
 source_cont  0.000E+00      -1.213E-05        -1.275E-22       -1.213E-05


Computing BE-step from 1.0500e-07 s to 1.0500e-07 s (Stepsize: 1.4000e-12 s)
Extrapolating values for t = 1.0500e-07 ... done.
Computing Coupled( 1 poisson-equation(s) , 1 current-contact-equation(s) , 
                   1 electron-equation(s) , 1 hole-equation(s) ) 
using Bank/Rose nonlinear solver.

Iteration   |Rhs|      factor     |step|     error   #inner  #iterative  time
------------------------------------------------------------------------------
    0      1.00e+05                                                      0.06
    1      1.14e+03   1.00e+00   7.51e-04   8.47e+00    0         1      0.16
    2      2.26e-03   1.00e+00   5.11e-08   4.24e-04    0         1      0.26
Finished, because...
Error smaller than 1 ( 4.2372E-04 ).

Accumulated times:
Assembly time:        0.22 s
Solve time:      0.04 s
Total time:      0.26 s

contact        voltage     electron current    hole current     total current
 drain_conta  5.000E-02       1.216E-05         1.271E-22        1.216E-05
 gate_contac  2.993E-01      -3.814E-08         0.000E+00       -3.814E-08
 source_cont  0.000E+00      -1.212E-05        -1.272E-22       -1.212E-05


Computing BE-step from 1.0500e-07 s to 1.0500e-07 s (Stepsize: 1.9600e-12 s)
Extrapolating values for t = 1.0500e-07 ... done.
Computing Coupled( 1 poisson-equation(s) , 1 current-contact-equation(s) , 
                   1 electron-equation(s) , 1 hole-equation(s) ) 
using Bank/Rose nonlinear solver.

Iteration   |Rhs|      factor     |step|     error   #inner  #iterative  time
------------------------------------------------------------------------------
    0      4.71e+04                                                      0.04
    1      5.71e+00   1.00e+00   1.35e-04   6.76e-01    0         1      0.10
Finished, because...
Error smaller than 1 ( 6.7607E-01 ).

Accumulated times:
Assembly time:        0.09 s
Solve time:      0.01 s
Total time:      0.10 s

contact        voltage     electron current    hole current     total current
 drain_conta  5.000E-02       1.214E-05         1.272E-22        1.214E-05
 gate_contac  2.987E-01      -3.832E-08         0.000E+00       -3.832E-08
 source_cont  0.000E+00      -1.210E-05        -1.270E-22       -1.210E-05


Computing BE-step from 1.0500e-07 s to 1.0501e-07 s (Stepsize: 2.7440e-12 s)
Extrapolating values for t = 1.0501e-07 ... done.
Computing Coupled( 1 poisson-equation(s) , 1 current-contact-equation(s) , 
                   1 electron-equation(s) , 1 hole-equation(s) ) 
using Bank/Rose nonlinear solver.

Iteration   |Rhs|      factor     |step|     error   #inner  #iterative  time
------------------------------------------------------------------------------
    0      9.16e+04                                                      0.03
    1      3.19e-01   1.00e+00   1.45e-04   3.25e-01    0         1      0.09
Finished, because...
Error smaller than 1 ( 3.2529E-01 ).

Accumulated times:
Assembly time:        0.08 s
Solve time:      0.01 s
Total time:      0.09 s

contact        voltage     electron current    hole current     total current
 drain_conta  5.000E-02       1.212E-05         1.273E-22        1.212E-05
 gate_contac  2.979E-01      -3.831E-08         0.000E+00       -3.831E-08
 source_cont  0.000E+00      -1.208E-05        -1.267E-22       -1.208E-05


Computing BE-step from 1.0501e-07 s to 1.0501e-07 s (Stepsize: 3.8416e-12 s)
Extrapolating values for t = 1.0501e-07 ... done.
Computing Coupled( 1 poisson-equation(s) , 1 current-contact-equation(s) , 
                   1 electron-equation(s) , 1 hole-equation(s) ) 
using Bank/Rose nonlinear solver.

Iteration   |Rhs|      factor     |step|     error   #inner  #iterative  time
------------------------------------------------------------------------------
    0      1.79e+05                                                      0.05
    1      1.27e+00   1.00e+00   1.61e-04   5.99e-01    0         1      0.15
Finished, because...
Error smaller than 1 ( 5.9870E-01 ).

Accumulated times:
Assembly time:        0.13 s
Solve time:      0.01 s
Total time:      0.15 s

contact        voltage     electron current    hole current     total current
 drain_conta  5.000E-02       1.209E-05         1.276E-22        1.209E-05
 gate_contac  2.967E-01      -3.829E-08         0.000E+00       -3.829E-08
 source_cont  0.000E+00      -1.206E-05        -1.266E-22       -1.206E-05


Computing BE-step from 1.0501e-07 s to 1.0502e-07 s (Stepsize: 5.3782e-12 s)
Extrapolating values for t = 1.0502e-07 ... done.
Computing Coupled( 1 poisson-equation(s) , 1 current-contact-equation(s) , 
                   1 electron-equation(s) , 1 hole-equation(s) ) 
using Bank/Rose nonlinear solver.

Iteration   |Rhs|      factor     |step|     error   #inner  #iterative  time
------------------------------------------------------------------------------
    0      3.47e+05                                                      0.06
    1      4.88e+00   1.00e+00   1.67e-04   1.18e+00    0         1      0.15
    2      1.98e-03   1.00e+00   2.58e-09   5.79e-06    0         1      0.21
Finished, because...
Error smaller than 1 ( 5.7873E-06 ).

Accumulated times:
Assembly time:        0.17 s
Solve time:      0.03 s
Total time:      0.21 s

contact        voltage     electron current    hole current     total current
 drain_conta  5.000E-02       1.205E-05         1.278E-22        1.205E-05
 gate_contac  2.951E-01      -3.827E-08         0.000E+00       -3.827E-08
 source_cont  0.000E+00      -1.202E-05        -1.266E-22       -1.202E-05


Computing BE-step from 1.0502e-07 s to 1.0502e-07 s (Stepsize: 3.6762e-12 s)
Extrapolating values for t = 1.0502e-07 ... done.
Computing Coupled( 1 poisson-equation(s) , 1 current-contact-equation(s) , 
                   1 electron-equation(s) , 1 hole-equation(s) ) 
using Bank/Rose nonlinear solver.

Iteration   |Rhs|      factor     |step|     error   #inner  #iterative  time
------------------------------------------------------------------------------
    0      2.32e+05                                                      0.06
    1      2.20e+00   1.00e+00   5.18e-05   7.98e-01    0         1      0.15
Finished, because...
Error smaller than 1 ( 7.9791E-01 ).

Accumulated times:
Assembly time:        0.13 s
Solve time:      0.02 s
Total time:      0.15 s

contact        voltage     electron current    hole current     total current
 drain_conta  5.000E-02       1.203E-05         1.280E-22        1.203E-05
 gate_contac  2.940E-01      -3.824E-08         0.000E+00       -3.824E-08
 source_cont  0.000E+00      -1.199E-05        -1.267E-22       -1.199E-05


Computing BE-step from 1.0502e-07 s to 1.0503e-07 s (Stepsize: 7.5295e-12 s)
Extrapolating values for t = 1.0503e-07 ... done.
Computing Coupled( 1 poisson-equation(s) , 1 current-contact-equation(s) , 
                   1 electron-equation(s) , 1 hole-equation(s) ) 
using Bank/Rose nonlinear solver.

Iteration   |Rhs|      factor     |step|     error   #inner  #iterative  time
------------------------------------------------------------------------------
    0      1.28e+06                                                      0.06
    1      6.79e+01   1.00e+00   2.67e-04   4.47e+00    0         1      0.15
    2      2.48e-03   1.00e+00   1.71e-08   8.38e-05    0         1      0.25
Finished, because...
Error smaller than 1 ( 8.3801E-05 ).

Accumulated times:
Assembly time:        0.21 s
Solve time:      0.03 s
Total time:      0.25 s

contact        voltage     electron current    hole current     total current
 drain_conta  5.000E-02       1.197E-05         1.284E-22        1.197E-05
 gate_contac  2.917E-01      -3.821E-08         0.000E+00       -3.821E-08
 source_cont  0.000E+00      -1.193E-05        -1.269E-22       -1.193E-05


Computing BE-step from 1.0503e-07 s to 1.0504e-07 s (Stepsize: 1.0541e-11 s)
Extrapolating values for t = 1.0504e-07 ... done.
Computing Coupled( 1 poisson-equation(s) , 1 current-contact-equation(s) , 
                   1 electron-equation(s) , 1 hole-equation(s) ) 
using Bank/Rose nonlinear solver.

Iteration   |Rhs|      factor     |step|     error   #inner  #iterative  time
------------------------------------------------------------------------------
    0      1.55e+06                                                      0.04
    1      1.03e+02   1.00e+00   1.72e-04   5.59e+00    0         1      0.10
    2      2.43e-03   1.00e+00   1.44e-08   1.32e-04    0         1      0.16
Finished, because...
Error smaller than 1 ( 1.3214E-04 ).

Accumulated times:
Assembly time:        0.14 s
Solve time:      0.02 s
Total time:      0.16 s

contact        voltage     electron current    hole current     total current
 drain_conta  5.000E-02       1.189E-05         1.289E-22        1.189E-05
 gate_contac  2.886E-01      -3.816E-08         0.000E+00       -3.816E-08
 source_cont  0.000E+00      -1.185E-05        -1.273E-22       -1.185E-05


Computing BE-step from 1.0504e-07 s to 1.0504e-07 s (Stepsize: 1.9291e-12 s)
Extrapolating values for t = 1.0504e-07 ... done.
Computing Coupled( 1 poisson-equation(s) , 1 current-contact-equation(s) , 
                   1 electron-equation(s) , 1 hole-equation(s) ) 
using Bank/Rose nonlinear solver.

Iteration   |Rhs|      factor     |step|     error   #inner  #iterative  time
------------------------------------------------------------------------------
    0      1.62e+05                                                      0.03
    1      1.15e+00   1.00e+00   9.89e-06   5.97e-01    0         1      0.09
Finished, because...
Error smaller than 1 ( 5.9683E-01 ).

Accumulated times:
Assembly time:        0.08 s
Solve time:      0.01 s
Total time:      0.09 s

contact        voltage     electron current    hole current     total current
 drain_conta  5.000E-02       1.188E-05         1.290E-22        1.188E-05
 gate_contac  2.880E-01      -3.813E-08         0.000E+00       -3.813E-08
 source_cont  0.000E+00      -1.184E-05        -1.274E-22       -1.184E-05


Computing BE-step from 1.0504e-07 s to 1.0505e-07 s (Stepsize: 1.4758e-11 s)
Extrapolating values for t = 1.0505e-07 ... done.
Computing Coupled( 1 poisson-equation(s) , 1 current-contact-equation(s) , 
                   1 electron-equation(s) , 1 hole-equation(s) ) 
using Bank/Rose nonlinear solver.

Iteration   |Rhs|      factor     |step|     error   #inner  #iterative  time
------------------------------------------------------------------------------
    0      3.00e+06                                                      0.04
    1      4.02e+02   1.00e+00   2.23e-04   1.13e+01    0         1      0.10
    2      2.30e-03   1.00e+00   3.46e-08   5.47e-04    0         1      0.16
Finished, because...
Error smaller than 1 ( 5.4676E-04 ).

Accumulated times:
Assembly time:        0.14 s
Solve time:      0.02 s
Total time:      0.16 s

contact        voltage     electron current    hole current     total current
 drain_conta  5.000E-02       1.176E-05         1.297E-22        1.176E-05
 gate_contac  2.836E-01      -3.808E-08         0.000E+00       -3.808E-08
 source_cont  0.000E+00      -1.173E-05        -1.280E-22       -1.173E-05


Computing BE-step from 1.0505e-07 s to 1.0506e-07 s (Stepsize: 5.2421e-12 s)
Extrapolating values for t = 1.0506e-07 ... done.
Computing Coupled( 1 poisson-equation(s) , 1 current-contact-equation(s) , 
                   1 electron-equation(s) , 1 hole-equation(s) ) 
using Bank/Rose nonlinear solver.

Iteration   |Rhs|      factor     |step|     error   #inner  #iterative  time
------------------------------------------------------------------------------
    0      7.52e+05                                                      0.06
    1      2.61e+01   1.00e+00   5.04e-05   2.92e+00    0         1      0.16
    2      2.27e-03   1.00e+00   1.64e-09   3.62e-05    0         1      0.25
Finished, because...
Error smaller than 1 ( 3.6158E-05 ).

Accumulated times:
Assembly time:        0.21 s
Solve time:      0.03 s
Total time:      0.25 s

contact        voltage     electron current    hole current     total current
 drain_conta  5.000E-02       1.172E-05         1.299E-22        1.172E-05
 gate_contac  2.820E-01      -3.802E-08         0.000E+00       -3.802E-08
 source_cont  0.000E+00      -1.169E-05        -1.283E-22       -1.169E-05


Computing BE-step from 1.0506e-07 s to 1.0508e-07 s (Stepsize: 2.0000e-11 s)
Extrapolating values for t = 1.0508e-07 ... done.
Computing Coupled( 1 poisson-equation(s) , 1 current-contact-equation(s) , 
                   1 electron-equation(s) , 1 hole-equation(s) ) 
using Bank/Rose nonlinear solver.

Iteration   |Rhs|      factor     |step|     error   #inner  #iterative  time
------------------------------------------------------------------------------
    0      6.70e+06                                                      0.06
    1      2.15e+03   1.00e+00   4.93e-04   2.72e+01    0         1      0.16
    2      2.27e-03   1.00e+00   1.75e-07   3.19e-03    0         1      0.26
Finished, because...
Error smaller than 1 ( 3.1928E-03 ).

Accumulated times:
Assembly time:        0.21 s
Solve time:      0.03 s
Total time:      0.26 s

contact        voltage     electron current    hole current     total current
 drain_conta  5.000E-02       1.157E-05         1.309E-22        1.157E-05
 gate_contac  2.760E-01      -3.794E-08         0.000E+00       -3.794E-08
 source_cont  0.000E+00      -1.153E-05        -1.292E-22       -1.153E-05


Computing BE-step from 1.0508e-07 s to 1.0510e-07 s (Stepsize: 2.0000e-11 s)
Extrapolating values for t = 1.0510e-07 ... done.
Computing Coupled( 1 poisson-equation(s) , 1 current-contact-equation(s) , 
                   1 electron-equation(s) , 1 hole-equation(s) ) 
using Bank/Rose nonlinear solver.

Iteration   |Rhs|      factor     |step|     error   #inner  #iterative  time
------------------------------------------------------------------------------
    0      5.54e+06                                                      0.06
    1      1.57e+03   1.00e+00   4.27e-04   2.40e+01    0         1      0.16
    2      2.40e-03   1.00e+00   1.31e-07   2.52e-03    0         1      0.26
Finished, because...
Error smaller than 1 ( 2.5196E-03 ).

Accumulated times:
Assembly time:        0.22 s
Solve time:      0.03 s
Total time:      0.26 s

contact        voltage     electron current    hole current     total current
 drain_conta  5.000E-02       1.142E-05         1.319E-22        1.142E-05
 gate_contac  2.700E-01      -3.782E-08         0.000E+00       -3.782E-08
 source_cont  0.000E+00      -1.138E-05        -1.301E-22       -1.138E-05


Computing BE-step from 1.0510e-07 s to 1.0512e-07 s (Stepsize: 2.0000e-11 s)
Extrapolating values for t = 1.0512e-07 ... done.
Computing Coupled( 1 poisson-equation(s) , 1 current-contact-equation(s) , 
                   1 electron-equation(s) , 1 hole-equation(s) ) 
using Bank/Rose nonlinear solver.

Iteration   |Rhs|      factor     |step|     error   #inner  #iterative  time
------------------------------------------------------------------------------
    0      4.74e+06                                                      0.06
    1      1.24e+03   1.00e+00   3.91e-04   2.20e+01    0         1      0.12
    2      2.42e-03   1.00e+00   1.09e-07   2.13e-03    0         1      0.18
Finished, because...
Error smaller than 1 ( 2.1338E-03 ).

Accumulated times:
Assembly time:        0.16 s
Solve time:      0.02 s
Total time:      0.18 s

contact        voltage     electron current    hole current     total current
 drain_conta  5.000E-02       1.126E-05         1.330E-22        1.126E-05
 gate_contac  2.640E-01      -3.770E-08         0.000E+00       -3.770E-08
 source_cont  0.000E+00      -1.122E-05        -1.311E-22       -1.122E-05


Computing BE-step from 1.0512e-07 s to 1.0514e-07 s (Stepsize: 2.0000e-11 s)
Extrapolating values for t = 1.0514e-07 ... done.
Computing Coupled( 1 poisson-equation(s) , 1 current-contact-equation(s) , 
                   1 electron-equation(s) , 1 hole-equation(s) ) 
using Bank/Rose nonlinear solver.

Iteration   |Rhs|      factor     |step|     error   #inner  #iterative  time
------------------------------------------------------------------------------
    0      1.37e+07                                                      0.03
    1      1.08e+04   1.00e+00   1.19e-03   6.69e+01    0         1      0.09
    2      2.65e-03   1.00e+00   9.99e-07   2.00e-02    0         1      0.15
Finished, because...
Error smaller than 1 ( 1.9974E-02 ).

Accumulated times:
Assembly time:        0.12 s
Solve time:      0.03 s
Total time:      0.15 s

contact        voltage     electron current    hole current     total current
 drain_conta  5.000E-02       1.110E-05         1.340E-22        1.110E-05
 gate_contac  2.580E-01      -3.757E-08         0.000E+00       -3.757E-08
 source_cont  0.000E+00      -1.106E-05        -1.321E-22       -1.106E-05


Computing BE-step from 1.0514e-07 s to 1.0516e-07 s (Stepsize: 2.0000e-11 s)
Extrapolating values for t = 1.0516e-07 ... done.
Computing Coupled( 1 poisson-equation(s) , 1 current-contact-equation(s) , 
                   1 electron-equation(s) , 1 hole-equation(s) ) 
using Bank/Rose nonlinear solver.

Iteration   |Rhs|      factor     |step|     error   #inner  #iterative  time
------------------------------------------------------------------------------
    0      6.63e+06                                                      0.04
    1      2.78e+03   1.00e+00   6.20e-04   3.50e+01    0         1      0.12
    2      2.36e-03   1.00e+00   2.73e-07   5.49e-03    0         1      0.21
Finished, because...
Error smaller than 1 ( 5.4880E-03 ).

Accumulated times:
Assembly time:        0.18 s
Solve time:      0.03 s
Total time:      0.22 s

contact        voltage     electron current    hole current     total current
 drain_conta  5.000E-02       1.094E-05         1.352E-22        1.094E-05
 gate_contac  2.520E-01      -3.743E-08         0.000E+00       -3.743E-08
 source_cont  0.000E+00      -1.090E-05        -1.331E-22       -1.090E-05


Computing BE-step from 1.0516e-07 s to 1.0518e-07 s (Stepsize: 2.0000e-11 s)
Extrapolating values for t = 1.0518e-07 ... done.
Computing Coupled( 1 poisson-equation(s) , 1 current-contact-equation(s) , 
                   1 electron-equation(s) , 1 hole-equation(s) ) 
using Bank/Rose nonlinear solver.

Iteration   |Rhs|      factor     |step|     error   #inner  #iterative  time
------------------------------------------------------------------------------
    0      1.71e+07                                                      0.06
    1      1.90e+04   1.00e+00   1.67e-03   9.44e+01    0         1      0.16
    2      8.24e-03   1.00e+00   1.97e-06   4.06e-02    0         1      0.26
Finished, because...
Error smaller than 1 ( 4.0613E-02 ).

Accumulated times:
Assembly time:        0.22 s
Solve time:      0.04 s
Total time:      0.26 s

contact        voltage     electron current    hole current     total current
 drain_conta  5.000E-02       1.077E-05         1.363E-22        1.077E-05
 gate_contac  2.460E-01      -3.730E-08         0.000E+00       -3.730E-08
 source_cont  0.000E+00      -1.074E-05        -1.341E-22       -1.074E-05


Computing BE-step from 1.0518e-07 s to 1.0520e-07 s (Stepsize: 2.0000e-11 s)
Extrapolating values for t = 1.0520e-07 ... done.
Computing Coupled( 1 poisson-equation(s) , 1 current-contact-equation(s) , 
                   1 electron-equation(s) , 1 hole-equation(s) ) 
using Bank/Rose nonlinear solver.

Iteration   |Rhs|      factor     |step|     error   #inner  #iterative  time
------------------------------------------------------------------------------
    0      6.16e+06                                                      0.06
    1      2.84e+03   1.00e+00   6.64e-04   3.75e+01    0         1      0.15
    2      2.58e-03   1.00e+00   3.10e-07   6.40e-03    0         1      0.25
Finished, because...
Error smaller than 1 ( 6.3991E-03 ).

Accumulated times:
Assembly time:        0.21 s
Solve time:      0.04 s
Total time:      0.25 s

contact        voltage     electron current    hole current     total current
 drain_conta  5.000E-02       1.061E-05         1.375E-22        1.061E-05
 gate_contac  2.400E-01      -3.716E-08         0.000E+00       -3.716E-08
 source_cont  0.000E+00      -1.057E-05        -1.352E-22       -1.057E-05


Computing BE-step from 1.0520e-07 s to 1.0522e-07 s (Stepsize: 2.0000e-11 s)
Extrapolating values for t = 1.0522e-07 ... done.
Computing Coupled( 1 poisson-equation(s) , 1 current-contact-equation(s) , 
                   1 electron-equation(s) , 1 hole-equation(s) ) 
using Bank/Rose nonlinear solver.

Iteration   |Rhs|      factor     |step|     error   #inner  #iterative  time
------------------------------------------------------------------------------
    0      1.59e+07                                                      0.06
    1      1.95e+04   1.00e+00   1.79e-03   1.01e+02    0         1      0.15
    2      1.01e-02   1.00e+00   2.24e-06   4.74e-02    0         1      0.24
Finished, because...
Error smaller than 1 ( 4.7379E-02 ).

Accumulated times:
Assembly time:        0.20 s
Solve time:      0.04 s
Total time:      0.24 s

contact        voltage     electron current    hole current     total current
 drain_conta  5.000E-02       1.044E-05         1.387E-22        1.044E-05
 gate_contac  2.340E-01      -3.701E-08         0.000E+00       -3.701E-08
 source_cont  0.000E+00      -1.040E-05        -1.363E-22       -1.040E-05


Computing BE-step from 1.0522e-07 s to 1.0524e-07 s (Stepsize: 2.0000e-11 s)
Extrapolating values for t = 1.0524e-07 ... done.
Computing Coupled( 1 poisson-equation(s) , 1 current-contact-equation(s) , 
                   1 electron-equation(s) , 1 hole-equation(s) ) 
using Bank/Rose nonlinear solver.

Iteration   |Rhs|      factor     |step|     error   #inner  #iterative  time
------------------------------------------------------------------------------
    0      5.70e+06                                                      0.05
    1      2.92e+03   1.00e+00   7.11e-04   4.02e+01    0         1      0.11
    2      2.08e-03   1.00e+00   3.53e-07   7.47e-03    0         1      0.17
Finished, because...
Error smaller than 1 ( 7.4739E-03 ).

Accumulated times:
Assembly time:        0.15 s
Solve time:      0.02 s
Total time:      0.17 s

contact        voltage     electron current    hole current     total current
 drain_conta  5.000E-02       1.027E-05         1.400E-22        1.027E-05
 gate_contac  2.280E-01      -3.686E-08         0.000E+00       -3.686E-08
 source_cont  0.000E+00      -1.024E-05        -1.375E-22       -1.024E-05


Computing BE-step from 1.0524e-07 s to 1.0526e-07 s (Stepsize: 2.0000e-11 s)
Extrapolating values for t = 1.0526e-07 ... done.
Computing Coupled( 1 poisson-equation(s) , 1 current-contact-equation(s) , 
                   1 electron-equation(s) , 1 hole-equation(s) ) 
using Bank/Rose nonlinear solver.

Iteration   |Rhs|      factor     |step|     error   #inner  #iterative  time
------------------------------------------------------------------------------
    0      1.47e+07                                                      0.04
    1      2.00e+04   1.00e+00   1.92e-03   1.09e+02    0         1      0.11
    2      1.25e-02   1.00e+00   2.56e-06   5.54e-02    0         1      0.18
Finished, because...
Error smaller than 1 ( 5.5376E-02 ).

Accumulated times:
Assembly time:        0.15 s
Solve time:      0.03 s
Total time:      0.18 s

contact        voltage     electron current    hole current     total current
 drain_conta  5.000E-02       1.010E-05         1.414E-22        1.010E-05
 gate_contac  2.220E-01      -3.670E-08         0.000E+00       -3.670E-08
 source_cont  0.000E+00      -1.006E-05        -1.387E-22       -1.006E-05


Computing BE-step from 1.0526e-07 s to 1.0528e-07 s (Stepsize: 2.0000e-11 s)
Extrapolating values for t = 1.0528e-07 ... done.
Computing Coupled( 1 poisson-equation(s) , 1 current-contact-equation(s) , 
                   1 electron-equation(s) , 1 hole-equation(s) ) 
using Bank/Rose nonlinear solver.

Iteration   |Rhs|      factor     |step|     error   #inner  #iterative  time
------------------------------------------------------------------------------
    0      5.26e+06                                                      0.03
    1      3.02e+03   1.00e+00   7.64e-04   4.32e+01    0         1      0.11
    2      2.40e-03   1.00e+00   4.03e-07   8.74e-03    0         1      0.21
Finished, because...
Error smaller than 1 ( 8.7447E-03 ).

Accumulated times:
Assembly time:        0.18 s
Solve time:      0.03 s
Total time:      0.21 s

contact        voltage     electron current    hole current     total current
 drain_conta  5.000E-02       9.928E-06         1.427E-22        9.928E-06
 gate_contac  2.160E-01      -3.654E-08         0.000E+00       -3.654E-08
 source_cont  0.000E+00      -9.891E-06        -1.400E-22       -9.891E-06


Computing BE-step from 1.0528e-07 s to 1.0530e-07 s (Stepsize: 2.0000e-11 s)
Extrapolating values for t = 1.0530e-07 ... done.
Computing Coupled( 1 poisson-equation(s) , 1 current-contact-equation(s) , 
                   1 electron-equation(s) , 1 hole-equation(s) ) 
using Bank/Rose nonlinear solver.

Iteration   |Rhs|      factor     |step|     error   #inner  #iterative  time
------------------------------------------------------------------------------
    0      1.35e+07                                                      0.06
    1      2.07e+04   1.00e+00   2.06e-03   1.17e+02    0         1      0.15
    2      1.54e-02   1.00e+00   2.92e-06   6.48e-02    0         1      0.25
Finished, because...
Error smaller than 1 ( 6.4824E-02 ).

Accumulated times:
Assembly time:        0.21 s
Solve time:      0.04 s
Total time:      0.25 s

contact        voltage     electron current    hole current     total current
 drain_conta  5.000E-02       9.752E-06         1.442E-22        9.752E-06
 gate_contac  2.100E-01      -3.638E-08         0.000E+00       -3.638E-08
 source_cont  0.000E+00      -9.716E-06        -1.412E-22       -9.716E-06


Computing BE-step from 1.0530e-07 s to 1.0532e-07 s (Stepsize: 2.0000e-11 s)
Extrapolating values for t = 1.0532e-07 ... done.
Computing Coupled( 1 poisson-equation(s) , 1 current-contact-equation(s) , 
                   1 electron-equation(s) , 1 hole-equation(s) ) 
using Bank/Rose nonlinear solver.

Iteration   |Rhs|      factor     |step|     error   #inner  #iterative  time
------------------------------------------------------------------------------
    0      4.83e+06                                                      0.06
    1      3.14e+03   1.00e+00   8.22e-04   4.65e+01    0         1      0.15
    2      1.28e-03   1.00e+00   4.63e-07   1.02e-02    0         1      0.23
Finished, because...
Error smaller than 1 ( 1.0239E-02 ).

Accumulated times:
Assembly time:        0.19 s
Solve time:      0.03 s
Total time:      0.23 s

contact        voltage     electron current    hole current     total current
 drain_conta  5.000E-02       9.575E-06         1.456E-22        9.575E-06
 gate_contac  2.040E-01      -3.621E-08         0.000E+00       -3.621E-08
 source_cont  0.000E+00      -9.539E-06        -1.426E-22       -9.539E-06


Computing BE-step from 1.0532e-07 s to 1.0534e-07 s (Stepsize: 2.0000e-11 s)
Extrapolating values for t = 1.0534e-07 ... done.
Computing Coupled( 1 poisson-equation(s) , 1 current-contact-equation(s) , 
                   1 electron-equation(s) , 1 hole-equation(s) ) 
using Bank/Rose nonlinear solver.

Iteration   |Rhs|      factor     |step|     error   #inner  #iterative  time
------------------------------------------------------------------------------
    0      1.24e+07                                                      0.04
    1      2.16e+04   1.00e+00   2.22e-03   1.26e+02    0         1      0.09
    2      1.87e-02   1.00e+00   3.33e-06   7.60e-02    0         1      0.15
Finished, because...
Error smaller than 1 ( 7.5977E-02 ).

Accumulated times:
Assembly time:        0.12 s
Solve time:      0.03 s
Total time:      0.15 s

contact        voltage     electron current    hole current     total current
 drain_conta  5.000E-02       9.395E-06         1.472E-22        9.395E-06
 gate_contac  1.980E-01      -3.603E-08         0.000E+00       -3.603E-08
 source_cont  0.000E+00      -9.359E-06        -1.439E-22       -9.359E-06


Computing BE-step from 1.0534e-07 s to 1.0536e-07 s (Stepsize: 2.0000e-11 s)
Extrapolating values for t = 1.0536e-07 ... done.
Computing Coupled( 1 poisson-equation(s) , 1 current-contact-equation(s) , 
                   1 electron-equation(s) , 1 hole-equation(s) ) 
using Bank/Rose nonlinear solver.

Iteration   |Rhs|      factor     |step|     error   #inner  #iterative  time
------------------------------------------------------------------------------
    0      4.41e+06                                                      0.04
    1      3.30e+03   1.00e+00   8.84e-04   5.01e+01    0         1      0.11
    2      8.93e-04   1.00e+00   5.26e-07   1.20e-02    0         1      0.17
Finished, because...
Error smaller than 1 ( 1.2005E-02 ).

Accumulated times:
Assembly time:        0.15 s
Solve time:      0.02 s
Total time:      0.17 s

contact        voltage     electron current    hole current     total current
 drain_conta  5.000E-02       9.213E-06         1.488E-22        9.213E-06
 gate_contac  1.920E-01      -3.585E-08         0.000E+00       -3.585E-08
 source_cont  0.000E+00      -9.178E-06        -1.453E-22       -9.178E-06


Computing BE-step from 1.0536e-07 s to 1.0538e-07 s (Stepsize: 2.0000e-11 s)
Extrapolating values for t = 1.0538e-07 ... done.
Computing Coupled( 1 poisson-equation(s) , 1 current-contact-equation(s) , 
                   1 electron-equation(s) , 1 hole-equation(s) ) 
using Bank/Rose nonlinear solver.

Iteration   |Rhs|      factor     |step|     error   #inner  #iterative  time
------------------------------------------------------------------------------
    0      1.13e+07                                                      0.04
    1      2.30e+04   1.00e+00   2.39e-03   1.35e+02    0         1      0.13
    2      2.30e-02   1.00e+00   3.87e-06   8.94e-02    0         1      0.21
Finished, because...
Error smaller than 1 ( 8.9363E-02 ).

Accumulated times:
Assembly time:        0.17 s
Solve time:      0.04 s
Total time:      0.21 s

contact        voltage     electron current    hole current     total current
 drain_conta  5.000E-02       9.029E-06         1.504E-22        9.029E-06
 gate_contac  1.860E-01      -3.565E-08         0.000E+00       -3.565E-08
 source_cont  0.000E+00      -8.993E-06        -1.468E-22       -8.993E-06


Computing BE-step from 1.0538e-07 s to 1.0540e-07 s (Stepsize: 2.0000e-11 s)
Extrapolating values for t = 1.0540e-07 ... done.
Computing Coupled( 1 poisson-equation(s) , 1 current-contact-equation(s) , 
                   1 electron-equation(s) , 1 hole-equation(s) ) 
using Bank/Rose nonlinear solver.

Iteration   |Rhs|      factor     |step|     error   #inner  #iterative  time
------------------------------------------------------------------------------
    0      4.01e+06                                                      0.05
    1      3.62e+03   1.00e+00   9.65e-04   5.37e+01    0         1      0.13
    2      1.32e-03   1.00e+00   6.48e-07   1.44e-02    0         1      0.22
Finished, because...
Error smaller than 1 ( 1.4365E-02 ).

Accumulated times:
Assembly time:        0.19 s
Solve time:      0.03 s
Total time:      0.22 s

contact        voltage     electron current    hole current     total current
 drain_conta  5.000E-02       8.842E-06         1.521E-22        8.842E-06
 gate_contac  1.800E-01      -3.545E-08         0.000E+00       -3.545E-08
 source_cont  0.000E+00      -8.807E-06        -1.482E-22       -8.807E-06


Computing BE-step from 1.0540e-07 s to 1.0542e-07 s (Stepsize: 2.0000e-11 s)
Extrapolating values for t = 1.0542e-07 ... done.
Computing Coupled( 1 poisson-equation(s) , 1 current-contact-equation(s) , 
                   1 electron-equation(s) , 1 hole-equation(s) ) 
using Bank/Rose nonlinear solver.

Iteration   |Rhs|      factor     |step|     error   #inner  #iterative  time
------------------------------------------------------------------------------
    0      1.02e+07                                                      0.06
    1      2.48e+04   1.00e+00   2.61e-03   1.45e+02    0         1      0.15
    2      2.96e-02   1.00e+00   4.69e-06   1.07e-01    0         1      0.24
Finished, because...
Error smaller than 1 ( 1.0672E-01 ).

Accumulated times:
Assembly time:        0.20 s
Solve time:      0.04 s
Total time:      0.24 s

contact        voltage     electron current    hole current     total current
 drain_conta  5.000E-02       8.652E-06         1.538E-22        8.652E-06
 gate_contac  1.740E-01      -3.524E-08         0.000E+00       -3.524E-08
 source_cont  0.000E+00      -8.617E-06        -1.497E-22       -8.617E-06


Computing BE-step from 1.0542e-07 s to 1.0544e-07 s (Stepsize: 2.0000e-11 s)
Extrapolating values for t = 1.0544e-07 ... done.
Computing Coupled( 1 poisson-equation(s) , 1 current-contact-equation(s) , 
                   1 electron-equation(s) , 1 hole-equation(s) ) 
using Bank/Rose nonlinear solver.

Iteration   |Rhs|      factor     |step|     error   #inner  #iterative  time
------------------------------------------------------------------------------
    0      3.63e+06                                                      0.06
    1      6.16e+03   1.00e+00   1.04e-03   5.83e+01    0         1      0.15
    2      1.37e-03   1.00e+00   7.87e-07   1.75e-02    0         1      0.25
Finished, because...
Error smaller than 1 ( 1.7517E-02 ).

Accumulated times:
Assembly time:        0.21 s
Solve time:      0.04 s
Total time:      0.25 s

contact        voltage     electron current    hole current     total current
 drain_conta  5.000E-02       8.460E-06         1.556E-22        8.460E-06
 gate_contac  1.680E-01      -3.503E-08         0.000E+00       -3.503E-08
 source_cont  0.000E+00      -8.425E-06        -1.513E-22       -8.425E-06


Computing BE-step from 1.0544e-07 s to 1.0546e-07 s (Stepsize: 2.0000e-11 s)
Extrapolating values for t = 1.0546e-07 ... done.
Computing Coupled( 1 poisson-equation(s) , 1 current-contact-equation(s) , 
                   1 electron-equation(s) , 1 hole-equation(s) ) 
using Bank/Rose nonlinear solver.

Iteration   |Rhs|      factor     |step|     error   #inner  #iterative  time
------------------------------------------------------------------------------
    0      9.25e+06                                                      0.06
    1      2.52e+04   1.00e+00   2.82e-03   1.58e+02    0         1      0.14
    2      3.22e-02   1.00e+00   5.31e-06   1.25e-01    0         1      0.20
Finished, because...
Error smaller than 1 ( 1.2514E-01 ).

Accumulated times:
Assembly time:        0.17 s
Solve time:      0.03 s
Total time:      0.20 s

contact        voltage     electron current    hole current     total current
 drain_conta  5.000E-02       8.264E-06         1.574E-22        8.264E-06
 gate_contac  1.620E-01      -3.481E-08         0.000E+00       -3.481E-08
 source_cont  0.000E+00      -8.229E-06        -1.529E-22       -8.229E-06


Computing BE-step from 1.0546e-07 s to 1.0548e-07 s (Stepsize: 2.0000e-11 s)
Extrapolating values for t = 1.0548e-07 ... done.
Computing Coupled( 1 poisson-equation(s) , 1 current-contact-equation(s) , 
                   1 electron-equation(s) , 1 hole-equation(s) ) 
using Bank/Rose nonlinear solver.

Iteration   |Rhs|      factor     |step|     error   #inner  #iterative  time
------------------------------------------------------------------------------
    0      3.26e+06                                                      0.05
    1      3.84e+03   1.00e+00   1.13e-03   6.38e+01    0         1      0.14
    2      1.10e-03   1.00e+00   8.18e-07   1.97e-02    0         1      0.24
Finished, because...
Error smaller than 1 ( 1.9695E-02 ).

Accumulated times:
Assembly time:        0.20 s
Solve time:      0.04 s
Total time:      0.24 s

contact        voltage     electron current    hole current     total current
 drain_conta  5.000E-02       8.066E-06         1.593E-22        8.066E-06
 gate_contac  1.560E-01      -3.459E-08         0.000E+00       -3.459E-08
 source_cont  0.000E+00      -8.032E-06        -1.545E-22       -8.032E-06


Computing BE-step from 1.0548e-07 s to 1.0550e-07 s (Stepsize: 2.0000e-11 s)
Extrapolating values for t = 1.0550e-07 ... done.
Computing Coupled( 1 poisson-equation(s) , 1 current-contact-equation(s) , 
                   1 electron-equation(s) , 1 hole-equation(s) ) 
using Bank/Rose nonlinear solver.

Iteration   |Rhs|      factor     |step|     error   #inner  #iterative  time
------------------------------------------------------------------------------
    0      8.31e+06                                                      0.06
    1      2.65e+04   1.00e+00   3.05e-03   1.73e+02    0         1      0.15
    2      3.22e-02   1.00e+00   5.62e-06   1.35e-01    0         1      0.25
Finished, because...
Error smaller than 1 ( 1.3468E-01 ).

Accumulated times:
Assembly time:        0.21 s
Solve time:      0.04 s
Total time:      0.25 s

contact        voltage     electron current    hole current     total current
 drain_conta  5.000E-02       7.865E-06         1.613E-22        7.865E-06
 gate_contac  1.500E-01      -3.436E-08         0.000E+00       -3.436E-08
 source_cont  0.000E+00      -7.831E-06        -1.561E-22       -7.831E-06


Computing BE-step from 1.0550e-07 s to 1.0552e-07 s (Stepsize: 2.0000e-11 s)
Extrapolating values for t = 1.0552e-07 ... done.
Computing Coupled( 1 poisson-equation(s) , 1 current-contact-equation(s) , 
                   1 electron-equation(s) , 1 hole-equation(s) ) 
using Bank/Rose nonlinear solver.

Iteration   |Rhs|      factor     |step|     error   #inner  #iterative  time
------------------------------------------------------------------------------
    0      2.92e+06                                                      0.06
    1      4.14e+03   1.00e+00   1.20e-03   6.99e+01    0         1      0.15
    2      1.09e-03   1.00e+00   8.82e-07   2.31e-02    0         1      0.25
Finished, because...
Error smaller than 1 ( 2.3109E-02 ).

Accumulated times:
Assembly time:        0.21 s
Solve time:      0.03 s
Total time:      0.25 s

contact        voltage     electron current    hole current     total current
 drain_conta  5.000E-02       7.661E-06         1.633E-22        7.661E-06
 gate_contac  1.440E-01      -3.413E-08         0.000E+00       -3.413E-08
 source_cont  0.000E+00      -7.627E-06        -1.578E-22       -7.627E-06


Computing BE-step from 1.0552e-07 s to 1.0554e-07 s (Stepsize: 2.0000e-11 s)
Extrapolating values for t = 1.0554e-07 ... done.
Computing Coupled( 1 poisson-equation(s) , 1 current-contact-equation(s) , 
                   1 electron-equation(s) , 1 hole-equation(s) ) 
using Bank/Rose nonlinear solver.

Iteration   |Rhs|      factor     |step|     error   #inner  #iterative  time
------------------------------------------------------------------------------
    0      7.95e+06                                                      0.05
    1      2.88e+04   1.00e+00   3.26e-03   1.89e+02    0         1      0.11
    2      4.44e-02   1.00e+00   6.52e-06   1.73e-01    0         1      0.17
Finished, because...
Error smaller than 1 ( 1.7288E-01 ).

Accumulated times:
Assembly time:        0.15 s
Solve time:      0.02 s
Total time:      0.17 s

contact        voltage     electron current    hole current     total current
 drain_conta  5.000E-02       7.455E-06         1.654E-22        7.455E-06
 gate_contac  1.380E-01      -3.388E-08         0.000E+00       -3.388E-08
 source_cont  0.000E+00      -7.421E-06        -1.595E-22       -7.421E-06


Computing BE-step from 1.0554e-07 s to 1.0556e-07 s (Stepsize: 2.0000e-11 s)
Extrapolating values for t = 1.0556e-07 ... done.
Computing Coupled( 1 poisson-equation(s) , 1 current-contact-equation(s) , 
                   1 electron-equation(s) , 1 hole-equation(s) ) 
using Bank/Rose nonlinear solver.

Iteration   |Rhs|      factor     |step|     error   #inner  #iterative  time
------------------------------------------------------------------------------
    0      3.20e+06                                                      0.03
    1      4.58e+03   1.00e+00   1.33e-03   7.56e+01    0         1      0.09
    2      1.21e-03   1.00e+00   1.12e-06   2.80e-02    0         1      0.15
Finished, because...
Error smaller than 1 ( 2.8032E-02 ).

Accumulated times:
Assembly time:        0.13 s
Solve time:      0.02 s
Total time:      0.15 s

contact        voltage     electron current    hole current     total current
 drain_conta  5.000E-02       7.247E-06         1.676E-22        7.247E-06
 gate_contac  1.320E-01      -3.361E-08         0.000E+00       -3.361E-08
 source_cont  0.000E+00      -7.214E-06        -1.613E-22       -7.214E-06


Computing BE-step from 1.0556e-07 s to 1.0558e-07 s (Stepsize: 2.0000e-11 s)
Extrapolating values for t = 1.0558e-07 ... done.
Computing Coupled( 1 poisson-equation(s) , 1 current-contact-equation(s) , 
                   1 electron-equation(s) , 1 hole-equation(s) ) 
using Bank/Rose nonlinear solver.

Iteration   |Rhs|      factor     |step|     error   #inner  #iterative  time
------------------------------------------------------------------------------
    0      8.88e+06                                                      0.04
    1      3.17e+04   1.00e+00   3.58e-03   2.05e+02    0         1      0.09
    2      5.18e-02   1.00e+00   8.10e-06   2.09e-01    0         1      0.15
Finished, because...
Error smaller than 1 ( 2.0899E-01 ).

Accumulated times:
Assembly time:        0.11 s
Solve time:      0.03 s
Total time:      0.15 s

contact        voltage     electron current    hole current     total current
 drain_conta  5.000E-02       7.038E-06         1.698E-22        7.038E-06
 gate_contac  1.260E-01      -3.334E-08         0.000E+00       -3.334E-08
 source_cont  0.000E+00      -7.004E-06        -1.631E-22       -7.004E-06


Computing BE-step from 1.0558e-07 s to 1.0560e-07 s (Stepsize: 2.0000e-11 s)
Extrapolating values for t = 1.0560e-07 ... done.
Computing Coupled( 1 poisson-equation(s) , 1 current-contact-equation(s) , 
                   1 electron-equation(s) , 1 hole-equation(s) ) 
using Bank/Rose nonlinear solver.

Iteration   |Rhs|      factor     |step|     error   #inner  #iterative  time
------------------------------------------------------------------------------
    0      3.09e+06                                                      0.04
    1      5.01e+03   1.00e+00   1.43e-03   8.25e+01    0         1      0.10
    2      1.29e-03   1.00e+00   1.28e-06   3.34e-02    0         1      0.17
Finished, because...
Error smaller than 1 ( 3.3403E-02 ).

Accumulated times:
Assembly time:        0.14 s
Solve time:      0.03 s
Total time:      0.17 s

contact        voltage     electron current    hole current     total current
 drain_conta  5.000E-02       6.826E-06         1.721E-22        6.826E-06
 gate_contac  1.200E-01      -3.306E-08         0.000E+00       -3.306E-08
 source_cont  0.000E+00      -6.793E-06        -1.649E-22       -6.793E-06


Computing BE-step from 1.0560e-07 s to 1.0562e-07 s (Stepsize: 2.0000e-11 s)
Extrapolating values for t = 1.0562e-07 ... done.
Computing Coupled( 1 poisson-equation(s) , 1 current-contact-equation(s) , 
                   1 electron-equation(s) , 1 hole-equation(s) ) 
using Bank/Rose nonlinear solver.

Iteration   |Rhs|      factor     |step|     error   #inner  #iterative  time
------------------------------------------------------------------------------
    0      7.86e+06                                                      0.04
    1      3.46e+04   1.00e+00   3.88e-03   2.24e+02    0         1      0.10
    2      5.77e-02   1.00e+00   9.30e-06   2.50e-01    0         1      0.17
Finished, because...
Error smaller than 1 ( 2.4982E-01 ).

Accumulated times:
Assembly time:        0.13 s
Solve time:      0.04 s
Total time:      0.17 s

contact        voltage     electron current    hole current     total current
 drain_conta  5.000E-02       6.613E-06         1.744E-22        6.613E-06
 gate_contac  1.140E-01      -3.277E-08         0.000E+00       -3.277E-08
 source_cont  0.000E+00      -6.580E-06        -1.667E-22       -6.580E-06


Computing BE-step from 1.0562e-07 s to 1.0564e-07 s (Stepsize: 2.0000e-11 s)
Extrapolating values for t = 1.0564e-07 ... done.
Computing Coupled( 1 poisson-equation(s) , 1 current-contact-equation(s) , 
                   1 electron-equation(s) , 1 hole-equation(s) ) 
using Bank/Rose nonlinear solver.

Iteration   |Rhs|      factor     |step|     error   #inner  #iterative  time
------------------------------------------------------------------------------
    0      2.96e+06                                                      0.03
    1      5.46e+03   1.00e+00   1.58e-03   9.07e+01    0         1      0.09
    2      1.31e-03   1.00e+00   1.54e-06   4.04e-02    0         1      0.15
Finished, because...
Error smaller than 1 ( 4.0356E-02 ).

Accumulated times:
Assembly time:        0.13 s
Solve time:      0.02 s
Total time:      0.15 s

contact        voltage     electron current    hole current     total current
 drain_conta  5.000E-02       6.398E-06         1.768E-22        6.398E-06
 gate_contac  1.080E-01      -3.246E-08         0.000E+00       -3.246E-08
 source_cont  0.000E+00      -6.366E-06        -1.686E-22       -6.366E-06


Computing BE-step from 1.0564e-07 s to 1.0566e-07 s (Stepsize: 2.0000e-11 s)
Extrapolating values for t = 1.0566e-07 ... done.
Computing Coupled( 1 poisson-equation(s) , 1 current-contact-equation(s) , 
                   1 electron-equation(s) , 1 hole-equation(s) ) 
using Bank/Rose nonlinear solver.

Iteration   |Rhs|      factor     |step|     error   #inner  #iterative  time
------------------------------------------------------------------------------
    0      7.59e+06                                                      0.04
    1      3.79e+04   1.00e+00   4.27e-03   2.46e+02    0         1      0.10
    2      6.28e-02   1.00e+00   1.12e-05   3.02e-01    0         1      0.16
Finished, because...
Error smaller than 1 ( 3.0167E-01 ).

Accumulated times:
Assembly time:        0.14 s
Solve time:      0.02 s
Total time:      0.16 s

contact        voltage     electron current    hole current     total current
 drain_conta  5.000E-02       6.182E-06         1.793E-22        6.182E-06
 gate_contac  1.020E-01      -3.214E-08         0.000E+00       -3.214E-08
 source_cont  0.000E+00      -6.150E-06        -1.705E-22       -6.150E-06


Computing BE-step from 1.0566e-07 s to 1.0568e-07 s (Stepsize: 2.0000e-11 s)
Extrapolating values for t = 1.0568e-07 ... done.
Computing Coupled( 1 poisson-equation(s) , 1 current-contact-equation(s) , 
                   1 electron-equation(s) , 1 hole-equation(s) ) 
using Bank/Rose nonlinear solver.

Iteration   |Rhs|      factor     |step|     error   #inner  #iterative  time
------------------------------------------------------------------------------
    0      2.82e+06                                                      0.04
    1      6.13e+03   1.00e+00   1.73e-03   9.84e+01    0         1      0.10
    2      1.53e-03   1.00e+00   1.84e-06   4.84e-02    0         1      0.16
Finished, because...
Error smaller than 1 ( 4.8449E-02 ).

Accumulated times:
Assembly time:        0.13 s
Solve time:      0.02 s
Total time:      0.16 s

contact        voltage     electron current    hole current     total current
 drain_conta  5.000E-02       5.964E-06         1.818E-22        5.964E-06
 gate_contac  9.600E-02      -3.179E-08         0.000E+00       -3.179E-08
 source_cont  0.000E+00      -5.932E-06        -1.723E-22       -5.932E-06


Computing BE-step from 1.0568e-07 s to 1.0570e-07 s (Stepsize: 2.0000e-11 s)
Extrapolating values for t = 1.0570e-07 ... done.
Computing Coupled( 1 poisson-equation(s) , 1 current-contact-equation(s) , 
                   1 electron-equation(s) , 1 hole-equation(s) ) 
using Bank/Rose nonlinear solver.

Iteration   |Rhs|      factor     |step|     error   #inner  #iterative  time
------------------------------------------------------------------------------
    0      7.60e+06                                                      0.05
    1      4.23e+04   1.00e+00   4.70e-03   2.68e+02    0         1      0.11
    2      8.38e-02   1.00e+00   1.35e-05   3.67e-01    0         1      0.17
Finished, because...
Error smaller than 1 ( 3.6713E-01 ).

Accumulated times:
Assembly time:        0.15 s
Solve time:      0.02 s
Total time:      0.17 s

contact        voltage     electron current    hole current     total current
 drain_conta  5.000E-02       5.744E-06         1.844E-22        5.744E-06
 gate_contac  9.000E-02      -3.145E-08         0.000E+00       -3.145E-08
 source_cont  0.000E+00      -5.713E-06        -1.741E-22       -5.713E-06


Computing BE-step from 1.0570e-07 s to 1.0572e-07 s (Stepsize: 2.0000e-11 s)
Extrapolating values for t = 1.0572e-07 ... done.
Computing Coupled( 1 poisson-equation(s) , 1 current-contact-equation(s) , 
                   1 electron-equation(s) , 1 hole-equation(s) ) 
using Bank/Rose nonlinear solver.

Iteration   |Rhs|      factor     |step|     error   #inner  #iterative  time
------------------------------------------------------------------------------
    0      3.06e+06                                                      0.04
    1      6.77e+03   1.00e+00   1.95e-03   1.08e+02    0         1      0.12
    2      2.71e-03   1.00e+00   2.39e-06   6.27e-02    0         1      0.22
Finished, because...
Error smaller than 1 ( 6.2700E-02 ).

Accumulated times:
Assembly time:        0.18 s
Solve time:      0.04 s
Total time:      0.22 s

contact        voltage     electron current    hole current     total current
 drain_conta  5.000E-02       5.523E-06         1.870E-22        5.523E-06
 gate_contac  8.400E-02      -3.107E-08         0.000E+00       -3.107E-08
 source_cont  0.000E+00      -5.492E-06        -1.758E-22       -5.492E-06


Computing BE-step from 1.0572e-07 s to 1.0574e-07 s (Stepsize: 2.0000e-11 s)
Extrapolating values for t = 1.0574e-07 ... done.
Computing Coupled( 1 poisson-equation(s) , 1 current-contact-equation(s) , 
                   1 electron-equation(s) , 1 hole-equation(s) ) 
using Bank/Rose nonlinear solver.

Iteration   |Rhs|      factor     |step|     error   #inner  #iterative  time
------------------------------------------------------------------------------
    0      8.55e+06                                                      0.06
    1      4.67e+04   1.00e+00   5.28e-03   2.95e+02    0         1      0.12
    2      1.47e-01   1.00e+00   1.79e-05   4.88e-01    0         1      0.18
Finished, because...
Error smaller than 1 ( 4.8760E-01 ).

Accumulated times:
Assembly time:        0.15 s
Solve time:      0.02 s
Total time:      0.18 s

contact        voltage     electron current    hole current     total current
 drain_conta  5.000E-02       5.300E-06         1.897E-22        5.300E-06
 gate_contac  7.800E-02      -3.068E-08         0.000E+00       -3.068E-08
 source_cont  0.000E+00      -5.269E-06        -1.775E-22       -5.269E-06


Computing BE-step from 1.0574e-07 s to 1.0576e-07 s (Stepsize: 2.0000e-11 s)
Extrapolating values for t = 1.0576e-07 ... done.
Computing Coupled( 1 poisson-equation(s) , 1 current-contact-equation(s) , 
                   1 electron-equation(s) , 1 hole-equation(s) ) 
using Bank/Rose nonlinear solver.

Iteration   |Rhs|      factor     |step|     error   #inner  #iterative  time
------------------------------------------------------------------------------
    0      2.71e+06                                                      0.04
    1      7.47e+03   1.00e+00   2.17e-03   1.17e+02    0         1      0.10
    2      3.63e-03   1.00e+00   2.98e-06   7.87e-02    0         1      0.17
Finished, because...
Error smaller than 1 ( 7.8692E-02 ).

Accumulated times:
Assembly time:        0.13 s
Solve time:      0.04 s
Total time:      0.17 s

contact        voltage     electron current    hole current     total current
 drain_conta  5.000E-02       5.074E-06         1.923E-22        5.074E-06
 gate_contac  7.200E-02      -3.026E-08         0.000E+00       -3.026E-08
 source_cont  0.000E+00      -5.044E-06        -1.791E-22       -5.044E-06


Computing BE-step from 1.0576e-07 s to 1.0578e-07 s (Stepsize: 2.0000e-11 s)
Extrapolating values for t = 1.0578e-07 ... done.
Computing Coupled( 1 poisson-equation(s) , 1 current-contact-equation(s) , 
                   1 electron-equation(s) , 1 hole-equation(s) ) 
using Bank/Rose nonlinear solver.

Iteration   |Rhs|      factor     |step|     error   #inner  #iterative  time
------------------------------------------------------------------------------
    0      7.09e+06                                                      0.06
    1      5.09e+04   1.00e+00   5.87e-03   3.22e+02    0         1      0.16
    2      1.72e-01   1.00e+00   2.14e-05   5.90e-01    0         1      0.24
Finished, because...
Error smaller than 1 ( 5.8974E-01 ).

Accumulated times:
Assembly time:        0.20 s
Solve time:      0.04 s
Total time:      0.24 s

contact        voltage     electron current    hole current     total current
 drain_conta  5.000E-02       4.847E-06         1.950E-22        4.847E-06
 gate_contac  6.600E-02      -2.984E-08         0.000E+00       -2.984E-08
 source_cont  0.000E+00      -4.818E-06        -1.806E-22       -4.818E-06


Computing BE-step from 1.0578e-07 s to 1.0580e-07 s (Stepsize: 2.0000e-11 s)
Extrapolating values for t = 1.0580e-07 ... done.
Computing Coupled( 1 poisson-equation(s) , 1 current-contact-equation(s) , 
                   1 electron-equation(s) , 1 hole-equation(s) ) 
using Bank/Rose nonlinear solver.

Iteration   |Rhs|      factor     |step|     error   #inner  #iterative  time
------------------------------------------------------------------------------
    0      2.87e+06                                                      0.04
    1      7.91e+03   1.00e+00   2.39e-03   1.33e+02    0         1      0.10
    2      4.18e-03   1.00e+00   3.39e-06   9.58e-02    0         1      0.17
Finished, because...
Error smaller than 1 ( 9.5754E-02 ).

Accumulated times:
Assembly time:        0.14 s
Solve time:      0.03 s
Total time:      0.17 s

contact        voltage     electron current    hole current     total current
 drain_conta  5.000E-02       4.619E-06         1.978E-22        4.619E-06
 gate_contac  6.000E-02      -2.940E-08         0.000E+00       -2.940E-08
 source_cont  0.000E+00      -4.590E-06        -1.819E-22       -4.590E-06


Computing BE-step from 1.0580e-07 s to 1.0582e-07 s (Stepsize: 2.0000e-11 s)
Extrapolating values for t = 1.0582e-07 ... done.
Computing Coupled( 1 poisson-equation(s) , 1 current-contact-equation(s) , 
                   1 electron-equation(s) , 1 hole-equation(s) ) 
using Bank/Rose nonlinear solver.

Iteration   |Rhs|      factor     |step|     error   #inner  #iterative  time
------------------------------------------------------------------------------
    0      7.34e+06                                                      0.05
    1      5.45e+04   1.00e+00   6.49e-03   3.60e+02    0         1      0.14
    2      2.28e-01   1.00e+00   2.46e-05   7.29e-01    0         1      0.23
Finished, because...
Error smaller than 1 ( 7.2854E-01 ).

Accumulated times:
Assembly time:        0.19 s
Solve time:      0.04 s
Total time:      0.23 s

contact        voltage     electron current    hole current     total current
 drain_conta  5.000E-02       4.389E-06         2.005E-22        4.389E-06
 gate_contac  5.400E-02      -2.894E-08         0.000E+00       -2.894E-08
 source_cont  0.000E+00      -4.360E-06        -1.831E-22       -4.360E-06


Computing BE-step from 1.0582e-07 s to 1.0584e-07 s (Stepsize: 2.0000e-11 s)
Extrapolating values for t = 1.0584e-07 ... done.
Computing Coupled( 1 poisson-equation(s) , 1 current-contact-equation(s) , 
                   1 electron-equation(s) , 1 hole-equation(s) ) 
using Bank/Rose nonlinear solver.

Iteration   |Rhs|      factor     |step|     error   #inner  #iterative  time
------------------------------------------------------------------------------
    0      2.92e+06                                                      0.06
    1      8.65e+03   1.00e+00   2.64e-03   1.48e+02    0         1      0.15
    2      8.00e-03   1.00e+00   4.12e-06   1.28e-01    0         1      0.25
Finished, because...
Error smaller than 1 ( 1.2797E-01 ).

Accumulated times:
Assembly time:        0.21 s
Solve time:      0.04 s
Total time:      0.25 s

contact        voltage     electron current    hole current     total current
 drain_conta  5.000E-02       4.157E-06         2.032E-22        4.157E-06
 gate_contac  4.800E-02      -2.847E-08         0.000E+00       -2.847E-08
 source_cont  0.000E+00      -4.129E-06        -1.840E-22       -4.129E-06


Computing BE-step from 1.0584e-07 s to 1.0586e-07 s (Stepsize: 2.0000e-11 s)
Extrapolating values for t = 1.0586e-07 ... done.
Computing Coupled( 1 poisson-equation(s) , 1 current-contact-equation(s) , 
                   1 electron-equation(s) , 1 hole-equation(s) ) 
using Bank/Rose nonlinear solver.

Iteration   |Rhs|      factor     |step|     error   #inner  #iterative  time
------------------------------------------------------------------------------
    0      7.33e+06                                                      0.05
    1      5.91e+04   1.00e+00   7.17e-03   4.03e+02    0         1      0.12
    2      4.67e-01   1.00e+00   3.11e-05   1.03e+00    0         1      0.18
    3      3.10e-04   1.00e+00   3.24e-10   7.87e-06    0         1      0.24
Finished, because...
Error smaller than 1 ( 7.8744E-06 ).

Accumulated times:
Assembly time:        0.20 s
Solve time:      0.04 s
Total time:      0.24 s

contact        voltage     electron current    hole current     total current
 drain_conta  5.000E-02       3.924E-06         2.059E-22        3.924E-06
 gate_contac  4.200E-02      -2.797E-08         0.000E+00       -2.797E-08
 source_cont  0.000E+00      -3.896E-06        -1.847E-22       -3.896E-06


Computing BE-step from 1.0586e-07 s to 1.0588e-07 s (Stepsize: 2.0000e-11 s)
Extrapolating values for t = 1.0588e-07 ... done.
Computing Coupled( 1 poisson-equation(s) , 1 current-contact-equation(s) , 
                   1 electron-equation(s) , 1 hole-equation(s) ) 
using Bank/Rose nonlinear solver.

Iteration   |Rhs|      factor     |step|     error   #inner  #iterative  time
------------------------------------------------------------------------------
    0      2.61e+06                                                      0.04
    1      9.30e+03   1.00e+00   2.98e-03   1.60e+02    0         1      0.09
    2      1.27e-02   1.00e+00   5.47e-06   1.76e-01    0         1      0.15
Finished, because...
Error smaller than 1 ( 1.7621E-01 ).

Accumulated times:
Assembly time:        0.12 s
Solve time:      0.02 s
Total time:      0.15 s

contact        voltage     electron current    hole current     total current
 drain_conta  5.000E-02       3.692E-06         2.087E-22        3.692E-06
 gate_contac  3.600E-02      -2.742E-08         0.000E+00       -2.742E-08
 source_cont  0.000E+00      -3.664E-06        -1.851E-22       -3.664E-06


Computing BE-step from 1.0588e-07 s to 1.0590e-07 s (Stepsize: 2.0000e-11 s)
Extrapolating values for t = 1.0590e-07 ... done.
Computing Coupled( 1 poisson-equation(s) , 1 current-contact-equation(s) , 
                   1 electron-equation(s) , 1 hole-equation(s) ) 
using Bank/Rose nonlinear solver.

Iteration   |Rhs|      factor     |step|     error   #inner  #iterative  time
------------------------------------------------------------------------------
    0      6.77e+06                                                      0.04
    1      6.30e+04   1.00e+00   8.06e-03   4.37e+02    0         1      0.10
    2      9.76e-01   1.00e+00   3.93e-05   1.35e+00    0         1      0.20
    3      3.15e-04   1.00e+00   5.13e-10   1.49e-05    0         1      0.29
Finished, because...
Error smaller than 1 ( 1.4914E-05 ).

Accumulated times:
Assembly time:        0.24 s
Solve time:      0.05 s
Total time:      0.29 s

contact        voltage     electron current    hole current     total current
 drain_conta  5.000E-02       3.461E-06         2.114E-22        3.461E-06
 gate_contac  3.000E-02      -2.686E-08         0.000E+00       -2.686E-08
 source_cont  0.000E+00      -3.434E-06        -1.852E-22       -3.434E-06


Computing BE-step from 1.0590e-07 s to 1.0592e-07 s (Stepsize: 2.0000e-11 s)
Extrapolating values for t = 1.0592e-07 ... done.
Computing Coupled( 1 poisson-equation(s) , 1 current-contact-equation(s) , 
                   1 electron-equation(s) , 1 hole-equation(s) ) 
using Bank/Rose nonlinear solver.

Iteration   |Rhs|      factor     |step|     error   #inner  #iterative  time
------------------------------------------------------------------------------
    0      2.55e+06                                                      0.06
    1      9.66e+03   1.00e+00   3.28e-03   1.80e+02    0         1      0.15
    2      2.71e-02   1.00e+00   6.28e-06   2.28e-01    0         1      0.24
Finished, because...
Error smaller than 1 ( 2.2824E-01 ).

Accumulated times:
Assembly time:        0.20 s
Solve time:      0.04 s
Total time:      0.24 s

contact        voltage     electron current    hole current     total current
 drain_conta  5.000E-02       3.230E-06         2.141E-22        3.230E-06
 gate_contac  2.400E-02      -2.628E-08         0.000E+00       -2.628E-08
 source_cont  0.000E+00      -3.204E-06        -1.848E-22       -3.204E-06


Computing BE-step from 1.0592e-07 s to 1.0594e-07 s (Stepsize: 2.0000e-11 s)
Extrapolating values for t = 1.0594e-07 ... done.
Computing Coupled( 1 poisson-equation(s) , 1 current-contact-equation(s) , 
                   1 electron-equation(s) , 1 hole-equation(s) ) 
using Bank/Rose nonlinear solver.

Iteration   |Rhs|      factor     |step|     error   #inner  #iterative  time
------------------------------------------------------------------------------
    0      6.67e+06                                                      0.06
    1      6.50e+04   1.00e+00   8.86e-03   4.97e+02    0         1      0.15
    2      1.55e+00   1.00e+00   4.57e-05   1.78e+00    0         1      0.22
    3      3.60e-04   1.00e+00   6.58e-10   2.55e-05    0         1      0.29
Finished, because...
Error smaller than 1 ( 2.5545E-05 ).

Accumulated times:
Assembly time:        0.23 s
Solve time:      0.05 s
Total time:      0.29 s

contact        voltage     electron current    hole current     total current
 drain_conta  5.000E-02       3.001E-06         2.169E-22        3.001E-06
 gate_contac  1.800E-02      -2.571E-08         0.000E+00       -2.571E-08
 source_cont  0.000E+00      -2.975E-06        -1.840E-22       -2.975E-06


Computing BE-step from 1.0594e-07 s to 1.0596e-07 s (Stepsize: 2.0000e-11 s)
Extrapolating values for t = 1.0596e-07 ... done.
Computing Coupled( 1 poisson-equation(s) , 1 current-contact-equation(s) , 
                   1 electron-equation(s) , 1 hole-equation(s) ) 
using Bank/Rose nonlinear solver.

Iteration   |Rhs|      factor     |step|     error   #inner  #iterative  time
------------------------------------------------------------------------------
    0      2.55e+06                                                      0.04
    1      9.93e+03   1.00e+00   3.58e-03   2.12e+02    0         1      0.11
    2      4.27e-02   1.00e+00   6.81e-06   2.82e-01    0         1      0.18
Finished, because...
Error smaller than 1 ( 2.8216E-01 ).

Accumulated times:
Assembly time:        0.14 s
Solve time:      0.04 s
Total time:      0.18 s

contact        voltage     electron current    hole current     total current
 drain_conta  5.000E-02       2.773E-06         2.196E-22        2.773E-06
 gate_contac  1.200E-02      -2.511E-08         0.000E+00       -2.511E-08
 source_cont  0.000E+00      -2.748E-06        -1.828E-22       -2.748E-06


Computing BE-step from 1.0596e-07 s to 1.0598e-07 s (Stepsize: 2.0000e-11 s)
Extrapolating values for t = 1.0598e-07 ... done.
Computing Coupled( 1 poisson-equation(s) , 1 current-contact-equation(s) , 
                   1 electron-equation(s) , 1 hole-equation(s) ) 
using Bank/Rose nonlinear solver.

Iteration   |Rhs|      factor     |step|     error   #inner  #iterative  time
------------------------------------------------------------------------------
    0      6.67e+06                                                      0.05
    1      6.65e+04   1.00e+00   9.68e-03   5.76e+02    0         1      0.11
    2      2.15e+00   1.00e+00   4.94e-05   2.17e+00    0         1      0.17
    3      3.07e-04   1.00e+00   7.32e-10   3.51e-05    0         1      0.25
Finished, because...
Error smaller than 1 ( 3.5131E-05 ).

Accumulated times:
Assembly time:        0.20 s
Solve time:      0.03 s
Total time:      0.25 s

contact        voltage     electron current    hole current     total current
 drain_conta  5.000E-02       2.550E-06         2.223E-22        2.550E-06
 gate_contac  6.000E-03      -2.446E-08         0.000E+00       -2.446E-08
 source_cont  0.000E+00      -2.525E-06        -1.809E-22       -2.525E-06


Computing BE-step from 1.0598e-07 s to 1.0600e-07 s (Stepsize: 2.0000e-11 s)
Extrapolating values for t = 1.0600e-07 ... done.
Computing Coupled( 1 poisson-equation(s) , 1 current-contact-equation(s) , 
                   1 electron-equation(s) , 1 hole-equation(s) ) 
using Bank/Rose nonlinear solver.

Iteration   |Rhs|      factor     |step|     error   #inner  #iterative  time
------------------------------------------------------------------------------
    0      2.55e+06                                                      0.04
    1      1.02e+04   1.00e+00   3.90e-03   2.38e+02    0         1      0.13
    2      4.17e-02   1.00e+00   7.25e-06   3.46e-01    0         1      0.23
Finished, because...
Error smaller than 1 ( 3.4587E-01 ).

Accumulated times:
Assembly time:        0.19 s
Solve time:      0.03 s
Total time:      0.23 s

contact        voltage     electron current    hole current     total current
 drain_conta  5.000E-02       2.331E-06         2.250E-22        2.331E-06
 gate_contac  0.000E+00      -2.382E-08         0.000E+00       -2.382E-08
 source_cont  0.000E+00      -2.307E-06        -1.783E-22       -2.307E-06



Finished, because...
Curve trace finished.

Writing plot 'n3_des.tdr' (TDR format) ... done.

Tue Mar 24 21:21:34 2026: checked in 1 sdevice-ferro license(s)
Tue Mar 24 21:21:34 2026: checked in 1 sdevice-traps license(s)
Tue Mar 24 21:21:34 2026: checked in 1 sdevice license(s)

******************************************************************************
Sentaurus Device peak memory usage: 184 megabytes
Sentaurus Device simulation times:
  wallclock: 99.35 s (0 h:01 m:39 s)
  total cpu: 99.32 s (0 h:01 m:39 s)
Sentaurus Device simulation finished (Date: Tue Mar 24 21:21:34 2026  (BDT)).
********************************* Good Bye ! *********************************
